solar_date,lunar_year,lunar_month,lunar_day,is_leap_month,lunar_month_label,lunar_day_label,ganzhi,zodiac,solar_term
2020-01-01,2019,12,7,false,十二月,初七,己亥,豬,
2020-01-02,2019,12,8,false,十二月,初八,己亥,豬,
2020-01-03,2019,12,9,false,十二月,初九,己亥,豬,
2020-01-04,2019,12,10,false,十二月,初十,己亥,豬,
2020-01-05,2019,12,11,false,十二月,十一,己亥,豬,
2020-01-06,2019,12,12,false,十二月,十二,己亥,豬,小寒
2020-01-07,2019,12,13,false,十二月,十三,己亥,豬,
2020-01-08,2019,12,14,false,十二月,十四,己亥,豬,
2020-01-09,2019,12,15,false,十二月,十五,己亥,豬,
2020-01-10,2019,12,16,false,十二月,十六,己亥,豬,
2020-01-11,2019,12,17,false,十二月,十七,己亥,豬,
2020-01-12,2019,12,18,false,十二月,十八,己亥,豬,
2020-01-13,2019,12,19,false,十二月,十九,己亥,豬,
2020-01-14,2019,12,20,false,十二月,二十,己亥,豬,
2020-01-15,2019,12,21,false,十二月,廿一,己亥,豬,
2020-01-16,2019,12,22,false,十二月,廿二,己亥,豬,
2020-01-17,2019,12,23,false,十二月,廿三,己亥,豬,
2020-01-18,2019,12,24,false,十二月,廿四,己亥,豬,
2020-01-19,2019,12,25,false,十二月,廿五,己亥,豬,
2020-01-20,2019,12,26,false,十二月,廿六,己亥,豬,大寒
2020-01-21,2019,12,27,false,十二月,廿七,己亥,豬,
2020-01-22,2019,12,28,false,十二月,廿八,己亥,豬,
2020-01-23,2019,12,29,false,十二月,廿九,己亥,豬,
2020-01-24,2019,12,30,false,十二月,三十,己亥,豬,
2020-01-25,2020,1,1,false,一月,初一,庚子,鼠,
2020-01-26,2020,1,2,false,一月,初二,庚子,鼠,
2020-01-27,2020,1,3,false,一月,初三,庚子,鼠,
2020-01-28,2020,1,4,false,一月,初四,庚子,鼠,
2020-01-29,2020,1,5,false,一月,初五,庚子,鼠,
2020-01-30,2020,1,6,false,一月,初六,庚子,鼠,
2020-01-31,2020,1,7,false,一月,初七,庚子,鼠,
2020-02-01,2020,1,8,false,一月,初八,庚子,鼠,
2020-02-02,2020,1,9,false,一月,初九,庚子,鼠,
2020-02-03,2020,1,10,false,一月,初十,庚子,鼠,
2020-02-04,2020,1,11,false,一月,十一,庚子,鼠,立春
2020-02-05,2020,1,12,false,一月,十二,庚子,鼠,
2020-02-06,2020,1,13,false,一月,十三,庚子,鼠,
2020-02-07,2020,1,14,false,一月,十四,庚子,鼠,
2020-02-08,2020,1,15,false,一月,十五,庚子,鼠,
2020-02-09,2020,1,16,false,一月,十六,庚子,鼠,
2020-02-10,2020,1,17,false,一月,十七,庚子,鼠,
2020-02-11,2020,1,18,false,一月,十八,庚子,鼠,
2020-02-12,2020,1,19,false,一月,十九,庚子,鼠,
2020-02-13,2020,1,20,false,一月,二十,庚子,鼠,
2020-02-14,2020,1,21,false,一月,廿一,庚子,鼠,
2020-02-15,2020,1,22,false,一月,廿二,庚子,鼠,
2020-02-16,2020,1,23,false,一月,廿三,庚子,鼠,
2020-02-17,2020,1,24,false,一月,廿四,庚子,鼠,
2020-02-18,2020,1,25,false,一月,廿五,庚子,鼠,
2020-02-19,2020,1,26,false,一月,廿六,庚子,鼠,雨水
2020-02-20,2020,1,27,false,一月,廿七,庚子,鼠,
2020-02-21,2020,1,28,false,一月,廿八,庚子,鼠,
2020-02-22,2020,1,29,false,一月,廿九,庚子,鼠,
2020-02-23,2020,2,1,false,二月,初一,庚子,鼠,
2020-02-24,2020,2,2,false,二月,初二,庚子,鼠,
2020-02-25,2020,2,3,false,二月,初三,庚子,鼠,
2020-02-26,2020,2,4,false,二月,初四,庚子,鼠,
2020-02-27,2020,2,5,false,二月,初五,庚子,鼠,
2020-02-28,2020,2,6,false,二月,初六,庚子,鼠,
2020-02-29,2020,2,7,false,二月,初七,庚子,鼠,
2020-03-01,2020,2,8,false,二月,初八,庚子,鼠,
2020-03-02,2020,2,9,false,二月,初九,庚子,鼠,
2020-03-03,2020,2,10,false,二月,初十,庚子,鼠,
2020-03-04,2020,2,11,false,二月,十一,庚子,鼠,
2020-03-05,2020,2,12,false,二月,十二,庚子,鼠,驚蟄
2020-03-06,2020,2,13,false,二月,十三,庚子,鼠,
2020-03-07,2020,2,14,false,二月,十四,庚子,鼠,
2020-03-08,2020,2,15,false,二月,十五,庚子,鼠,
2020-03-09,2020,2,16,false,二月,十六,庚子,鼠,
2020-03-10,2020,2,17,false,二月,十七,庚子,鼠,
2020-03-11,2020,2,18,false,二月,十八,庚子,鼠,
2020-03-12,2020,2,19,false,二月,十九,庚子,鼠,
2020-03-13,2020,2,20,false,二月,二十,庚子,鼠,
2020-03-14,2020,2,21,false,二月,廿一,庚子,鼠,
2020-03-15,2020,2,22,false,二月,廿二,庚子,鼠,
2020-03-16,2020,2,23,false,二月,廿三,庚子,鼠,
2020-03-17,2020,2,24,false,二月,廿四,庚子,鼠,
2020-03-18,2020,2,25,false,二月,廿五,庚子,鼠,
2020-03-19,2020,2,26,false,二月,廿六,庚子,鼠,
2020-03-20,2020,2,27,false,二月,廿七,庚子,鼠,春分
2020-03-21,2020,2,28,false,二月,廿八,庚子,鼠,
2020-03-22,2020,2,29,false,二月,廿九,庚子,鼠,
2020-03-23,2020,2,30,false,二月,三十,庚子,鼠,
2020-03-24,2020,3,1,false,三月,初一,庚子,鼠,
2020-03-25,2020,3,2,false,三月,初二,庚子,鼠,
2020-03-26,2020,3,3,false,三月,初三,庚子,鼠,
2020-03-27,2020,3,4,false,三月,初四,庚子,鼠,
2020-03-28,2020,3,5,false,三月,初五,庚子,鼠,
2020-03-29,2020,3,6,false,三月,初六,庚子,鼠,
2020-03-30,2020,3,7,false,三月,初七,庚子,鼠,
2020-03-31,2020,3,8,false,三月,初八,庚子,鼠,
2020-04-01,2020,3,9,false,三月,初九,庚子,鼠,
2020-04-02,2020,3,10,false,三月,初十,庚子,鼠,
2020-04-03,2020,3,11,false,三月,十一,庚子,鼠,
2020-04-04,2020,3,12,false,三月,十二,庚子,鼠,清明
2020-04-05,2020,3,13,false,三月,十三,庚子,鼠,
2020-04-06,2020,3,14,false,三月,十四,庚子,鼠,
2020-04-07,2020,3,15,false,三月,十五,庚子,鼠,
2020-04-08,2020,3,16,false,三月,十六,庚子,鼠,
2020-04-09,2020,3,17,false,三月,十七,庚子,鼠,
2020-04-10,2020,3,18,false,三月,十八,庚子,鼠,
2020-04-11,2020,3,19,false,三月,十九,庚子,鼠,
2020-04-12,2020,3,20,false,三月,二十,庚子,鼠,
2020-04-13,2020,3,21,false,三月,廿一,庚子,鼠,
2020-04-14,2020,3,22,false,三月,廿二,庚子,鼠,
2020-04-15,2020,3,23,false,三月,廿三,庚子,鼠,
2020-04-16,2020,3,24,false,三月,廿四,庚子,鼠,
2020-04-17,2020,3,25,false,三月,廿五,庚子,鼠,
2020-04-18,2020,3,26,false,三月,廿六,庚子,鼠,
2020-04-19,2020,3,27,false,三月,廿七,庚子,鼠,穀雨
2020-04-20,2020,3,28,false,三月,廿八,庚子,鼠,
2020-04-21,2020,3,29,false,三月,廿九,庚子,鼠,
2020-04-22,2020,3,30,false,三月,三十,庚子,鼠,
2020-04-23,2020,4,1,false,四月,初一,庚子,鼠,
2020-04-24,2020,4,2,false,四月,初二,庚子,鼠,
2020-04-25,2020,4,3,false,四月,初三,庚子,鼠,
2020-04-26,2020,4,4,false,四月,初四,庚子,鼠,
2020-04-27,2020,4,5,false,四月,初五,庚子,鼠,
2020-04-28,2020,4,6,false,四月,初六,庚子,鼠,
2020-04-29,2020,4,7,false,四月,初七,庚子,鼠,
2020-04-30,2020,4,8,false,四月,初八,庚子,鼠,
2020-05-01,2020,4,9,false,四月,初九,庚子,鼠,
2020-05-02,2020,4,10,false,四月,初十,庚子,鼠,
2020-05-03,2020,4,11,false,四月,十一,庚子,鼠,
2020-05-04,2020,4,12,false,四月,十二,庚子,鼠,
2020-05-05,2020,4,13,false,四月,十三,庚子,鼠,立夏
2020-05-06,2020,4,14,false,四月,十四,庚子,鼠,
2020-05-07,2020,4,15,false,四月,十五,庚子,鼠,
2020-05-08,2020,4,16,false,四月,十六,庚子,鼠,
2020-05-09,2020,4,17,false,四月,十七,庚子,鼠,
2020-05-10,2020,4,18,false,四月,十八,庚子,鼠,
2020-05-11,2020,4,19,false,四月,十九,庚子,鼠,
2020-05-12,2020,4,20,false,四月,二十,庚子,鼠,
2020-05-13,2020,4,21,false,四月,廿一,庚子,鼠,
2020-05-14,2020,4,22,false,四月,廿二,庚子,鼠,
2020-05-15,2020,4,23,false,四月,廿三,庚子,鼠,
2020-05-16,2020,4,24,false,四月,廿四,庚子,鼠,
2020-05-17,2020,4,25,false,四月,廿五,庚子,鼠,
2020-05-18,2020,4,26,false,四月,廿六,庚子,鼠,
2020-05-19,2020,4,27,false,四月,廿七,庚子,鼠,
2020-05-20,2020,4,28,false,四月,廿八,庚子,鼠,小滿
2020-05-21,2020,4,29,false,四月,廿九,庚子,鼠,
2020-05-22,2020,4,30,false,四月,三十,庚子,鼠,
2020-05-23,2020,4,1,true,閏四月,初一,庚子,鼠,
2020-05-24,2020,4,2,true,閏四月,初二,庚子,鼠,
2020-05-25,2020,4,3,true,閏四月,初三,庚子,鼠,
2020-05-26,2020,4,4,true,閏四月,初四,庚子,鼠,
2020-05-27,2020,4,5,true,閏四月,初五,庚子,鼠,
2020-05-28,2020,4,6,true,閏四月,初六,庚子,鼠,
2020-05-29,2020,4,7,true,閏四月,初七,庚子,鼠,
2020-05-30,2020,4,8,true,閏四月,初八,庚子,鼠,
2020-05-31,2020,4,9,true,閏四月,初九,庚子,鼠,
2020-06-01,2020,4,10,true,閏四月,初十,庚子,鼠,
2020-06-02,2020,4,11,true,閏四月,十一,庚子,鼠,
2020-06-03,2020,4,12,true,閏四月,十二,庚子,鼠,
2020-06-04,2020,4,13,true,閏四月,十三,庚子,鼠,
2020-06-05,2020,4,14,true,閏四月,十四,庚子,鼠,芒種
2020-06-06,2020,4,15,true,閏四月,十五,庚子,鼠,
2020-06-07,2020,4,16,true,閏四月,十六,庚子,鼠,
2020-06-08,2020,4,17,true,閏四月,十七,庚子,鼠,
2020-06-09,2020,4,18,true,閏四月,十八,庚子,鼠,
2020-06-10,2020,4,19,true,閏四月,十九,庚子,鼠,
2020-06-11,2020,4,20,true,閏四月,二十,庚子,鼠,
2020-06-12,2020,4,21,true,閏四月,廿一,庚子,鼠,
2020-06-13,2020,4,22,true,閏四月,廿二,庚子,鼠,
2020-06-14,2020,4,23,true,閏四月,廿三,庚子,鼠,
2020-06-15,2020,4,24,true,閏四月,廿四,庚子,鼠,
2020-06-16,2020,4,25,true,閏四月,廿五,庚子,鼠,
2020-06-17,2020,4,26,true,閏四月,廿六,庚子,鼠,
2020-06-18,2020,4,27,true,閏四月,廿七,庚子,鼠,
2020-06-19,2020,4,28,true,閏四月,廿八,庚子,鼠,
2020-06-20,2020,4,29,true,閏四月,廿九,庚子,鼠,
2020-06-21,2020,5,1,false,五月,初一,庚子,鼠,夏至
2020-06-22,2020,5,2,false,五月,初二,庚子,鼠,
2020-06-23,2020,5,3,false,五月,初三,庚子,鼠,
2020-06-24,2020,5,4,false,五月,初四,庚子,鼠,
2020-06-25,2020,5,5,false,五月,初五,庚子,鼠,
2020-06-26,2020,5,6,false,五月,初六,庚子,鼠,
2020-06-27,2020,5,7,false,五月,初七,庚子,鼠,
2020-06-28,2020,5,8,false,五月,初八,庚子,鼠,
2020-06-29,2020,5,9,false,五月,初九,庚子,鼠,
2020-06-30,2020,5,10,false,五月,初十,庚子,鼠,
2020-07-01,2020,5,11,false,五月,十一,庚子,鼠,
2020-07-02,2020,5,12,false,五月,十二,庚子,鼠,
2020-07-03,2020,5,13,false,五月,十三,庚子,鼠,
2020-07-04,2020,5,14,false,五月,十四,庚子,鼠,
2020-07-05,2020,5,15,false,五月,十五,庚子,鼠,
2020-07-06,2020,5,16,false,五月,十六,庚子,鼠,小暑
2020-07-07,2020,5,17,false,五月,十七,庚子,鼠,
2020-07-08,2020,5,18,false,五月,十八,庚子,鼠,
2020-07-09,2020,5,19,false,五月,十九,庚子,鼠,
2020-07-10,2020,5,20,false,五月,二十,庚子,鼠,
2020-07-11,2020,5,21,false,五月,廿一,庚子,鼠,
2020-07-12,2020,5,22,false,五月,廿二,庚子,鼠,
2020-07-13,2020,5,23,false,五月,廿三,庚子,鼠,
2020-07-14,2020,5,24,false,五月,廿四,庚子,鼠,
2020-07-15,2020,5,25,false,五月,廿五,庚子,鼠,
2020-07-16,2020,5,26,false,五月,廿六,庚子,鼠,
2020-07-17,2020,5,27,false,五月,廿七,庚子,鼠,
2020-07-18,2020,5,28,false,五月,廿八,庚子,鼠,
2020-07-19,2020,5,29,false,五月,廿九,庚子,鼠,
2020-07-20,2020,5,30,false,五月,三十,庚子,鼠,
2020-07-21,2020,6,1,false,六月,初一,庚子,鼠,
2020-07-22,2020,6,2,false,六月,初二,庚子,鼠,大暑
2020-07-23,2020,6,3,false,六月,初三,庚子,鼠,
2020-07-24,2020,6,4,false,六月,初四,庚子,鼠,
2020-07-25,2020,6,5,false,六月,初五,庚子,鼠,
2020-07-26,2020,6,6,false,六月,初六,庚子,鼠,
2020-07-27,2020,6,7,false,六月,初七,庚子,鼠,
2020-07-28,2020,6,8,false,六月,初八,庚子,鼠,
2020-07-29,2020,6,9,false,六月,初九,庚子,鼠,
2020-07-30,2020,6,10,false,六月,初十,庚子,鼠,
2020-07-31,2020,6,11,false,六月,十一,庚子,鼠,
2020-08-01,2020,6,12,false,六月,十二,庚子,鼠,
2020-08-02,2020,6,13,false,六月,十三,庚子,鼠,
2020-08-03,2020,6,14,false,六月,十四,庚子,鼠,
2020-08-04,2020,6,15,false,六月,十五,庚子,鼠,
2020-08-05,2020,6,16,false,六月,十六,庚子,鼠,
2020-08-06,2020,6,17,false,六月,十七,庚子,鼠,
2020-08-07,2020,6,18,false,六月,十八,庚子,鼠,立秋
2020-08-08,2020,6,19,false,六月,十九,庚子,鼠,
2020-08-09,2020,6,20,false,六月,二十,庚子,鼠,
2020-08-10,2020,6,21,false,六月,廿一,庚子,鼠,
2020-08-11,2020,6,22,false,六月,廿二,庚子,鼠,
2020-08-12,2020,6,23,false,六月,廿三,庚子,鼠,
2020-08-13,2020,6,24,false,六月,廿四,庚子,鼠,
2020-08-14,2020,6,25,false,六月,廿五,庚子,鼠,
2020-08-15,2020,6,26,false,六月,廿六,庚子,鼠,
2020-08-16,2020,6,27,false,六月,廿七,庚子,鼠,
2020-08-17,2020,6,28,false,六月,廿八,庚子,鼠,
2020-08-18,2020,6,29,false,六月,廿九,庚子,鼠,
2020-08-19,2020,7,1,false,七月,初一,庚子,鼠,
2020-08-20,2020,7,2,false,七月,初二,庚子,鼠,
2020-08-21,2020,7,3,false,七月,初三,庚子,鼠,
2020-08-22,2020,7,4,false,七月,初四,庚子,鼠,處暑
2020-08-23,2020,7,5,false,七月,初五,庚子,鼠,
2020-08-24,2020,7,6,false,七月,初六,庚子,鼠,
2020-08-25,2020,7,7,false,七月,初七,庚子,鼠,
2020-08-26,2020,7,8,false,七月,初八,庚子,鼠,
2020-08-27,2020,7,9,false,七月,初九,庚子,鼠,
2020-08-28,2020,7,10,false,七月,初十,庚子,鼠,
2020-08-29,2020,7,11,false,七月,十一,庚子,鼠,
2020-08-30,2020,7,12,false,七月,十二,庚子,鼠,
2020-08-31,2020,7,13,false,七月,十三,庚子,鼠,
2020-09-01,2020,7,14,false,七月,十四,庚子,鼠,
2020-09-02,2020,7,15,false,七月,十五,庚子,鼠,
2020-09-03,2020,7,16,false,七月,十六,庚子,鼠,
2020-09-04,2020,7,17,false,七月,十七,庚子,鼠,
2020-09-05,2020,7,18,false,七月,十八,庚子,鼠,
2020-09-06,2020,7,19,false,七月,十九,庚子,鼠,
2020-09-07,2020,7,20,false,七月,二十,庚子,鼠,白露
2020-09-08,2020,7,21,false,七月,廿一,庚子,鼠,
2020-09-09,2020,7,22,false,七月,廿二,庚子,鼠,
2020-09-10,2020,7,23,false,七月,廿三,庚子,鼠,
2020-09-11,2020,7,24,false,七月,廿四,庚子,鼠,
2020-09-12,2020,7,25,false,七月,廿五,庚子,鼠,
2020-09-13,2020,7,26,false,七月,廿六,庚子,鼠,
2020-09-14,2020,7,27,false,七月,廿七,庚子,鼠,
2020-09-15,2020,7,28,false,七月,廿八,庚子,鼠,
2020-09-16,2020,7,29,false,七月,廿九,庚子,鼠,
2020-09-17,2020,8,1,false,八月,初一,庚子,鼠,
2020-09-18,2020,8,2,false,八月,初二,庚子,鼠,
2020-09-19,2020,8,3,false,八月,初三,庚子,鼠,
2020-09-20,2020,8,4,false,八月,初四,庚子,鼠,
2020-09-21,2020,8,5,false,八月,初五,庚子,鼠,
2020-09-22,2020,8,6,false,八月,初六,庚子,鼠,秋分
2020-09-23,2020,8,7,false,八月,初七,庚子,鼠,
2020-09-24,2020,8,8,false,八月,初八,庚子,鼠,
2020-09-25,2020,8,9,false,八月,初九,庚子,鼠,
2020-09-26,2020,8,10,false,八月,初十,庚子,鼠,
2020-09-27,2020,8,11,false,八月,十一,庚子,鼠,
2020-09-28,2020,8,12,false,八月,十二,庚子,鼠,
2020-09-29,2020,8,13,false,八月,十三,庚子,鼠,
2020-09-30,2020,8,14,false,八月,十四,庚子,鼠,
2020-10-01,2020,8,15,false,八月,十五,庚子,鼠,
2020-10-02,2020,8,16,false,八月,十六,庚子,鼠,
2020-10-03,2020,8,17,false,八月,十七,庚子,鼠,
2020-10-04,2020,8,18,false,八月,十八,庚子,鼠,
2020-10-05,2020,8,19,false,八月,十九,庚子,鼠,
2020-10-06,2020,8,20,false,八月,二十,庚子,鼠,
2020-10-07,2020,8,21,false,八月,廿一,庚子,鼠,
2020-10-08,2020,8,22,false,八月,廿二,庚子,鼠,寒露
2020-10-09,2020,8,23,false,八月,廿三,庚子,鼠,
2020-10-10,2020,8,24,false,八月,廿四,庚子,鼠,
2020-10-11,2020,8,25,false,八月,廿五,庚子,鼠,
2020-10-12,2020,8,26,false,八月,廿六,庚子,鼠,
2020-10-13,2020,8,27,false,八月,廿七,庚子,鼠,
2020-10-14,2020,8,28,false,八月,廿八,庚子,鼠,
2020-10-15,2020,8,29,false,八月,廿九,庚子,鼠,
2020-10-16,2020,8,30,false,八月,三十,庚子,鼠,
2020-10-17,2020,9,1,false,九月,初一,庚子,鼠,
2020-10-18,2020,9,2,false,九月,初二,庚子,鼠,
2020-10-19,2020,9,3,false,九月,初三,庚子,鼠,
2020-10-20,2020,9,4,false,九月,初四,庚子,鼠,
2020-10-21,2020,9,5,false,九月,初五,庚子,鼠,
2020-10-22,2020,9,6,false,九月,初六,庚子,鼠,
2020-10-23,2020,9,7,false,九月,初七,庚子,鼠,霜降
2020-10-24,2020,9,8,false,九月,初八,庚子,鼠,
2020-10-25,2020,9,9,false,九月,初九,庚子,鼠,
2020-10-26,2020,9,10,false,九月,初十,庚子,鼠,
2020-10-27,2020,9,11,false,九月,十一,庚子,鼠,
2020-10-28,2020,9,12,false,九月,十二,庚子,鼠,
2020-10-29,2020,9,13,false,九月,十三,庚子,鼠,
2020-10-30,2020,9,14,false,九月,十四,庚子,鼠,
2020-10-31,2020,9,15,false,九月,十五,庚子,鼠,
2020-11-01,2020,9,16,false,九月,十六,庚子,鼠,
2020-11-02,2020,9,17,false,九月,十七,庚子,鼠,
2020-11-03,2020,9,18,false,九月,十八,庚子,鼠,
2020-11-04,2020,9,19,false,九月,十九,庚子,鼠,
2020-11-05,2020,9,20,false,九月,二十,庚子,鼠,
2020-11-06,2020,9,21,false,九月,廿一,庚子,鼠,
2020-11-07,2020,9,22,false,九月,廿二,庚子,鼠,立冬
2020-11-08,2020,9,23,false,九月,廿三,庚子,鼠,
2020-11-09,2020,9,24,false,九月,廿四,庚子,鼠,
2020-11-10,2020,9,25,false,九月,廿五,庚子,鼠,
2020-11-11,2020,9,26,false,九月,廿六,庚子,鼠,
2020-11-12,2020,9,27,false,九月,廿七,庚子,鼠,
2020-11-13,2020,9,28,false,九月,廿八,庚子,鼠,
2020-11-14,2020,9,29,false,九月,廿九,庚子,鼠,
2020-11-15,2020,10,1,false,十月,初一,庚子,鼠,
2020-11-16,2020,10,2,false,十月,初二,庚子,鼠,
2020-11-17,2020,10,3,false,十月,初三,庚子,鼠,
2020-11-18,2020,10,4,false,十月,初四,庚子,鼠,
2020-11-19,2020,10,5,false,十月,初五,庚子,鼠,
2020-11-20,2020,10,6,false,十月,初六,庚子,鼠,
2020-11-21,2020,10,7,false,十月,初七,庚子,鼠,
2020-11-22,2020,10,8,false,十月,初八,庚子,鼠,小雪
2020-11-23,2020,10,9,false,十月,初九,庚子,鼠,
2020-11-24,2020,10,10,false,十月,初十,庚子,鼠,
2020-11-25,2020,10,11,false,十月,十一,庚子,鼠,
2020-11-26,2020,10,12,false,十月,十二,庚子,鼠,
2020-11-27,2020,10,13,false,十月,十三,庚子,鼠,
2020-11-28,2020,10,14,false,十月,十四,庚子,鼠,
2020-11-29,2020,10,15,false,十月,十五,庚子,鼠,
2020-11-30,2020,10,16,false,十月,十六,庚子,鼠,
2020-12-01,2020,10,17,false,十月,十七,庚子,鼠,
2020-12-02,2020,10,18,false,十月,十八,庚子,鼠,
2020-12-03,2020,10,19,false,十月,十九,庚子,鼠,
2020-12-04,2020,10,20,false,十月,二十,庚子,鼠,
2020-12-05,2020,10,21,false,十月,廿一,庚子,鼠,
2020-12-06,2020,10,22,false,十月,廿二,庚子,鼠,
2020-12-07,2020,10,23,false,十月,廿三,庚子,鼠,大雪
2020-12-08,2020,10,24,false,十月,廿四,庚子,鼠,
2020-12-09,2020,10,25,false,十月,廿五,庚子,鼠,
2020-12-10,2020,10,26,false,十月,廿六,庚子,鼠,
2020-12-11,2020,10,27,false,十月,廿七,庚子,鼠,
2020-12-12,2020,10,28,false,十月,廿八,庚子,鼠,
2020-12-13,2020,10,29,false,十月,廿九,庚子,鼠,
2020-12-14,2020,10,30,false,十月,三十,庚子,鼠,
2020-12-15,2020,11,1,false,十一月,初一,庚子,鼠,
2020-12-16,2020,11,2,false,十一月,初二,庚子,鼠,
2020-12-17,2020,11,3,false,十一月,初三,庚子,鼠,
2020-12-18,2020,11,4,false,十一月,初四,庚子,鼠,
2020-12-19,2020,11,5,false,十一月,初五,庚子,鼠,
2020-12-20,2020,11,6,false,十一月,初六,庚子,鼠,
2020-12-21,2020,11,7,false,十一月,初七,庚子,鼠,冬至
2020-12-22,2020,11,8,false,十一月,初八,庚子,鼠,
2020-12-23,2020,11,9,false,十一月,初九,庚子,鼠,
2020-12-24,2020,11,10,false,十一月,初十,庚子,鼠,
2020-12-25,2020,11,11,false,十一月,十一,庚子,鼠,
2020-12-26,2020,11,12,false,十一月,十二,庚子,鼠,
2020-12-27,2020,11,13,false,十一月,十三,庚子,鼠,
2020-12-28,2020,11,14,false,十一月,十四,庚子,鼠,
2020-12-29,2020,11,15,false,十一月,十五,庚子,鼠,
2020-12-30,2020,11,16,false,十一月,十六,庚子,鼠,
2020-12-31,2020,11,17,false,十一月,十七,庚子,鼠,
2021-01-01,2020,11,18,false,十一月,十八,庚子,鼠,
2021-01-02,2020,11,19,false,十一月,十九,庚子,鼠,
2021-01-03,2020,11,20,false,十一月,二十,庚子,鼠,
2021-01-04,2020,11,21,false,十一月,廿一,庚子,鼠,
2021-01-05,2020,11,22,false,十一月,廿二,庚子,鼠,小寒
2021-01-06,2020,11,23,false,十一月,廿三,庚子,鼠,
2021-01-07,2020,11,24,false,十一月,廿四,庚子,鼠,
2021-01-08,2020,11,25,false,十一月,廿五,庚子,鼠,
2021-01-09,2020,11,26,false,十一月,廿六,庚子,鼠,
2021-01-10,2020,11,27,false,十一月,廿七,庚子,鼠,
2021-01-11,2020,11,28,false,十一月,廿八,庚子,鼠,
2021-01-12,2020,11,29,false,十一月,廿九,庚子,鼠,
2021-01-13,2020,12,1,false,十二月,初一,庚子,鼠,
2021-01-14,2020,12,2,false,十二月,初二,庚子,鼠,
2021-01-15,2020,12,3,false,十二月,初三,庚子,鼠,
2021-01-16,2020,12,4,false,十二月,初四,庚子,鼠,
2021-01-17,2020,12,5,false,十二月,初五,庚子,鼠,
2021-01-18,2020,12,6,false,十二月,初六,庚子,鼠,
2021-01-19,2020,12,7,false,十二月,初七,庚子,鼠,
2021-01-20,2020,12,8,false,十二月,初八,庚子,鼠,大寒
2021-01-21,2020,12,9,false,十二月,初九,庚子,鼠,
2021-01-22,2020,12,10,false,十二月,初十,庚子,鼠,
2021-01-23,2020,12,11,false,十二月,十一,庚子,鼠,
2021-01-24,2020,12,12,false,十二月,十二,庚子,鼠,
2021-01-25,2020,12,13,false,十二月,十三,庚子,鼠,
2021-01-26,2020,12,14,false,十二月,十四,庚子,鼠,
2021-01-27,2020,12,15,false,十二月,十五,庚子,鼠,
2021-01-28,2020,12,16,false,十二月,十六,庚子,鼠,
2021-01-29,2020,12,17,false,十二月,十七,庚子,鼠,
2021-01-30,2020,12,18,false,十二月,十八,庚子,鼠,
2021-01-31,2020,12,19,false,十二月,十九,庚子,鼠,
2021-02-01,2020,12,20,false,十二月,二十,庚子,鼠,
2021-02-02,2020,12,21,false,十二月,廿一,庚子,鼠,
2021-02-03,2020,12,22,false,十二月,廿二,庚子,鼠,立春
2021-02-04,2020,12,23,false,十二月,廿三,庚子,鼠,
2021-02-05,2020,12,24,false,十二月,廿四,庚子,鼠,
2021-02-06,2020,12,25,false,十二月,廿五,庚子,鼠,
2021-02-07,2020,12,26,false,十二月,廿六,庚子,鼠,
2021-02-08,2020,12,27,false,十二月,廿七,庚子,鼠,
2021-02-09,2020,12,28,false,十二月,廿八,庚子,鼠,
2021-02-10,2020,12,29,false,十二月,廿九,庚子,鼠,
2021-02-11,2020,12,30,false,十二月,三十,庚子,鼠,
2021-02-12,2021,1,1,false,一月,初一,辛丑,牛,
2021-02-13,2021,1,2,false,一月,初二,辛丑,牛,
2021-02-14,2021,1,3,false,一月,初三,辛丑,牛,
2021-02-15,2021,1,4,false,一月,初四,辛丑,牛,
2021-02-16,2021,1,5,false,一月,初五,辛丑,牛,
2021-02-17,2021,1,6,false,一月,初六,辛丑,牛,
2021-02-18,2021,1,7,false,一月,初七,辛丑,牛,雨水
2021-02-19,2021,1,8,false,一月,初八,辛丑,牛,
2021-02-20,2021,1,9,false,一月,初九,辛丑,牛,
2021-02-21,2021,1,10,false,一月,初十,辛丑,牛,
2021-02-22,2021,1,11,false,一月,十一,辛丑,牛,
2021-02-23,2021,1,12,false,一月,十二,辛丑,牛,
2021-02-24,2021,1,13,false,一月,十三,辛丑,牛,
2021-02-25,2021,1,14,false,一月,十四,辛丑,牛,
2021-02-26,2021,1,15,false,一月,十五,辛丑,牛,
2021-02-27,2021,1,16,false,一月,十六,辛丑,牛,
2021-02-28,2021,1,17,false,一月,十七,辛丑,牛,
2021-03-01,2021,1,18,false,一月,十八,辛丑,牛,
2021-03-02,2021,1,19,false,一月,十九,辛丑,牛,
2021-03-03,2021,1,20,false,一月,二十,辛丑,牛,
2021-03-04,2021,1,21,false,一月,廿一,辛丑,牛,
2021-03-05,2021,1,22,false,一月,廿二,辛丑,牛,驚蟄
2021-03-06,2021,1,23,false,一月,廿三,辛丑,牛,
2021-03-07,2021,1,24,false,一月,廿四,辛丑,牛,
2021-03-08,2021,1,25,false,一月,廿五,辛丑,牛,
2021-03-09,2021,1,26,false,一月,廿六,辛丑,牛,
2021-03-10,2021,1,27,false,一月,廿七,辛丑,牛,
2021-03-11,2021,1,28,false,一月,廿八,辛丑,牛,
2021-03-12,2021,1,29,false,一月,廿九,辛丑,牛,
2021-03-13,2021,2,1,false,二月,初一,辛丑,牛,
2021-03-14,2021,2,2,false,二月,初二,辛丑,牛,
2021-03-15,2021,2,3,false,二月,初三,辛丑,牛,
2021-03-16,2021,2,4,false,二月,初四,辛丑,牛,
2021-03-17,2021,2,5,false,二月,初五,辛丑,牛,
2021-03-18,2021,2,6,false,二月,初六,辛丑,牛,
2021-03-19,2021,2,7,false,二月,初七,辛丑,牛,
2021-03-20,2021,2,8,false,二月,初八,辛丑,牛,春分
2021-03-21,2021,2,9,false,二月,初九,辛丑,牛,
2021-03-22,2021,2,10,false,二月,初十,辛丑,牛,
2021-03-23,2021,2,11,false,二月,十一,辛丑,牛,
2021-03-24,2021,2,12,false,二月,十二,辛丑,牛,
2021-03-25,2021,2,13,false,二月,十三,辛丑,牛,
2021-03-26,2021,2,14,false,二月,十四,辛丑,牛,
2021-03-27,2021,2,15,false,二月,十五,辛丑,牛,
2021-03-28,2021,2,16,false,二月,十六,辛丑,牛,
2021-03-29,2021,2,17,false,二月,十七,辛丑,牛,
2021-03-30,2021,2,18,false,二月,十八,辛丑,牛,
2021-03-31,2021,2,19,false,二月,十九,辛丑,牛,
2021-04-01,2021,2,20,false,二月,二十,辛丑,牛,
2021-04-02,2021,2,21,false,二月,廿一,辛丑,牛,
2021-04-03,2021,2,22,false,二月,廿二,辛丑,牛,
2021-04-04,2021,2,23,false,二月,廿三,辛丑,牛,清明
2021-04-05,2021,2,24,false,二月,廿四,辛丑,牛,
2021-04-06,2021,2,25,false,二月,廿五,辛丑,牛,
2021-04-07,2021,2,26,false,二月,廿六,辛丑,牛,
2021-04-08,2021,2,27,false,二月,廿七,辛丑,牛,
2021-04-09,2021,2,28,false,二月,廿八,辛丑,牛,
2021-04-10,2021,2,29,false,二月,廿九,辛丑,牛,
2021-04-11,2021,2,30,false,二月,三十,辛丑,牛,
2021-04-12,2021,3,1,false,三月,初一,辛丑,牛,
2021-04-13,2021,3,2,false,三月,初二,辛丑,牛,
2021-04-14,2021,3,3,false,三月,初三,辛丑,牛,
2021-04-15,2021,3,4,false,三月,初四,辛丑,牛,
2021-04-16,2021,3,5,false,三月,初五,辛丑,牛,
2021-04-17,2021,3,6,false,三月,初六,辛丑,牛,
2021-04-18,2021,3,7,false,三月,初七,辛丑,牛,
2021-04-19,2021,3,8,false,三月,初八,辛丑,牛,
2021-04-20,2021,3,9,false,三月,初九,辛丑,牛,穀雨
2021-04-21,2021,3,10,false,三月,初十,辛丑,牛,
2021-04-22,2021,3,11,false,三月,十一,辛丑,牛,
2021-04-23,2021,3,12,false,三月,十二,辛丑,牛,
2021-04-24,2021,3,13,false,三月,十三,辛丑,牛,
2021-04-25,2021,3,14,false,三月,十四,辛丑,牛,
2021-04-26,2021,3,15,false,三月,十五,辛丑,牛,
2021-04-27,2021,3,16,false,三月,十六,辛丑,牛,
2021-04-28,2021,3,17,false,三月,十七,辛丑,牛,
2021-04-29,2021,3,18,false,三月,十八,辛丑,牛,
2021-04-30,2021,3,19,false,三月,十九,辛丑,牛,
2021-05-01,2021,3,20,false,三月,二十,辛丑,牛,
2021-05-02,2021,3,21,false,三月,廿一,辛丑,牛,
2021-05-03,2021,3,22,false,三月,廿二,辛丑,牛,
2021-05-04,2021,3,23,false,三月,廿三,辛丑,牛,
2021-05-05,2021,3,24,false,三月,廿四,辛丑,牛,立夏
2021-05-06,2021,3,25,false,三月,廿五,辛丑,牛,
2021-05-07,2021,3,26,false,三月,廿六,辛丑,牛,
2021-05-08,2021,3,27,false,三月,廿七,辛丑,牛,
2021-05-09,2021,3,28,false,三月,廿八,辛丑,牛,
2021-05-10,2021,3,29,false,三月,廿九,辛丑,牛,
2021-05-11,2021,3,30,false,三月,三十,辛丑,牛,
2021-05-12,2021,4,1,false,四月,初一,辛丑,牛,
2021-05-13,2021,4,2,false,四月,初二,辛丑,牛,
2021-05-14,2021,4,3,false,四月,初三,辛丑,牛,
2021-05-15,2021,4,4,false,四月,初四,辛丑,牛,
2021-05-16,2021,4,5,false,四月,初五,辛丑,牛,
2021-05-17,2021,4,6,false,四月,初六,辛丑,牛,
2021-05-18,2021,4,7,false,四月,初七,辛丑,牛,
2021-05-19,2021,4,8,false,四月,初八,辛丑,牛,
2021-05-20,2021,4,9,false,四月,初九,辛丑,牛,
2021-05-21,2021,4,10,false,四月,初十,辛丑,牛,小滿
2021-05-22,2021,4,11,false,四月,十一,辛丑,牛,
2021-05-23,2021,4,12,false,四月,十二,辛丑,牛,
2021-05-24,2021,4,13,false,四月,十三,辛丑,牛,
2021-05-25,2021,4,14,false,四月,十四,辛丑,牛,
2021-05-26,2021,4,15,false,四月,十五,辛丑,牛,
2021-05-27,2021,4,16,false,四月,十六,辛丑,牛,
2021-05-28,2021,4,17,false,四月,十七,辛丑,牛,
2021-05-29,2021,4,18,false,四月,十八,辛丑,牛,
2021-05-30,2021,4,19,false,四月,十九,辛丑,牛,
2021-05-31,2021,4,20,false,四月,二十,辛丑,牛,
2021-06-01,2021,4,21,false,四月,廿一,辛丑,牛,
2021-06-02,2021,4,22,false,四月,廿二,辛丑,牛,
2021-06-03,2021,4,23,false,四月,廿三,辛丑,牛,
2021-06-04,2021,4,24,false,四月,廿四,辛丑,牛,
2021-06-05,2021,4,25,false,四月,廿五,辛丑,牛,芒種
2021-06-06,2021,4,26,false,四月,廿六,辛丑,牛,
2021-06-07,2021,4,27,false,四月,廿七,辛丑,牛,
2021-06-08,2021,4,28,false,四月,廿八,辛丑,牛,
2021-06-09,2021,4,29,false,四月,廿九,辛丑,牛,
2021-06-10,2021,5,1,false,五月,初一,辛丑,牛,
2021-06-11,2021,5,2,false,五月,初二,辛丑,牛,
2021-06-12,2021,5,3,false,五月,初三,辛丑,牛,
2021-06-13,2021,5,4,false,五月,初四,辛丑,牛,
2021-06-14,2021,5,5,false,五月,初五,辛丑,牛,
2021-06-15,2021,5,6,false,五月,初六,辛丑,牛,
2021-06-16,2021,5,7,false,五月,初七,辛丑,牛,
2021-06-17,2021,5,8,false,五月,初八,辛丑,牛,
2021-06-18,2021,5,9,false,五月,初九,辛丑,牛,
2021-06-19,2021,5,10,false,五月,初十,辛丑,牛,
2021-06-20,2021,5,11,false,五月,十一,辛丑,牛,
2021-06-21,2021,5,12,false,五月,十二,辛丑,牛,夏至
2021-06-22,2021,5,13,false,五月,十三,辛丑,牛,
2021-06-23,2021,5,14,false,五月,十四,辛丑,牛,
2021-06-24,2021,5,15,false,五月,十五,辛丑,牛,
2021-06-25,2021,5,16,false,五月,十六,辛丑,牛,
2021-06-26,2021,5,17,false,五月,十七,辛丑,牛,
2021-06-27,2021,5,18,false,五月,十八,辛丑,牛,
2021-06-28,2021,5,19,false,五月,十九,辛丑,牛,
2021-06-29,2021,5,20,false,五月,二十,辛丑,牛,
2021-06-30,2021,5,21,false,五月,廿一,辛丑,牛,
2021-07-01,2021,5,22,false,五月,廿二,辛丑,牛,
2021-07-02,2021,5,23,false,五月,廿三,辛丑,牛,
2021-07-03,2021,5,24,false,五月,廿四,辛丑,牛,
2021-07-04,2021,5,25,false,五月,廿五,辛丑,牛,
2021-07-05,2021,5,26,false,五月,廿六,辛丑,牛,
2021-07-06,2021,5,27,false,五月,廿七,辛丑,牛,
2021-07-07,2021,5,28,false,五月,廿八,辛丑,牛,小暑
2021-07-08,2021,5,29,false,五月,廿九,辛丑,牛,
2021-07-09,2021,5,30,false,五月,三十,辛丑,牛,
2021-07-10,2021,6,1,false,六月,初一,辛丑,牛,
2021-07-11,2021,6,2,false,六月,初二,辛丑,牛,
2021-07-12,2021,6,3,false,六月,初三,辛丑,牛,
2021-07-13,2021,6,4,false,六月,初四,辛丑,牛,
2021-07-14,2021,6,5,false,六月,初五,辛丑,牛,
2021-07-15,2021,6,6,false,六月,初六,辛丑,牛,
2021-07-16,2021,6,7,false,六月,初七,辛丑,牛,
2021-07-17,2021,6,8,false,六月,初八,辛丑,牛,
2021-07-18,2021,6,9,false,六月,初九,辛丑,牛,
2021-07-19,2021,6,10,false,六月,初十,辛丑,牛,
2021-07-20,2021,6,11,false,六月,十一,辛丑,牛,
2021-07-21,2021,6,12,false,六月,十二,辛丑,牛,
2021-07-22,2021,6,13,false,六月,十三,辛丑,牛,大暑
2021-07-23,2021,6,14,false,六月,十四,辛丑,牛,
2021-07-24,2021,6,15,false,六月,十五,辛丑,牛,
2021-07-25,2021,6,16,false,六月,十六,辛丑,牛,
2021-07-26,2021,6,17,false,六月,十七,辛丑,牛,
2021-07-27,2021,6,18,false,六月,十八,辛丑,牛,
2021-07-28,2021,6,19,false,六月,十九,辛丑,牛,
2021-07-29,2021,6,20,false,六月,二十,辛丑,牛,
2021-07-30,2021,6,21,false,六月,廿一,辛丑,牛,
2021-07-31,2021,6,22,false,六月,廿二,辛丑,牛,
2021-08-01,2021,6,23,false,六月,廿三,辛丑,牛,
2021-08-02,2021,6,24,false,六月,廿四,辛丑,牛,
2021-08-03,2021,6,25,false,六月,廿五,辛丑,牛,
2021-08-04,2021,6,26,false,六月,廿六,辛丑,牛,
2021-08-05,2021,6,27,false,六月,廿七,辛丑,牛,
2021-08-06,2021,6,28,false,六月,廿八,辛丑,牛,
2021-08-07,2021,6,29,false,六月,廿九,辛丑,牛,立秋
2021-08-08,2021,7,1,false,七月,初一,辛丑,牛,
2021-08-09,2021,7,2,false,七月,初二,辛丑,牛,
2021-08-10,2021,7,3,false,七月,初三,辛丑,牛,
2021-08-11,2021,7,4,false,七月,初四,辛丑,牛,
2021-08-12,2021,7,5,false,七月,初五,辛丑,牛,
2021-08-13,2021,7,6,false,七月,初六,辛丑,牛,
2021-08-14,2021,7,7,false,七月,初七,辛丑,牛,
2021-08-15,2021,7,8,false,七月,初八,辛丑,牛,
2021-08-16,2021,7,9,false,七月,初九,辛丑,牛,
2021-08-17,2021,7,10,false,七月,初十,辛丑,牛,
2021-08-18,2021,7,11,false,七月,十一,辛丑,牛,
2021-08-19,2021,7,12,false,七月,十二,辛丑,牛,
2021-08-20,2021,7,13,false,七月,十三,辛丑,牛,
2021-08-21,2021,7,14,false,七月,十四,辛丑,牛,
2021-08-22,2021,7,15,false,七月,十五,辛丑,牛,
2021-08-23,2021,7,16,false,七月,十六,辛丑,牛,處暑
2021-08-24,2021,7,17,false,七月,十七,辛丑,牛,
2021-08-25,2021,7,18,false,七月,十八,辛丑,牛,
2021-08-26,2021,7,19,false,七月,十九,辛丑,牛,
2021-08-27,2021,7,20,false,七月,二十,辛丑,牛,
2021-08-28,2021,7,21,false,七月,廿一,辛丑,牛,
2021-08-29,2021,7,22,false,七月,廿二,辛丑,牛,
2021-08-30,2021,7,23,false,七月,廿三,辛丑,牛,
2021-08-31,2021,7,24,false,七月,廿四,辛丑,牛,
2021-09-01,2021,7,25,false,七月,廿五,辛丑,牛,
2021-09-02,2021,7,26,false,七月,廿六,辛丑,牛,
2021-09-03,2021,7,27,false,七月,廿七,辛丑,牛,
2021-09-04,2021,7,28,false,七月,廿八,辛丑,牛,
2021-09-05,2021,7,29,false,七月,廿九,辛丑,牛,
2021-09-06,2021,7,30,false,七月,三十,辛丑,牛,
2021-09-07,2021,8,1,false,八月,初一,辛丑,牛,白露
2021-09-08,2021,8,2,false,八月,初二,辛丑,牛,
2021-09-09,2021,8,3,false,八月,初三,辛丑,牛,
2021-09-10,2021,8,4,false,八月,初四,辛丑,牛,
2021-09-11,2021,8,5,false,八月,初五,辛丑,牛,
2021-09-12,2021,8,6,false,八月,初六,辛丑,牛,
2021-09-13,2021,8,7,false,八月,初七,辛丑,牛,
2021-09-14,2021,8,8,false,八月,初八,辛丑,牛,
2021-09-15,2021,8,9,false,八月,初九,辛丑,牛,
2021-09-16,2021,8,10,false,八月,初十,辛丑,牛,
2021-09-17,2021,8,11,false,八月,十一,辛丑,牛,
2021-09-18,2021,8,12,false,八月,十二,辛丑,牛,
2021-09-19,2021,8,13,false,八月,十三,辛丑,牛,
2021-09-20,2021,8,14,false,八月,十四,辛丑,牛,
2021-09-21,2021,8,15,false,八月,十五,辛丑,牛,
2021-09-22,2021,8,16,false,八月,十六,辛丑,牛,
2021-09-23,2021,8,17,false,八月,十七,辛丑,牛,秋分
2021-09-24,2021,8,18,false,八月,十八,辛丑,牛,
2021-09-25,2021,8,19,false,八月,十九,辛丑,牛,
2021-09-26,2021,8,20,false,八月,二十,辛丑,牛,
2021-09-27,2021,8,21,false,八月,廿一,辛丑,牛,
2021-09-28,2021,8,22,false,八月,廿二,辛丑,牛,
2021-09-29,2021,8,23,false,八月,廿三,辛丑,牛,
2021-09-30,2021,8,24,false,八月,廿四,辛丑,牛,
2021-10-01,2021,8,25,false,八月,廿五,辛丑,牛,
2021-10-02,2021,8,26,false,八月,廿六,辛丑,牛,
2021-10-03,2021,8,27,false,八月,廿七,辛丑,牛,
2021-10-04,2021,8,28,false,八月,廿八,辛丑,牛,
2021-10-05,2021,8,29,false,八月,廿九,辛丑,牛,
2021-10-06,2021,9,1,false,九月,初一,辛丑,牛,
2021-10-07,2021,9,2,false,九月,初二,辛丑,牛,
2021-10-08,2021,9,3,false,九月,初三,辛丑,牛,寒露
2021-10-09,2021,9,4,false,九月,初四,辛丑,牛,
2021-10-10,2021,9,5,false,九月,初五,辛丑,牛,
2021-10-11,2021,9,6,false,九月,初六,辛丑,牛,
2021-10-12,2021,9,7,false,九月,初七,辛丑,牛,
2021-10-13,2021,9,8,false,九月,初八,辛丑,牛,
2021-10-14,2021,9,9,false,九月,初九,辛丑,牛,
2021-10-15,2021,9,10,false,九月,初十,辛丑,牛,
2021-10-16,2021,9,11,false,九月,十一,辛丑,牛,
2021-10-17,2021,9,12,false,九月,十二,辛丑,牛,
2021-10-18,2021,9,13,false,九月,十三,辛丑,牛,
2021-10-19,2021,9,14,false,九月,十四,辛丑,牛,
2021-10-20,2021,9,15,false,九月,十五,辛丑,牛,
2021-10-21,2021,9,16,false,九月,十六,辛丑,牛,
2021-10-22,2021,9,17,false,九月,十七,辛丑,牛,
2021-10-23,2021,9,18,false,九月,十八,辛丑,牛,霜降
2021-10-24,2021,9,19,false,九月,十九,辛丑,牛,
2021-10-25,2021,9,20,false,九月,二十,辛丑,牛,
2021-10-26,2021,9,21,false,九月,廿一,辛丑,牛,
2021-10-27,2021,9,22,false,九月,廿二,辛丑,牛,
2021-10-28,2021,9,23,false,九月,廿三,辛丑,牛,
2021-10-29,2021,9,24,false,九月,廿四,辛丑,牛,
2021-10-30,2021,9,25,false,九月,廿五,辛丑,牛,
2021-10-31,2021,9,26,false,九月,廿六,辛丑,牛,
2021-11-01,2021,9,27,false,九月,廿七,辛丑,牛,
2021-11-02,2021,9,28,false,九月,廿八,辛丑,牛,
2021-11-03,2021,9,29,false,九月,廿九,辛丑,牛,
2021-11-04,2021,9,30,false,九月,三十,辛丑,牛,
2021-11-05,2021,10,1,false,十月,初一,辛丑,牛,
2021-11-06,2021,10,2,false,十月,初二,辛丑,牛,
2021-11-07,2021,10,3,false,十月,初三,辛丑,牛,立冬
2021-11-08,2021,10,4,false,十月,初四,辛丑,牛,
2021-11-09,2021,10,5,false,十月,初五,辛丑,牛,
2021-11-10,2021,10,6,false,十月,初六,辛丑,牛,
2021-11-11,2021,10,7,false,十月,初七,辛丑,牛,
2021-11-12,2021,10,8,false,十月,初八,辛丑,牛,
2021-11-13,2021,10,9,false,十月,初九,辛丑,牛,
2021-11-14,2021,10,10,false,十月,初十,辛丑,牛,
2021-11-15,2021,10,11,false,十月,十一,辛丑,牛,
2021-11-16,2021,10,12,false,十月,十二,辛丑,牛,
2021-11-17,2021,10,13,false,十月,十三,辛丑,牛,
2021-11-18,2021,10,14,false,十月,十四,辛丑,牛,
2021-11-19,2021,10,15,false,十月,十五,辛丑,牛,
2021-11-20,2021,10,16,false,十月,十六,辛丑,牛,
2021-11-21,2021,10,17,false,十月,十七,辛丑,牛,
2021-11-22,2021,10,18,false,十月,十八,辛丑,牛,小雪
2021-11-23,2021,10,19,false,十月,十九,辛丑,牛,
2021-11-24,2021,10,20,false,十月,二十,辛丑,牛,
2021-11-25,2021,10,21,false,十月,廿一,辛丑,牛,
2021-11-26,2021,10,22,false,十月,廿二,辛丑,牛,
2021-11-27,2021,10,23,false,十月,廿三,辛丑,牛,
2021-11-28,2021,10,24,false,十月,廿四,辛丑,牛,
2021-11-29,2021,10,25,false,十月,廿五,辛丑,牛,
2021-11-30,2021,10,26,false,十月,廿六,辛丑,牛,
2021-12-01,2021,10,27,false,十月,廿七,辛丑,牛,
2021-12-02,2021,10,28,false,十月,廿八,辛丑,牛,
2021-12-03,2021,10,29,false,十月,廿九,辛丑,牛,
2021-12-04,2021,11,1,false,十一月,初一,辛丑,牛,
2021-12-05,2021,11,2,false,十一月,初二,辛丑,牛,
2021-12-06,2021,11,3,false,十一月,初三,辛丑,牛,
2021-12-07,2021,11,4,false,十一月,初四,辛丑,牛,大雪
2021-12-08,2021,11,5,false,十一月,初五,辛丑,牛,
2021-12-09,2021,11,6,false,十一月,初六,辛丑,牛,
2021-12-10,2021,11,7,false,十一月,初七,辛丑,牛,
2021-12-11,2021,11,8,false,十一月,初八,辛丑,牛,
2021-12-12,2021,11,9,false,十一月,初九,辛丑,牛,
2021-12-13,2021,11,10,false,十一月,初十,辛丑,牛,
2021-12-14,2021,11,11,false,十一月,十一,辛丑,牛,
2021-12-15,2021,11,12,false,十一月,十二,辛丑,牛,
2021-12-16,2021,11,13,false,十一月,十三,辛丑,牛,
2021-12-17,2021,11,14,false,十一月,十四,辛丑,牛,
2021-12-18,2021,11,15,false,十一月,十五,辛丑,牛,
2021-12-19,2021,11,16,false,十一月,十六,辛丑,牛,
2021-12-20,2021,11,17,false,十一月,十七,辛丑,牛,
2021-12-21,2021,11,18,false,十一月,十八,辛丑,牛,冬至
2021-12-22,2021,11,19,false,十一月,十九,辛丑,牛,
2021-12-23,2021,11,20,false,十一月,二十,辛丑,牛,
2021-12-24,2021,11,21,false,十一月,廿一,辛丑,牛,
2021-12-25,2021,11,22,false,十一月,廿二,辛丑,牛,
2021-12-26,2021,11,23,false,十一月,廿三,辛丑,牛,
2021-12-27,2021,11,24,false,十一月,廿四,辛丑,牛,
2021-12-28,2021,11,25,false,十一月,廿五,辛丑,牛,
2021-12-29,2021,11,26,false,十一月,廿六,辛丑,牛,
2021-12-30,2021,11,27,false,十一月,廿七,辛丑,牛,
2021-12-31,2021,11,28,false,十一月,廿八,辛丑,牛,
2022-01-01,2021,11,29,false,十一月,廿九,辛丑,牛,
2022-01-02,2021,11,30,false,十一月,三十,辛丑,牛,
2022-01-03,2021,12,1,false,十二月,初一,辛丑,牛,
2022-01-04,2021,12,2,false,十二月,初二,辛丑,牛,
2022-01-05,2021,12,3,false,十二月,初三,辛丑,牛,小寒
2022-01-06,2021,12,4,false,十二月,初四,辛丑,牛,
2022-01-07,2021,12,5,false,十二月,初五,辛丑,牛,
2022-01-08,2021,12,6,false,十二月,初六,辛丑,牛,
2022-01-09,2021,12,7,false,十二月,初七,辛丑,牛,
2022-01-10,2021,12,8,false,十二月,初八,辛丑,牛,
2022-01-11,2021,12,9,false,十二月,初九,辛丑,牛,
2022-01-12,2021,12,10,false,十二月,初十,辛丑,牛,
2022-01-13,2021,12,11,false,十二月,十一,辛丑,牛,
2022-01-14,2021,12,12,false,十二月,十二,辛丑,牛,
2022-01-15,2021,12,13,false,十二月,十三,辛丑,牛,
2022-01-16,2021,12,14,false,十二月,十四,辛丑,牛,
2022-01-17,2021,12,15,false,十二月,十五,辛丑,牛,
2022-01-18,2021,12,16,false,十二月,十六,辛丑,牛,
2022-01-19,2021,12,17,false,十二月,十七,辛丑,牛,
2022-01-20,2021,12,18,false,十二月,十八,辛丑,牛,大寒
2022-01-21,2021,12,19,false,十二月,十九,辛丑,牛,
2022-01-22,2021,12,20,false,十二月,二十,辛丑,牛,
2022-01-23,2021,12,21,false,十二月,廿一,辛丑,牛,
2022-01-24,2021,12,22,false,十二月,廿二,辛丑,牛,
2022-01-25,2021,12,23,false,十二月,廿三,辛丑,牛,
2022-01-26,2021,12,24,false,十二月,廿四,辛丑,牛,
2022-01-27,2021,12,25,false,十二月,廿五,辛丑,牛,
2022-01-28,2021,12,26,false,十二月,廿六,辛丑,牛,
2022-01-29,2021,12,27,false,十二月,廿七,辛丑,牛,
2022-01-30,2021,12,28,false,十二月,廿八,辛丑,牛,
2022-01-31,2021,12,29,false,十二月,廿九,辛丑,牛,
2022-02-01,2022,1,1,false,一月,初一,壬寅,虎,
2022-02-02,2022,1,2,false,一月,初二,壬寅,虎,
2022-02-03,2022,1,3,false,一月,初三,壬寅,虎,
2022-02-04,2022,1,4,false,一月,初四,壬寅,虎,立春
2022-02-05,2022,1,5,false,一月,初五,壬寅,虎,
2022-02-06,2022,1,6,false,一月,初六,壬寅,虎,
2022-02-07,2022,1,7,false,一月,初七,壬寅,虎,
2022-02-08,2022,1,8,false,一月,初八,壬寅,虎,
2022-02-09,2022,1,9,false,一月,初九,壬寅,虎,
2022-02-10,2022,1,10,false,一月,初十,壬寅,虎,
2022-02-11,2022,1,11,false,一月,十一,壬寅,虎,
2022-02-12,2022,1,12,false,一月,十二,壬寅,虎,
2022-02-13,2022,1,13,false,一月,十三,壬寅,虎,
2022-02-14,2022,1,14,false,一月,十四,壬寅,虎,
2022-02-15,2022,1,15,false,一月,十五,壬寅,虎,
2022-02-16,2022,1,16,false,一月,十六,壬寅,虎,
2022-02-17,2022,1,17,false,一月,十七,壬寅,虎,
2022-02-18,2022,1,18,false,一月,十八,壬寅,虎,
2022-02-19,2022,1,19,false,一月,十九,壬寅,虎,雨水
2022-02-20,2022,1,20,false,一月,二十,壬寅,虎,
2022-02-21,2022,1,21,false,一月,廿一,壬寅,虎,
2022-02-22,2022,1,22,false,一月,廿二,壬寅,虎,
2022-02-23,2022,1,23,false,一月,廿三,壬寅,虎,
2022-02-24,2022,1,24,false,一月,廿四,壬寅,虎,
2022-02-25,2022,1,25,false,一月,廿五,壬寅,虎,
2022-02-26,2022,1,26,false,一月,廿六,壬寅,虎,
2022-02-27,2022,1,27,false,一月,廿七,壬寅,虎,
2022-02-28,2022,1,28,false,一月,廿八,壬寅,虎,
2022-03-01,2022,1,29,false,一月,廿九,壬寅,虎,
2022-03-02,2022,1,30,false,一月,三十,壬寅,虎,
2022-03-03,2022,2,1,false,二月,初一,壬寅,虎,
2022-03-04,2022,2,2,false,二月,初二,壬寅,虎,
2022-03-05,2022,2,3,false,二月,初三,壬寅,虎,驚蟄
2022-03-06,2022,2,4,false,二月,初四,壬寅,虎,
2022-03-07,2022,2,5,false,二月,初五,壬寅,虎,
2022-03-08,2022,2,6,false,二月,初六,壬寅,虎,
2022-03-09,2022,2,7,false,二月,初七,壬寅,虎,
2022-03-10,2022,2,8,false,二月,初八,壬寅,虎,
2022-03-11,2022,2,9,false,二月,初九,壬寅,虎,
2022-03-12,2022,2,10,false,二月,初十,壬寅,虎,
2022-03-13,2022,2,11,false,二月,十一,壬寅,虎,
2022-03-14,2022,2,12,false,二月,十二,壬寅,虎,
2022-03-15,2022,2,13,false,二月,十三,壬寅,虎,
2022-03-16,2022,2,14,false,二月,十四,壬寅,虎,
2022-03-17,2022,2,15,false,二月,十五,壬寅,虎,
2022-03-18,2022,2,16,false,二月,十六,壬寅,虎,
2022-03-19,2022,2,17,false,二月,十七,壬寅,虎,
2022-03-20,2022,2,18,false,二月,十八,壬寅,虎,春分
2022-03-21,2022,2,19,false,二月,十九,壬寅,虎,
2022-03-22,2022,2,20,false,二月,二十,壬寅,虎,
2022-03-23,2022,2,21,false,二月,廿一,壬寅,虎,
2022-03-24,2022,2,22,false,二月,廿二,壬寅,虎,
2022-03-25,2022,2,23,false,二月,廿三,壬寅,虎,
2022-03-26,2022,2,24,false,二月,廿四,壬寅,虎,
2022-03-27,2022,2,25,false,二月,廿五,壬寅,虎,
2022-03-28,2022,2,26,false,二月,廿六,壬寅,虎,
2022-03-29,2022,2,27,false,二月,廿七,壬寅,虎,
2022-03-30,2022,2,28,false,二月,廿八,壬寅,虎,
2022-03-31,2022,2,29,false,二月,廿九,壬寅,虎,
2022-04-01,2022,3,1,false,三月,初一,壬寅,虎,
2022-04-02,2022,3,2,false,三月,初二,壬寅,虎,
2022-04-03,2022,3,3,false,三月,初三,壬寅,虎,
2022-04-04,2022,3,4,false,三月,初四,壬寅,虎,
2022-04-05,2022,3,5,false,三月,初五,壬寅,虎,清明
2022-04-06,2022,3,6,false,三月,初六,壬寅,虎,
2022-04-07,2022,3,7,false,三月,初七,壬寅,虎,
2022-04-08,2022,3,8,false,三月,初八,壬寅,虎,
2022-04-09,2022,3,9,false,三月,初九,壬寅,虎,
2022-04-10,2022,3,10,false,三月,初十,壬寅,虎,
2022-04-11,2022,3,11,false,三月,十一,壬寅,虎,
2022-04-12,2022,3,12,false,三月,十二,壬寅,虎,
2022-04-13,2022,3,13,false,三月,十三,壬寅,虎,
2022-04-14,2022,3,14,false,三月,十四,壬寅,虎,
2022-04-15,2022,3,15,false,三月,十五,壬寅,虎,
2022-04-16,2022,3,16,false,三月,十六,壬寅,虎,
2022-04-17,2022,3,17,false,三月,十七,壬寅,虎,
2022-04-18,2022,3,18,false,三月,十八,壬寅,虎,
2022-04-19,2022,3,19,false,三月,十九,壬寅,虎,
2022-04-20,2022,3,20,false,三月,二十,壬寅,虎,穀雨
2022-04-21,2022,3,21,false,三月,廿一,壬寅,虎,
2022-04-22,2022,3,22,false,三月,廿二,壬寅,虎,
2022-04-23,2022,3,23,false,三月,廿三,壬寅,虎,
2022-04-24,2022,3,24,false,三月,廿四,壬寅,虎,
2022-04-25,2022,3,25,false,三月,廿五,壬寅,虎,
2022-04-26,2022,3,26,false,三月,廿六,壬寅,虎,
2022-04-27,2022,3,27,false,三月,廿七,壬寅,虎,
2022-04-28,2022,3,28,false,三月,廿八,壬寅,虎,
2022-04-29,2022,3,29,false,三月,廿九,壬寅,虎,
2022-04-30,2022,3,30,false,三月,三十,壬寅,虎,
2022-05-01,2022,4,1,false,四月,初一,壬寅,虎,
2022-05-02,2022,4,2,false,四月,初二,壬寅,虎,
2022-05-03,2022,4,3,false,四月,初三,壬寅,虎,
2022-05-04,2022,4,4,false,四月,初四,壬寅,虎,
2022-05-05,2022,4,5,false,四月,初五,壬寅,虎,立夏
2022-05-06,2022,4,6,false,四月,初六,壬寅,虎,
2022-05-07,2022,4,7,false,四月,初七,壬寅,虎,
2022-05-08,2022,4,8,false,四月,初八,壬寅,虎,
2022-05-09,2022,4,9,false,四月,初九,壬寅,虎,
2022-05-10,2022,4,10,false,四月,初十,壬寅,虎,
2022-05-11,2022,4,11,false,四月,十一,壬寅,虎,
2022-05-12,2022,4,12,false,四月,十二,壬寅,虎,
2022-05-13,2022,4,13,false,四月,十三,壬寅,虎,
2022-05-14,2022,4,14,false,四月,十四,壬寅,虎,
2022-05-15,2022,4,15,false,四月,十五,壬寅,虎,
2022-05-16,2022,4,16,false,四月,十六,壬寅,虎,
2022-05-17,2022,4,17,false,四月,十七,壬寅,虎,
2022-05-18,2022,4,18,false,四月,十八,壬寅,虎,
2022-05-19,2022,4,19,false,四月,十九,壬寅,虎,
2022-05-20,2022,4,20,false,四月,二十,壬寅,虎,
2022-05-21,2022,4,21,false,四月,廿一,壬寅,虎,小滿
2022-05-22,2022,4,22,false,四月,廿二,壬寅,虎,
2022-05-23,2022,4,23,false,四月,廿三,壬寅,虎,
2022-05-24,2022,4,24,false,四月,廿四,壬寅,虎,
2022-05-25,2022,4,25,false,四月,廿五,壬寅,虎,
2022-05-26,2022,4,26,false,四月,廿六,壬寅,虎,
2022-05-27,2022,4,27,false,四月,廿七,壬寅,虎,
2022-05-28,2022,4,28,false,四月,廿八,壬寅,虎,
2022-05-29,2022,4,29,false,四月,廿九,壬寅,虎,
2022-05-30,2022,5,1,false,五月,初一,壬寅,虎,
2022-05-31,2022,5,2,false,五月,初二,壬寅,虎,
2022-06-01,2022,5,3,false,五月,初三,壬寅,虎,
2022-06-02,2022,5,4,false,五月,初四,壬寅,虎,
2022-06-03,2022,5,5,false,五月,初五,壬寅,虎,
2022-06-04,2022,5,6,false,五月,初六,壬寅,虎,
2022-06-05,2022,5,7,false,五月,初七,壬寅,虎,
2022-06-06,2022,5,8,false,五月,初八,壬寅,虎,芒種
2022-06-07,2022,5,9,false,五月,初九,壬寅,虎,
2022-06-08,2022,5,10,false,五月,初十,壬寅,虎,
2022-06-09,2022,5,11,false,五月,十一,壬寅,虎,
2022-06-10,2022,5,12,false,五月,十二,壬寅,虎,
2022-06-11,2022,5,13,false,五月,十三,壬寅,虎,
2022-06-12,2022,5,14,false,五月,十四,壬寅,虎,
2022-06-13,2022,5,15,false,五月,十五,壬寅,虎,
2022-06-14,2022,5,16,false,五月,十六,壬寅,虎,
2022-06-15,2022,5,17,false,五月,十七,壬寅,虎,
2022-06-16,2022,5,18,false,五月,十八,壬寅,虎,
2022-06-17,2022,5,19,false,五月,十九,壬寅,虎,
2022-06-18,2022,5,20,false,五月,二十,壬寅,虎,
2022-06-19,2022,5,21,false,五月,廿一,壬寅,虎,
2022-06-20,2022,5,22,false,五月,廿二,壬寅,虎,
2022-06-21,2022,5,23,false,五月,廿三,壬寅,虎,夏至
2022-06-22,2022,5,24,false,五月,廿四,壬寅,虎,
2022-06-23,2022,5,25,false,五月,廿五,壬寅,虎,
2022-06-24,2022,5,26,false,五月,廿六,壬寅,虎,
2022-06-25,2022,5,27,false,五月,廿七,壬寅,虎,
2022-06-26,2022,5,28,false,五月,廿八,壬寅,虎,
2022-06-27,2022,5,29,false,五月,廿九,壬寅,虎,
2022-06-28,2022,5,30,false,五月,三十,壬寅,虎,
2022-06-29,2022,6,1,false,六月,初一,壬寅,虎,
2022-06-30,2022,6,2,false,六月,初二,壬寅,虎,
2022-07-01,2022,6,3,false,六月,初三,壬寅,虎,
2022-07-02,2022,6,4,false,六月,初四,壬寅,虎,
2022-07-03,2022,6,5,false,六月,初五,壬寅,虎,
2022-07-04,2022,6,6,false,六月,初六,壬寅,虎,
2022-07-05,2022,6,7,false,六月,初七,壬寅,虎,
2022-07-06,2022,6,8,false,六月,初八,壬寅,虎,
2022-07-07,2022,6,9,false,六月,初九,壬寅,虎,小暑
2022-07-08,2022,6,10,false,六月,初十,壬寅,虎,
2022-07-09,2022,6,11,false,六月,十一,壬寅,虎,
2022-07-10,2022,6,12,false,六月,十二,壬寅,虎,
2022-07-11,2022,6,13,false,六月,十三,壬寅,虎,
2022-07-12,2022,6,14,false,六月,十四,壬寅,虎,
2022-07-13,2022,6,15,false,六月,十五,壬寅,虎,
2022-07-14,2022,6,16,false,六月,十六,壬寅,虎,
2022-07-15,2022,6,17,false,六月,十七,壬寅,虎,
2022-07-16,2022,6,18,false,六月,十八,壬寅,虎,
2022-07-17,2022,6,19,false,六月,十九,壬寅,虎,
2022-07-18,2022,6,20,false,六月,二十,壬寅,虎,
2022-07-19,2022,6,21,false,六月,廿一,壬寅,虎,
2022-07-20,2022,6,22,false,六月,廿二,壬寅,虎,
2022-07-21,2022,6,23,false,六月,廿三,壬寅,虎,
2022-07-22,2022,6,24,false,六月,廿四,壬寅,虎,
2022-07-23,2022,6,25,false,六月,廿五,壬寅,虎,大暑
2022-07-24,2022,6,26,false,六月,廿六,壬寅,虎,
2022-07-25,2022,6,27,false,六月,廿七,壬寅,虎,
2022-07-26,2022,6,28,false,六月,廿八,壬寅,虎,
2022-07-27,2022,6,29,false,六月,廿九,壬寅,虎,
2022-07-28,2022,6,30,false,六月,三十,壬寅,虎,
2022-07-29,2022,7,1,false,七月,初一,壬寅,虎,
2022-07-30,2022,7,2,false,七月,初二,壬寅,虎,
2022-07-31,2022,7,3,false,七月,初三,壬寅,虎,
2022-08-01,2022,7,4,false,七月,初四,壬寅,虎,
2022-08-02,2022,7,5,false,七月,初五,壬寅,虎,
2022-08-03,2022,7,6,false,七月,初六,壬寅,虎,
2022-08-04,2022,7,7,false,七月,初七,壬寅,虎,
2022-08-05,2022,7,8,false,七月,初八,壬寅,虎,
2022-08-06,2022,7,9,false,七月,初九,壬寅,虎,
2022-08-07,2022,7,10,false,七月,初十,壬寅,虎,立秋
2022-08-08,2022,7,11,false,七月,十一,壬寅,虎,
2022-08-09,2022,7,12,false,七月,十二,壬寅,虎,
2022-08-10,2022,7,13,false,七月,十三,壬寅,虎,
2022-08-11,2022,7,14,false,七月,十四,壬寅,虎,
2022-08-12,2022,7,15,false,七月,十五,壬寅,虎,
2022-08-13,2022,7,16,false,七月,十六,壬寅,虎,
2022-08-14,2022,7,17,false,七月,十七,壬寅,虎,
2022-08-15,2022,7,18,false,七月,十八,壬寅,虎,
2022-08-16,2022,7,19,false,七月,十九,壬寅,虎,
2022-08-17,2022,7,20,false,七月,二十,壬寅,虎,
2022-08-18,2022,7,21,false,七月,廿一,壬寅,虎,
2022-08-19,2022,7,22,false,七月,廿二,壬寅,虎,
2022-08-20,2022,7,23,false,七月,廿三,壬寅,虎,
2022-08-21,2022,7,24,false,七月,廿四,壬寅,虎,
2022-08-22,2022,7,25,false,七月,廿五,壬寅,虎,
2022-08-23,2022,7,26,false,七月,廿六,壬寅,虎,處暑
2022-08-24,2022,7,27,false,七月,廿七,壬寅,虎,
2022-08-25,2022,7,28,false,七月,廿八,壬寅,虎,
2022-08-26,2022,7,29,false,七月,廿九,壬寅,虎,
2022-08-27,2022,8,1,false,八月,初一,壬寅,虎,
2022-08-28,2022,8,2,false,八月,初二,壬寅,虎,
2022-08-29,2022,8,3,false,八月,初三,壬寅,虎,
2022-08-30,2022,8,4,false,八月,初四,壬寅,虎,
2022-08-31,2022,8,5,false,八月,初五,壬寅,虎,
2022-09-01,2022,8,6,false,八月,初六,壬寅,虎,
2022-09-02,2022,8,7,false,八月,初七,壬寅,虎,
2022-09-03,2022,8,8,false,八月,初八,壬寅,虎,
2022-09-04,2022,8,9,false,八月,初九,壬寅,虎,
2022-09-05,2022,8,10,false,八月,初十,壬寅,虎,
2022-09-06,2022,8,11,false,八月,十一,壬寅,虎,
2022-09-07,2022,8,12,false,八月,十二,壬寅,虎,白露
2022-09-08,2022,8,13,false,八月,十三,壬寅,虎,
2022-09-09,2022,8,14,false,八月,十四,壬寅,虎,
2022-09-10,2022,8,15,false,八月,十五,壬寅,虎,
2022-09-11,2022,8,16,false,八月,十六,壬寅,虎,
2022-09-12,2022,8,17,false,八月,十七,壬寅,虎,
2022-09-13,2022,8,18,false,八月,十八,壬寅,虎,
2022-09-14,2022,8,19,false,八月,十九,壬寅,虎,
2022-09-15,2022,8,20,false,八月,二十,壬寅,虎,
2022-09-16,2022,8,21,false,八月,廿一,壬寅,虎,
2022-09-17,2022,8,22,false,八月,廿二,壬寅,虎,
2022-09-18,2022,8,23,false,八月,廿三,壬寅,虎,
2022-09-19,2022,8,24,false,八月,廿四,壬寅,虎,
2022-09-20,2022,8,25,false,八月,廿五,壬寅,虎,
2022-09-21,2022,8,26,false,八月,廿六,壬寅,虎,
2022-09-22,2022,8,27,false,八月,廿七,壬寅,虎,
2022-09-23,2022,8,28,false,八月,廿八,壬寅,虎,秋分
2022-09-24,2022,8,29,false,八月,廿九,壬寅,虎,
2022-09-25,2022,8,30,false,八月,三十,壬寅,虎,
2022-09-26,2022,9,1,false,九月,初一,壬寅,虎,
2022-09-27,2022,9,2,false,九月,初二,壬寅,虎,
2022-09-28,2022,9,3,false,九月,初三,壬寅,虎,
2022-09-29,2022,9,4,false,九月,初四,壬寅,虎,
2022-09-30,2022,9,5,false,九月,初五,壬寅,虎,
2022-10-01,2022,9,6,false,九月,初六,壬寅,虎,
2022-10-02,2022,9,7,false,九月,初七,壬寅,虎,
2022-10-03,2022,9,8,false,九月,初八,壬寅,虎,
2022-10-04,2022,9,9,false,九月,初九,壬寅,虎,
2022-10-05,2022,9,10,false,九月,初十,壬寅,虎,
2022-10-06,2022,9,11,false,九月,十一,壬寅,虎,
2022-10-07,2022,9,12,false,九月,十二,壬寅,虎,
2022-10-08,2022,9,13,false,九月,十三,壬寅,虎,寒露
2022-10-09,2022,9,14,false,九月,十四,壬寅,虎,
2022-10-10,2022,9,15,false,九月,十五,壬寅,虎,
2022-10-11,2022,9,16,false,九月,十六,壬寅,虎,
2022-10-12,2022,9,17,false,九月,十七,壬寅,虎,
2022-10-13,2022,9,18,false,九月,十八,壬寅,虎,
2022-10-14,2022,9,19,false,九月,十九,壬寅,虎,
2022-10-15,2022,9,20,false,九月,二十,壬寅,虎,
2022-10-16,2022,9,21,false,九月,廿一,壬寅,虎,
2022-10-17,2022,9,22,false,九月,廿二,壬寅,虎,
2022-10-18,2022,9,23,false,九月,廿三,壬寅,虎,
2022-10-19,2022,9,24,false,九月,廿四,壬寅,虎,
2022-10-20,2022,9,25,false,九月,廿五,壬寅,虎,
2022-10-21,2022,9,26,false,九月,廿六,壬寅,虎,
2022-10-22,2022,9,27,false,九月,廿七,壬寅,虎,
2022-10-23,2022,9,28,false,九月,廿八,壬寅,虎,霜降
2022-10-24,2022,9,29,false,九月,廿九,壬寅,虎,
2022-10-25,2022,10,1,false,十月,初一,壬寅,虎,
2022-10-26,2022,10,2,false,十月,初二,壬寅,虎,
2022-10-27,2022,10,3,false,十月,初三,壬寅,虎,
2022-10-28,2022,10,4,false,十月,初四,壬寅,虎,
2022-10-29,2022,10,5,false,十月,初五,壬寅,虎,
2022-10-30,2022,10,6,false,十月,初六,壬寅,虎,
2022-10-31,2022,10,7,false,十月,初七,壬寅,虎,
2022-11-01,2022,10,8,false,十月,初八,壬寅,虎,
2022-11-02,2022,10,9,false,十月,初九,壬寅,虎,
2022-11-03,2022,10,10,false,十月,初十,壬寅,虎,
2022-11-04,2022,10,11,false,十月,十一,壬寅,虎,
2022-11-05,2022,10,12,false,十月,十二,壬寅,虎,
2022-11-06,2022,10,13,false,十月,十三,壬寅,虎,
2022-11-07,2022,10,14,false,十月,十四,壬寅,虎,立冬
2022-11-08,2022,10,15,false,十月,十五,壬寅,虎,
2022-11-09,2022,10,16,false,十月,十六,壬寅,虎,
2022-11-10,2022,10,17,false,十月,十七,壬寅,虎,
2022-11-11,2022,10,18,false,十月,十八,壬寅,虎,
2022-11-12,2022,10,19,false,十月,十九,壬寅,虎,
2022-11-13,2022,10,20,false,十月,二十,壬寅,虎,
2022-11-14,2022,10,21,false,十月,廿一,壬寅,虎,
2022-11-15,2022,10,22,false,十月,廿二,壬寅,虎,
2022-11-16,2022,10,23,false,十月,廿三,壬寅,虎,
2022-11-17,2022,10,24,false,十月,廿四,壬寅,虎,
2022-11-18,2022,10,25,false,十月,廿五,壬寅,虎,
2022-11-19,2022,10,26,false,十月,廿六,壬寅,虎,
2022-11-20,2022,10,27,false,十月,廿七,壬寅,虎,
2022-11-21,2022,10,28,false,十月,廿八,壬寅,虎,
2022-11-22,2022,10,29,false,十月,廿九,壬寅,虎,小雪
2022-11-23,2022,10,30,false,十月,三十,壬寅,虎,
2022-11-24,2022,11,1,false,十一月,初一,壬寅,虎,
2022-11-25,2022,11,2,false,十一月,初二,壬寅,虎,
2022-11-26,2022,11,3,false,十一月,初三,壬寅,虎,
2022-11-27,2022,11,4,false,十一月,初四,壬寅,虎,
2022-11-28,2022,11,5,false,十一月,初五,壬寅,虎,
2022-11-29,2022,11,6,false,十一月,初六,壬寅,虎,
2022-11-30,2022,11,7,false,十一月,初七,壬寅,虎,
2022-12-01,2022,11,8,false,十一月,初八,壬寅,虎,
2022-12-02,2022,11,9,false,十一月,初九,壬寅,虎,
2022-12-03,2022,11,10,false,十一月,初十,壬寅,虎,
2022-12-04,2022,11,11,false,十一月,十一,壬寅,虎,
2022-12-05,2022,11,12,false,十一月,十二,壬寅,虎,
2022-12-06,2022,11,13,false,十一月,十三,壬寅,虎,
2022-12-07,2022,11,14,false,十一月,十四,壬寅,虎,大雪
2022-12-08,2022,11,15,false,十一月,十五,壬寅,虎,
2022-12-09,2022,11,16,false,十一月,十六,壬寅,虎,
2022-12-10,2022,11,17,false,十一月,十七,壬寅,虎,
2022-12-11,2022,11,18,false,十一月,十八,壬寅,虎,
2022-12-12,2022,11,19,false,十一月,十九,壬寅,虎,
2022-12-13,2022,11,20,false,十一月,二十,壬寅,虎,
2022-12-14,2022,11,21,false,十一月,廿一,壬寅,虎,
2022-12-15,2022,11,22,false,十一月,廿二,壬寅,虎,
2022-12-16,2022,11,23,false,十一月,廿三,壬寅,虎,
2022-12-17,2022,11,24,false,十一月,廿四,壬寅,虎,
2022-12-18,2022,11,25,false,十一月,廿五,壬寅,虎,
2022-12-19,2022,11,26,false,十一月,廿六,壬寅,虎,
2022-12-20,2022,11,27,false,十一月,廿七,壬寅,虎,
2022-12-21,2022,11,28,false,十一月,廿八,壬寅,虎,
2022-12-22,2022,11,29,false,十一月,廿九,壬寅,虎,冬至
2022-12-23,2022,12,1,false,十二月,初一,壬寅,虎,
2022-12-24,2022,12,2,false,十二月,初二,壬寅,虎,
2022-12-25,2022,12,3,false,十二月,初三,壬寅,虎,
2022-12-26,2022,12,4,false,十二月,初四,壬寅,虎,
2022-12-27,2022,12,5,false,十二月,初五,壬寅,虎,
2022-12-28,2022,12,6,false,十二月,初六,壬寅,虎,
2022-12-29,2022,12,7,false,十二月,初七,壬寅,虎,
2022-12-30,2022,12,8,false,十二月,初八,壬寅,虎,
2022-12-31,2022,12,9,false,十二月,初九,壬寅,虎,
2023-01-01,2022,12,10,false,十二月,初十,壬寅,虎,
2023-01-02,2022,12,11,false,十二月,十一,壬寅,虎,
2023-01-03,2022,12,12,false,十二月,十二,壬寅,虎,
2023-01-04,2022,12,13,false,十二月,十三,壬寅,虎,
2023-01-05,2022,12,14,false,十二月,十四,壬寅,虎,小寒
2023-01-06,2022,12,15,false,十二月,十五,壬寅,虎,
2023-01-07,2022,12,16,false,十二月,十六,壬寅,虎,
2023-01-08,2022,12,17,false,十二月,十七,壬寅,虎,
2023-01-09,2022,12,18,false,十二月,十八,壬寅,虎,
2023-01-10,2022,12,19,false,十二月,十九,壬寅,虎,
2023-01-11,2022,12,20,false,十二月,二十,壬寅,虎,
2023-01-12,2022,12,21,false,十二月,廿一,壬寅,虎,
2023-01-13,2022,12,22,false,十二月,廿二,壬寅,虎,
2023-01-14,2022,12,23,false,十二月,廿三,壬寅,虎,
2023-01-15,2022,12,24,false,十二月,廿四,壬寅,虎,
2023-01-16,2022,12,25,false,十二月,廿五,壬寅,虎,
2023-01-17,2022,12,26,false,十二月,廿六,壬寅,虎,
2023-01-18,2022,12,27,false,十二月,廿七,壬寅,虎,
2023-01-19,2022,12,28,false,十二月,廿八,壬寅,虎,
2023-01-20,2022,12,29,false,十二月,廿九,壬寅,虎,大寒
2023-01-21,2022,12,30,false,十二月,三十,壬寅,虎,
2023-01-22,2023,1,1,false,一月,初一,癸卯,兔,
2023-01-23,2023,1,2,false,一月,初二,癸卯,兔,
2023-01-24,2023,1,3,false,一月,初三,癸卯,兔,
2023-01-25,2023,1,4,false,一月,初四,癸卯,兔,
2023-01-26,2023,1,5,false,一月,初五,癸卯,兔,
2023-01-27,2023,1,6,false,一月,初六,癸卯,兔,
2023-01-28,2023,1,7,false,一月,初七,癸卯,兔,
2023-01-29,2023,1,8,false,一月,初八,癸卯,兔,
2023-01-30,2023,1,9,false,一月,初九,癸卯,兔,
2023-01-31,2023,1,10,false,一月,初十,癸卯,兔,
2023-02-01,2023,1,11,false,一月,十一,癸卯,兔,
2023-02-02,2023,1,12,false,一月,十二,癸卯,兔,
2023-02-03,2023,1,13,false,一月,十三,癸卯,兔,
2023-02-04,2023,1,14,false,一月,十四,癸卯,兔,立春
2023-02-05,2023,1,15,false,一月,十五,癸卯,兔,
2023-02-06,2023,1,16,false,一月,十六,癸卯,兔,
2023-02-07,2023,1,17,false,一月,十七,癸卯,兔,
2023-02-08,2023,1,18,false,一月,十八,癸卯,兔,
2023-02-09,2023,1,19,false,一月,十九,癸卯,兔,
2023-02-10,2023,1,20,false,一月,二十,癸卯,兔,
2023-02-11,2023,1,21,false,一月,廿一,癸卯,兔,
2023-02-12,2023,1,22,false,一月,廿二,癸卯,兔,
2023-02-13,2023,1,23,false,一月,廿三,癸卯,兔,
2023-02-14,2023,1,24,false,一月,廿四,癸卯,兔,
2023-02-15,2023,1,25,false,一月,廿五,癸卯,兔,
2023-02-16,2023,1,26,false,一月,廿六,癸卯,兔,
2023-02-17,2023,1,27,false,一月,廿七,癸卯,兔,
2023-02-18,2023,1,28,false,一月,廿八,癸卯,兔,
2023-02-19,2023,1,29,false,一月,廿九,癸卯,兔,雨水
2023-02-20,2023,2,1,false,二月,初一,癸卯,兔,
2023-02-21,2023,2,2,false,二月,初二,癸卯,兔,
2023-02-22,2023,2,3,false,二月,初三,癸卯,兔,
2023-02-23,2023,2,4,false,二月,初四,癸卯,兔,
2023-02-24,2023,2,5,false,二月,初五,癸卯,兔,
2023-02-25,2023,2,6,false,二月,初六,癸卯,兔,
2023-02-26,2023,2,7,false,二月,初七,癸卯,兔,
2023-02-27,2023,2,8,false,二月,初八,癸卯,兔,
2023-02-28,2023,2,9,false,二月,初九,癸卯,兔,
2023-03-01,2023,2,10,false,二月,初十,癸卯,兔,
2023-03-02,2023,2,11,false,二月,十一,癸卯,兔,
2023-03-03,2023,2,12,false,二月,十二,癸卯,兔,
2023-03-04,2023,2,13,false,二月,十三,癸卯,兔,
2023-03-05,2023,2,14,false,二月,十四,癸卯,兔,
2023-03-06,2023,2,15,false,二月,十五,癸卯,兔,驚蟄
2023-03-07,2023,2,16,false,二月,十六,癸卯,兔,
2023-03-08,2023,2,17,false,二月,十七,癸卯,兔,
2023-03-09,2023,2,18,false,二月,十八,癸卯,兔,
2023-03-10,2023,2,19,false,二月,十九,癸卯,兔,
2023-03-11,2023,2,20,false,二月,二十,癸卯,兔,
2023-03-12,2023,2,21,false,二月,廿一,癸卯,兔,
2023-03-13,2023,2,22,false,二月,廿二,癸卯,兔,
2023-03-14,2023,2,23,false,二月,廿三,癸卯,兔,
2023-03-15,2023,2,24,false,二月,廿四,癸卯,兔,
2023-03-16,2023,2,25,false,二月,廿五,癸卯,兔,
2023-03-17,2023,2,26,false,二月,廿六,癸卯,兔,
2023-03-18,2023,2,27,false,二月,廿七,癸卯,兔,
2023-03-19,2023,2,28,false,二月,廿八,癸卯,兔,
2023-03-20,2023,2,29,false,二月,廿九,癸卯,兔,
2023-03-21,2023,2,30,false,二月,三十,癸卯,兔,春分
2023-03-22,2023,2,1,true,閏二月,初一,癸卯,兔,
2023-03-23,2023,2,2,true,閏二月,初二,癸卯,兔,
2023-03-24,2023,2,3,true,閏二月,初三,癸卯,兔,
2023-03-25,2023,2,4,true,閏二月,初四,癸卯,兔,
2023-03-26,2023,2,5,true,閏二月,初五,癸卯,兔,
2023-03-27,2023,2,6,true,閏二月,初六,癸卯,兔,
2023-03-28,2023,2,7,true,閏二月,初七,癸卯,兔,
2023-03-29,2023,2,8,true,閏二月,初八,癸卯,兔,
2023-03-30,2023,2,9,true,閏二月,初九,癸卯,兔,
2023-03-31,2023,2,10,true,閏二月,初十,癸卯,兔,
2023-04-01,2023,2,11,true,閏二月,十一,癸卯,兔,
2023-04-02,2023,2,12,true,閏二月,十二,癸卯,兔,
2023-04-03,2023,2,13,true,閏二月,十三,癸卯,兔,
2023-04-04,2023,2,14,true,閏二月,十四,癸卯,兔,
2023-04-05,2023,2,15,true,閏二月,十五,癸卯,兔,清明
2023-04-06,2023,2,16,true,閏二月,十六,癸卯,兔,
2023-04-07,2023,2,17,true,閏二月,十七,癸卯,兔,
2023-04-08,2023,2,18,true,閏二月,十八,癸卯,兔,
2023-04-09,2023,2,19,true,閏二月,十九,癸卯,兔,
2023-04-10,2023,2,20,true,閏二月,二十,癸卯,兔,
2023-04-11,2023,2,21,true,閏二月,廿一,癸卯,兔,
2023-04-12,2023,2,22,true,閏二月,廿二,癸卯,兔,
2023-04-13,2023,2,23,true,閏二月,廿三,癸卯,兔,
2023-04-14,2023,2,24,true,閏二月,廿四,癸卯,兔,
2023-04-15,2023,2,25,true,閏二月,廿五,癸卯,兔,
2023-04-16,2023,2,26,true,閏二月,廿六,癸卯,兔,
2023-04-17,2023,2,27,true,閏二月,廿七,癸卯,兔,
2023-04-18,2023,2,28,true,閏二月,廿八,癸卯,兔,
2023-04-19,2023,2,29,true,閏二月,廿九,癸卯,兔,
2023-04-20,2023,3,1,false,三月,初一,癸卯,兔,穀雨
2023-04-21,2023,3,2,false,三月,初二,癸卯,兔,
2023-04-22,2023,3,3,false,三月,初三,癸卯,兔,
2023-04-23,2023,3,4,false,三月,初四,癸卯,兔,
2023-04-24,2023,3,5,false,三月,初五,癸卯,兔,
2023-04-25,2023,3,6,false,三月,初六,癸卯,兔,
2023-04-26,2023,3,7,false,三月,初七,癸卯,兔,
2023-04-27,2023,3,8,false,三月,初八,癸卯,兔,
2023-04-28,2023,3,9,false,三月,初九,癸卯,兔,
2023-04-29,2023,3,10,false,三月,初十,癸卯,兔,
2023-04-30,2023,3,11,false,三月,十一,癸卯,兔,
2023-05-01,2023,3,12,false,三月,十二,癸卯,兔,
2023-05-02,2023,3,13,false,三月,十三,癸卯,兔,
2023-05-03,2023,3,14,false,三月,十四,癸卯,兔,
2023-05-04,2023,3,15,false,三月,十五,癸卯,兔,
2023-05-05,2023,3,16,false,三月,十六,癸卯,兔,
2023-05-06,2023,3,17,false,三月,十七,癸卯,兔,立夏
2023-05-07,2023,3,18,false,三月,十八,癸卯,兔,
2023-05-08,2023,3,19,false,三月,十九,癸卯,兔,
2023-05-09,2023,3,20,false,三月,二十,癸卯,兔,
2023-05-10,2023,3,21,false,三月,廿一,癸卯,兔,
2023-05-11,2023,3,22,false,三月,廿二,癸卯,兔,
2023-05-12,2023,3,23,false,三月,廿三,癸卯,兔,
2023-05-13,2023,3,24,false,三月,廿四,癸卯,兔,
2023-05-14,2023,3,25,false,三月,廿五,癸卯,兔,
2023-05-15,2023,3,26,false,三月,廿六,癸卯,兔,
2023-05-16,2023,3,27,false,三月,廿七,癸卯,兔,
2023-05-17,2023,3,28,false,三月,廿八,癸卯,兔,
2023-05-18,2023,3,29,false,三月,廿九,癸卯,兔,
2023-05-19,2023,4,1,false,四月,初一,癸卯,兔,
2023-05-20,2023,4,2,false,四月,初二,癸卯,兔,
2023-05-21,2023,4,3,false,四月,初三,癸卯,兔,小滿
2023-05-22,2023,4,4,false,四月,初四,癸卯,兔,
2023-05-23,2023,4,5,false,四月,初五,癸卯,兔,
2023-05-24,2023,4,6,false,四月,初六,癸卯,兔,
2023-05-25,2023,4,7,false,四月,初七,癸卯,兔,
2023-05-26,2023,4,8,false,四月,初八,癸卯,兔,
2023-05-27,2023,4,9,false,四月,初九,癸卯,兔,
2023-05-28,2023,4,10,false,四月,初十,癸卯,兔,
2023-05-29,2023,4,11,false,四月,十一,癸卯,兔,
2023-05-30,2023,4,12,false,四月,十二,癸卯,兔,
2023-05-31,2023,4,13,false,四月,十三,癸卯,兔,
2023-06-01,2023,4,14,false,四月,十四,癸卯,兔,
2023-06-02,2023,4,15,false,四月,十五,癸卯,兔,
2023-06-03,2023,4,16,false,四月,十六,癸卯,兔,
2023-06-04,2023,4,17,false,四月,十七,癸卯,兔,
2023-06-05,2023,4,18,false,四月,十八,癸卯,兔,
2023-06-06,2023,4,19,false,四月,十九,癸卯,兔,芒種
2023-06-07,2023,4,20,false,四月,二十,癸卯,兔,
2023-06-08,2023,4,21,false,四月,廿一,癸卯,兔,
2023-06-09,2023,4,22,false,四月,廿二,癸卯,兔,
2023-06-10,2023,4,23,false,四月,廿三,癸卯,兔,
2023-06-11,2023,4,24,false,四月,廿四,癸卯,兔,
2023-06-12,2023,4,25,false,四月,廿五,癸卯,兔,
2023-06-13,2023,4,26,false,四月,廿六,癸卯,兔,
2023-06-14,2023,4,27,false,四月,廿七,癸卯,兔,
2023-06-15,2023,4,28,false,四月,廿八,癸卯,兔,
2023-06-16,2023,4,29,false,四月,廿九,癸卯,兔,
2023-06-17,2023,4,30,false,四月,三十,癸卯,兔,
2023-06-18,2023,5,1,false,五月,初一,癸卯,兔,
2023-06-19,2023,5,2,false,五月,初二,癸卯,兔,
2023-06-20,2023,5,3,false,五月,初三,癸卯,兔,
2023-06-21,2023,5,4,false,五月,初四,癸卯,兔,夏至
2023-06-22,2023,5,5,false,五月,初五,癸卯,兔,
2023-06-23,2023,5,6,false,五月,初六,癸卯,兔,
2023-06-24,2023,5,7,false,五月,初七,癸卯,兔,
2023-06-25,2023,5,8,false,五月,初八,癸卯,兔,
2023-06-26,2023,5,9,false,五月,初九,癸卯,兔,
2023-06-27,2023,5,10,false,五月,初十,癸卯,兔,
2023-06-28,2023,5,11,false,五月,十一,癸卯,兔,
2023-06-29,2023,5,12,false,五月,十二,癸卯,兔,
2023-06-30,2023,5,13,false,五月,十三,癸卯,兔,
2023-07-01,2023,5,14,false,五月,十四,癸卯,兔,
2023-07-02,2023,5,15,false,五月,十五,癸卯,兔,
2023-07-03,2023,5,16,false,五月,十六,癸卯,兔,
2023-07-04,2023,5,17,false,五月,十七,癸卯,兔,
2023-07-05,2023,5,18,false,五月,十八,癸卯,兔,
2023-07-06,2023,5,19,false,五月,十九,癸卯,兔,
2023-07-07,2023,5,20,false,五月,二十,癸卯,兔,小暑
2023-07-08,2023,5,21,false,五月,廿一,癸卯,兔,
2023-07-09,2023,5,22,false,五月,廿二,癸卯,兔,
2023-07-10,2023,5,23,false,五月,廿三,癸卯,兔,
2023-07-11,2023,5,24,false,五月,廿四,癸卯,兔,
2023-07-12,2023,5,25,false,五月,廿五,癸卯,兔,
2023-07-13,2023,5,26,false,五月,廿六,癸卯,兔,
2023-07-14,2023,5,27,false,五月,廿七,癸卯,兔,
2023-07-15,2023,5,28,false,五月,廿八,癸卯,兔,
2023-07-16,2023,5,29,false,五月,廿九,癸卯,兔,
2023-07-17,2023,5,30,false,五月,三十,癸卯,兔,
2023-07-18,2023,6,1,false,六月,初一,癸卯,兔,
2023-07-19,2023,6,2,false,六月,初二,癸卯,兔,
2023-07-20,2023,6,3,false,六月,初三,癸卯,兔,
2023-07-21,2023,6,4,false,六月,初四,癸卯,兔,
2023-07-22,2023,6,5,false,六月,初五,癸卯,兔,
2023-07-23,2023,6,6,false,六月,初六,癸卯,兔,大暑
2023-07-24,2023,6,7,false,六月,初七,癸卯,兔,
2023-07-25,2023,6,8,false,六月,初八,癸卯,兔,
2023-07-26,2023,6,9,false,六月,初九,癸卯,兔,
2023-07-27,2023,6,10,false,六月,初十,癸卯,兔,
2023-07-28,2023,6,11,false,六月,十一,癸卯,兔,
2023-07-29,2023,6,12,false,六月,十二,癸卯,兔,
2023-07-30,2023,6,13,false,六月,十三,癸卯,兔,
2023-07-31,2023,6,14,false,六月,十四,癸卯,兔,
2023-08-01,2023,6,15,false,六月,十五,癸卯,兔,
2023-08-02,2023,6,16,false,六月,十六,癸卯,兔,
2023-08-03,2023,6,17,false,六月,十七,癸卯,兔,
2023-08-04,2023,6,18,false,六月,十八,癸卯,兔,
2023-08-05,2023,6,19,false,六月,十九,癸卯,兔,
2023-08-06,2023,6,20,false,六月,二十,癸卯,兔,
2023-08-07,2023,6,21,false,六月,廿一,癸卯,兔,
2023-08-08,2023,6,22,false,六月,廿二,癸卯,兔,立秋
2023-08-09,2023,6,23,false,六月,廿三,癸卯,兔,
2023-08-10,2023,6,24,false,六月,廿四,癸卯,兔,
2023-08-11,2023,6,25,false,六月,廿五,癸卯,兔,
2023-08-12,2023,6,26,false,六月,廿六,癸卯,兔,
2023-08-13,2023,6,27,false,六月,廿七,癸卯,兔,
2023-08-14,2023,6,28,false,六月,廿八,癸卯,兔,
2023-08-15,2023,6,29,false,六月,廿九,癸卯,兔,
2023-08-16,2023,7,1,false,七月,初一,癸卯,兔,
2023-08-17,2023,7,2,false,七月,初二,癸卯,兔,
2023-08-18,2023,7,3,false,七月,初三,癸卯,兔,
2023-08-19,2023,7,4,false,七月,初四,癸卯,兔,
2023-08-20,2023,7,5,false,七月,初五,癸卯,兔,
2023-08-21,2023,7,6,false,七月,初六,癸卯,兔,
2023-08-22,2023,7,7,false,七月,初七,癸卯,兔,
2023-08-23,2023,7,8,false,七月,初八,癸卯,兔,處暑
2023-08-24,2023,7,9,false,七月,初九,癸卯,兔,
2023-08-25,2023,7,10,false,七月,初十,癸卯,兔,
2023-08-26,2023,7,11,false,七月,十一,癸卯,兔,
2023-08-27,2023,7,12,false,七月,十二,癸卯,兔,
2023-08-28,2023,7,13,false,七月,十三,癸卯,兔,
2023-08-29,2023,7,14,false,七月,十四,癸卯,兔,
2023-08-30,2023,7,15,false,七月,十五,癸卯,兔,
2023-08-31,2023,7,16,false,七月,十六,癸卯,兔,
2023-09-01,2023,7,17,false,七月,十七,癸卯,兔,
2023-09-02,2023,7,18,false,七月,十八,癸卯,兔,
2023-09-03,2023,7,19,false,七月,十九,癸卯,兔,
2023-09-04,2023,7,20,false,七月,二十,癸卯,兔,
2023-09-05,2023,7,21,false,七月,廿一,癸卯,兔,
2023-09-06,2023,7,22,false,七月,廿二,癸卯,兔,
2023-09-07,2023,7,23,false,七月,廿三,癸卯,兔,
2023-09-08,2023,7,24,false,七月,廿四,癸卯,兔,白露
2023-09-09,2023,7,25,false,七月,廿五,癸卯,兔,
2023-09-10,2023,7,26,false,七月,廿六,癸卯,兔,
2023-09-11,2023,7,27,false,七月,廿七,癸卯,兔,
2023-09-12,2023,7,28,false,七月,廿八,癸卯,兔,
2023-09-13,2023,7,29,false,七月,廿九,癸卯,兔,
2023-09-14,2023,7,30,false,七月,三十,癸卯,兔,
2023-09-15,2023,8,1,false,八月,初一,癸卯,兔,
2023-09-16,2023,8,2,false,八月,初二,癸卯,兔,
2023-09-17,2023,8,3,false,八月,初三,癸卯,兔,
2023-09-18,2023,8,4,false,八月,初四,癸卯,兔,
2023-09-19,2023,8,5,false,八月,初五,癸卯,兔,
2023-09-20,2023,8,6,false,八月,初六,癸卯,兔,
2023-09-21,2023,8,7,false,八月,初七,癸卯,兔,
2023-09-22,2023,8,8,false,八月,初八,癸卯,兔,
2023-09-23,2023,8,9,false,八月,初九,癸卯,兔,秋分
2023-09-24,2023,8,10,false,八月,初十,癸卯,兔,
2023-09-25,2023,8,11,false,八月,十一,癸卯,兔,
2023-09-26,2023,8,12,false,八月,十二,癸卯,兔,
2023-09-27,2023,8,13,false,八月,十三,癸卯,兔,
2023-09-28,2023,8,14,false,八月,十四,癸卯,兔,
2023-09-29,2023,8,15,false,八月,十五,癸卯,兔,
2023-09-30,2023,8,16,false,八月,十六,癸卯,兔,
2023-10-01,2023,8,17,false,八月,十七,癸卯,兔,
2023-10-02,2023,8,18,false,八月,十八,癸卯,兔,
2023-10-03,2023,8,19,false,八月,十九,癸卯,兔,
2023-10-04,2023,8,20,false,八月,二十,癸卯,兔,
2023-10-05,2023,8,21,false,八月,廿一,癸卯,兔,
2023-10-06,2023,8,22,false,八月,廿二,癸卯,兔,
2023-10-07,2023,8,23,false,八月,廿三,癸卯,兔,
2023-10-08,2023,8,24,false,八月,廿四,癸卯,兔,寒露
2023-10-09,2023,8,25,false,八月,廿五,癸卯,兔,
2023-10-10,2023,8,26,false,八月,廿六,癸卯,兔,
2023-10-11,2023,8,27,false,八月,廿七,癸卯,兔,
2023-10-12,2023,8,28,false,八月,廿八,癸卯,兔,
2023-10-13,2023,8,29,false,八月,廿九,癸卯,兔,
2023-10-14,2023,8,30,false,八月,三十,癸卯,兔,
2023-10-15,2023,9,1,false,九月,初一,癸卯,兔,
2023-10-16,2023,9,2,false,九月,初二,癸卯,兔,
2023-10-17,2023,9,3,false,九月,初三,癸卯,兔,
2023-10-18,2023,9,4,false,九月,初四,癸卯,兔,
2023-10-19,2023,9,5,false,九月,初五,癸卯,兔,
2023-10-20,2023,9,6,false,九月,初六,癸卯,兔,
2023-10-21,2023,9,7,false,九月,初七,癸卯,兔,
2023-10-22,2023,9,8,false,九月,初八,癸卯,兔,
2023-10-23,2023,9,9,false,九月,初九,癸卯,兔,
2023-10-24,2023,9,10,false,九月,初十,癸卯,兔,霜降
2023-10-25,2023,9,11,false,九月,十一,癸卯,兔,
2023-10-26,2023,9,12,false,九月,十二,癸卯,兔,
2023-10-27,2023,9,13,false,九月,十三,癸卯,兔,
2023-10-28,2023,9,14,false,九月,十四,癸卯,兔,
2023-10-29,2023,9,15,false,九月,十五,癸卯,兔,
2023-10-30,2023,9,16,false,九月,十六,癸卯,兔,
2023-10-31,2023,9,17,false,九月,十七,癸卯,兔,
2023-11-01,2023,9,18,false,九月,十八,癸卯,兔,
2023-11-02,2023,9,19,false,九月,十九,癸卯,兔,
2023-11-03,2023,9,20,false,九月,二十,癸卯,兔,
2023-11-04,2023,9,21,false,九月,廿一,癸卯,兔,
2023-11-05,2023,9,22,false,九月,廿二,癸卯,兔,
2023-11-06,2023,9,23,false,九月,廿三,癸卯,兔,
2023-11-07,2023,9,24,false,九月,廿四,癸卯,兔,
2023-11-08,2023,9,25,false,九月,廿五,癸卯,兔,立冬
2023-11-09,2023,9,26,false,九月,廿六,癸卯,兔,
2023-11-10,2023,9,27,false,九月,廿七,癸卯,兔,
2023-11-11,2023,9,28,false,九月,廿八,癸卯,兔,
2023-11-12,2023,9,29,false,九月,廿九,癸卯,兔,
2023-11-13,2023,10,1,false,十月,初一,癸卯,兔,
2023-11-14,2023,10,2,false,十月,初二,癸卯,兔,
2023-11-15,2023,10,3,false,十月,初三,癸卯,兔,
2023-11-16,2023,10,4,false,十月,初四,癸卯,兔,
2023-11-17,2023,10,5,false,十月,初五,癸卯,兔,
2023-11-18,2023,10,6,false,十月,初六,癸卯,兔,
2023-11-19,2023,10,7,false,十月,初七,癸卯,兔,
2023-11-20,2023,10,8,false,十月,初八,癸卯,兔,
2023-11-21,2023,10,9,false,十月,初九,癸卯,兔,
2023-11-22,2023,10,10,false,十月,初十,癸卯,兔,小雪
2023-11-23,2023,10,11,false,十月,十一,癸卯,兔,
2023-11-24,2023,10,12,false,十月,十二,癸卯,兔,
2023-11-25,2023,10,13,false,十月,十三,癸卯,兔,
2023-11-26,2023,10,14,false,十月,十四,癸卯,兔,
2023-11-27,2023,10,15,false,十月,十五,癸卯,兔,
2023-11-28,2023,10,16,false,十月,十六,癸卯,兔,
2023-11-29,2023,10,17,false,十月,十七,癸卯,兔,
2023-11-30,2023,10,18,false,十月,十八,癸卯,兔,
2023-12-01,2023,10,19,false,十月,十九,癸卯,兔,
2023-12-02,2023,10,20,false,十月,二十,癸卯,兔,
2023-12-03,2023,10,21,false,十月,廿一,癸卯,兔,
2023-12-04,2023,10,22,false,十月,廿二,癸卯,兔,
2023-12-05,2023,10,23,false,十月,廿三,癸卯,兔,
2023-12-06,2023,10,24,false,十月,廿四,癸卯,兔,
2023-12-07,2023,10,25,false,十月,廿五,癸卯,兔,大雪
2023-12-08,2023,10,26,false,十月,廿六,癸卯,兔,
2023-12-09,2023,10,27,false,十月,廿七,癸卯,兔,
2023-12-10,2023,10,28,false,十月,廿八,癸卯,兔,
2023-12-11,2023,10,29,false,十月,廿九,癸卯,兔,
2023-12-12,2023,10,30,false,十月,三十,癸卯,兔,
2023-12-13,2023,11,1,false,十一月,初一,癸卯,兔,
2023-12-14,2023,11,2,false,十一月,初二,癸卯,兔,
2023-12-15,2023,11,3,false,十一月,初三,癸卯,兔,
2023-12-16,2023,11,4,false,十一月,初四,癸卯,兔,
2023-12-17,2023,11,5,false,十一月,初五,癸卯,兔,
2023-12-18,2023,11,6,false,十一月,初六,癸卯,兔,
2023-12-19,2023,11,7,false,十一月,初七,癸卯,兔,
2023-12-20,2023,11,8,false,十一月,初八,癸卯,兔,
2023-12-21,2023,11,9,false,十一月,初九,癸卯,兔,
2023-12-22,2023,11,10,false,十一月,初十,癸卯,兔,冬至
2023-12-23,2023,11,11,false,十一月,十一,癸卯,兔,
2023-12-24,2023,11,12,false,十一月,十二,癸卯,兔,
2023-12-25,2023,11,13,false,十一月,十三,癸卯,兔,
2023-12-26,2023,11,14,false,十一月,十四,癸卯,兔,
2023-12-27,2023,11,15,false,十一月,十五,癸卯,兔,
2023-12-28,2023,11,16,false,十一月,十六,癸卯,兔,
2023-12-29,2023,11,17,false,十一月,十七,癸卯,兔,
2023-12-30,2023,11,18,false,十一月,十八,癸卯,兔,
2023-12-31,2023,11,19,false,十一月,十九,癸卯,兔,
2024-01-01,2023,11,20,false,十一月,二十,癸卯,兔,
2024-01-02,2023,11,21,false,十一月,廿一,癸卯,兔,
2024-01-03,2023,11,22,false,十一月,廿二,癸卯,兔,
2024-01-04,2023,11,23,false,十一月,廿三,癸卯,兔,
2024-01-05,2023,11,24,false,十一月,廿四,癸卯,兔,
2024-01-06,2023,11,25,false,十一月,廿五,癸卯,兔,小寒
2024-01-07,2023,11,26,false,十一月,廿六,癸卯,兔,
2024-01-08,2023,11,27,false,十一月,廿七,癸卯,兔,
2024-01-09,2023,11,28,false,十一月,廿八,癸卯,兔,
2024-01-10,2023,11,29,false,十一月,廿九,癸卯,兔,
2024-01-11,2023,12,1,false,十二月,初一,癸卯,兔,
2024-01-12,2023,12,2,false,十二月,初二,癸卯,兔,
2024-01-13,2023,12,3,false,十二月,初三,癸卯,兔,
2024-01-14,2023,12,4,false,十二月,初四,癸卯,兔,
2024-01-15,2023,12,5,false,十二月,初五,癸卯,兔,
2024-01-16,2023,12,6,false,十二月,初六,癸卯,兔,
2024-01-17,2023,12,7,false,十二月,初七,癸卯,兔,
2024-01-18,2023,12,8,false,十二月,初八,癸卯,兔,
2024-01-19,2023,12,9,false,十二月,初九,癸卯,兔,
2024-01-20,2023,12,10,false,十二月,初十,癸卯,兔,大寒
2024-01-21,2023,12,11,false,十二月,十一,癸卯,兔,
2024-01-22,2023,12,12,false,十二月,十二,癸卯,兔,
2024-01-23,2023,12,13,false,十二月,十三,癸卯,兔,
2024-01-24,2023,12,14,false,十二月,十四,癸卯,兔,
2024-01-25,2023,12,15,false,十二月,十五,癸卯,兔,
2024-01-26,2023,12,16,false,十二月,十六,癸卯,兔,
2024-01-27,2023,12,17,false,十二月,十七,癸卯,兔,
2024-01-28,2023,12,18,false,十二月,十八,癸卯,兔,
2024-01-29,2023,12,19,false,十二月,十九,癸卯,兔,
2024-01-30,2023,12,20,false,十二月,二十,癸卯,兔,
2024-01-31,2023,12,21,false,十二月,廿一,癸卯,兔,
2024-02-01,2023,12,22,false,十二月,廿二,癸卯,兔,
2024-02-02,2023,12,23,false,十二月,廿三,癸卯,兔,
2024-02-03,2023,12,24,false,十二月,廿四,癸卯,兔,
2024-02-04,2023,12,25,false,十二月,廿五,癸卯,兔,立春
2024-02-05,2023,12,26,false,十二月,廿六,癸卯,兔,
2024-02-06,2023,12,27,false,十二月,廿七,癸卯,兔,
2024-02-07,2023,12,28,false,十二月,廿八,癸卯,兔,
2024-02-08,2023,12,29,false,十二月,廿九,癸卯,兔,
2024-02-09,2023,12,30,false,十二月,三十,癸卯,兔,
2024-02-10,2024,1,1,false,一月,初一,甲辰,龍,
2024-02-11,2024,1,2,false,一月,初二,甲辰,龍,
2024-02-12,2024,1,3,false,一月,初三,甲辰,龍,
2024-02-13,2024,1,4,false,一月,初四,甲辰,龍,
2024-02-14,2024,1,5,false,一月,初五,甲辰,龍,
2024-02-15,2024,1,6,false,一月,初六,甲辰,龍,
2024-02-16,2024,1,7,false,一月,初七,甲辰,龍,
2024-02-17,2024,1,8,false,一月,初八,甲辰,龍,
2024-02-18,2024,1,9,false,一月,初九,甲辰,龍,
2024-02-19,2024,1,10,false,一月,初十,甲辰,龍,雨水
2024-02-20,2024,1,11,false,一月,十一,甲辰,龍,
2024-02-21,2024,1,12,false,一月,十二,甲辰,龍,
2024-02-22,2024,1,13,false,一月,十三,甲辰,龍,
2024-02-23,2024,1,14,false,一月,十四,甲辰,龍,
2024-02-24,2024,1,15,false,一月,十五,甲辰,龍,
2024-02-25,2024,1,16,false,一月,十六,甲辰,龍,
2024-02-26,2024,1,17,false,一月,十七,甲辰,龍,
2024-02-27,2024,1,18,false,一月,十八,甲辰,龍,
2024-02-28,2024,1,19,false,一月,十九,甲辰,龍,
2024-02-29,2024,1,20,false,一月,二十,甲辰,龍,
2024-03-01,2024,1,21,false,一月,廿一,甲辰,龍,
2024-03-02,2024,1,22,false,一月,廿二,甲辰,龍,
2024-03-03,2024,1,23,false,一月,廿三,甲辰,龍,
2024-03-04,2024,1,24,false,一月,廿四,甲辰,龍,
2024-03-05,2024,1,25,false,一月,廿五,甲辰,龍,驚蟄
2024-03-06,2024,1,26,false,一月,廿六,甲辰,龍,
2024-03-07,2024,1,27,false,一月,廿七,甲辰,龍,
2024-03-08,2024,1,28,false,一月,廿八,甲辰,龍,
2024-03-09,2024,1,29,false,一月,廿九,甲辰,龍,
2024-03-10,2024,2,1,false,二月,初一,甲辰,龍,
2024-03-11,2024,2,2,false,二月,初二,甲辰,龍,
2024-03-12,2024,2,3,false,二月,初三,甲辰,龍,
2024-03-13,2024,2,4,false,二月,初四,甲辰,龍,
2024-03-14,2024,2,5,false,二月,初五,甲辰,龍,
2024-03-15,2024,2,6,false,二月,初六,甲辰,龍,
2024-03-16,2024,2,7,false,二月,初七,甲辰,龍,
2024-03-17,2024,2,8,false,二月,初八,甲辰,龍,
2024-03-18,2024,2,9,false,二月,初九,甲辰,龍,
2024-03-19,2024,2,10,false,二月,初十,甲辰,龍,
2024-03-20,2024,2,11,false,二月,十一,甲辰,龍,春分
2024-03-21,2024,2,12,false,二月,十二,甲辰,龍,
2024-03-22,2024,2,13,false,二月,十三,甲辰,龍,
2024-03-23,2024,2,14,false,二月,十四,甲辰,龍,
2024-03-24,2024,2,15,false,二月,十五,甲辰,龍,
2024-03-25,2024,2,16,false,二月,十六,甲辰,龍,
2024-03-26,2024,2,17,false,二月,十七,甲辰,龍,
2024-03-27,2024,2,18,false,二月,十八,甲辰,龍,
2024-03-28,2024,2,19,false,二月,十九,甲辰,龍,
2024-03-29,2024,2,20,false,二月,二十,甲辰,龍,
2024-03-30,2024,2,21,false,二月,廿一,甲辰,龍,
2024-03-31,2024,2,22,false,二月,廿二,甲辰,龍,
2024-04-01,2024,2,23,false,二月,廿三,甲辰,龍,
2024-04-02,2024,2,24,false,二月,廿四,甲辰,龍,
2024-04-03,2024,2,25,false,二月,廿五,甲辰,龍,
2024-04-04,2024,2,26,false,二月,廿六,甲辰,龍,清明
2024-04-05,2024,2,27,false,二月,廿七,甲辰,龍,
2024-04-06,2024,2,28,false,二月,廿八,甲辰,龍,
2024-04-07,2024,2,29,false,二月,廿九,甲辰,龍,
2024-04-08,2024,2,30,false,二月,三十,甲辰,龍,
2024-04-09,2024,3,1,false,三月,初一,甲辰,龍,
2024-04-10,2024,3,2,false,三月,初二,甲辰,龍,
2024-04-11,2024,3,3,false,三月,初三,甲辰,龍,
2024-04-12,2024,3,4,false,三月,初四,甲辰,龍,
2024-04-13,2024,3,5,false,三月,初五,甲辰,龍,
2024-04-14,2024,3,6,false,三月,初六,甲辰,龍,
2024-04-15,2024,3,7,false,三月,初七,甲辰,龍,
2024-04-16,2024,3,8,false,三月,初八,甲辰,龍,
2024-04-17,2024,3,9,false,三月,初九,甲辰,龍,
2024-04-18,2024,3,10,false,三月,初十,甲辰,龍,
2024-04-19,2024,3,11,false,三月,十一,甲辰,龍,穀雨
2024-04-20,2024,3,12,false,三月,十二,甲辰,龍,
2024-04-21,2024,3,13,false,三月,十三,甲辰,龍,
2024-04-22,2024,3,14,false,三月,十四,甲辰,龍,
2024-04-23,2024,3,15,false,三月,十五,甲辰,龍,
2024-04-24,2024,3,16,false,三月,十六,甲辰,龍,
2024-04-25,2024,3,17,false,三月,十七,甲辰,龍,
2024-04-26,2024,3,18,false,三月,十八,甲辰,龍,
2024-04-27,2024,3,19,false,三月,十九,甲辰,龍,
2024-04-28,2024,3,20,false,三月,二十,甲辰,龍,
2024-04-29,2024,3,21,false,三月,廿一,甲辰,龍,
2024-04-30,2024,3,22,false,三月,廿二,甲辰,龍,
2024-05-01,2024,3,23,false,三月,廿三,甲辰,龍,
2024-05-02,2024,3,24,false,三月,廿四,甲辰,龍,
2024-05-03,2024,3,25,false,三月,廿五,甲辰,龍,
2024-05-04,2024,3,26,false,三月,廿六,甲辰,龍,
2024-05-05,2024,3,27,false,三月,廿七,甲辰,龍,立夏
2024-05-06,2024,3,28,false,三月,廿八,甲辰,龍,
2024-05-07,2024,3,29,false,三月,廿九,甲辰,龍,
2024-05-08,2024,4,1,false,四月,初一,甲辰,龍,
2024-05-09,2024,4,2,false,四月,初二,甲辰,龍,
2024-05-10,2024,4,3,false,四月,初三,甲辰,龍,
2024-05-11,2024,4,4,false,四月,初四,甲辰,龍,
2024-05-12,2024,4,5,false,四月,初五,甲辰,龍,
2024-05-13,2024,4,6,false,四月,初六,甲辰,龍,
2024-05-14,2024,4,7,false,四月,初七,甲辰,龍,
2024-05-15,2024,4,8,false,四月,初八,甲辰,龍,
2024-05-16,2024,4,9,false,四月,初九,甲辰,龍,
2024-05-17,2024,4,10,false,四月,初十,甲辰,龍,
2024-05-18,2024,4,11,false,四月,十一,甲辰,龍,
2024-05-19,2024,4,12,false,四月,十二,甲辰,龍,
2024-05-20,2024,4,13,false,四月,十三,甲辰,龍,小滿
2024-05-21,2024,4,14,false,四月,十四,甲辰,龍,
2024-05-22,2024,4,15,false,四月,十五,甲辰,龍,
2024-05-23,2024,4,16,false,四月,十六,甲辰,龍,
2024-05-24,2024,4,17,false,四月,十七,甲辰,龍,
2024-05-25,2024,4,18,false,四月,十八,甲辰,龍,
2024-05-26,2024,4,19,false,四月,十九,甲辰,龍,
2024-05-27,2024,4,20,false,四月,二十,甲辰,龍,
2024-05-28,2024,4,21,false,四月,廿一,甲辰,龍,
2024-05-29,2024,4,22,false,四月,廿二,甲辰,龍,
2024-05-30,2024,4,23,false,四月,廿三,甲辰,龍,
2024-05-31,2024,4,24,false,四月,廿四,甲辰,龍,
2024-06-01,2024,4,25,false,四月,廿五,甲辰,龍,
2024-06-02,2024,4,26,false,四月,廿六,甲辰,龍,
2024-06-03,2024,4,27,false,四月,廿七,甲辰,龍,
2024-06-04,2024,4,28,false,四月,廿八,甲辰,龍,
2024-06-05,2024,4,29,false,四月,廿九,甲辰,龍,芒種
2024-06-06,2024,5,1,false,五月,初一,甲辰,龍,
2024-06-07,2024,5,2,false,五月,初二,甲辰,龍,
2024-06-08,2024,5,3,false,五月,初三,甲辰,龍,
2024-06-09,2024,5,4,false,五月,初四,甲辰,龍,
2024-06-10,2024,5,5,false,五月,初五,甲辰,龍,
2024-06-11,2024,5,6,false,五月,初六,甲辰,龍,
2024-06-12,2024,5,7,false,五月,初七,甲辰,龍,
2024-06-13,2024,5,8,false,五月,初八,甲辰,龍,
2024-06-14,2024,5,9,false,五月,初九,甲辰,龍,
2024-06-15,2024,5,10,false,五月,初十,甲辰,龍,
2024-06-16,2024,5,11,false,五月,十一,甲辰,龍,
2024-06-17,2024,5,12,false,五月,十二,甲辰,龍,
2024-06-18,2024,5,13,false,五月,十三,甲辰,龍,
2024-06-19,2024,5,14,false,五月,十四,甲辰,龍,
2024-06-20,2024,5,15,false,五月,十五,甲辰,龍,
2024-06-21,2024,5,16,false,五月,十六,甲辰,龍,夏至
2024-06-22,2024,5,17,false,五月,十七,甲辰,龍,
2024-06-23,2024,5,18,false,五月,十八,甲辰,龍,
2024-06-24,2024,5,19,false,五月,十九,甲辰,龍,
2024-06-25,2024,5,20,false,五月,二十,甲辰,龍,
2024-06-26,2024,5,21,false,五月,廿一,甲辰,龍,
2024-06-27,2024,5,22,false,五月,廿二,甲辰,龍,
2024-06-28,2024,5,23,false,五月,廿三,甲辰,龍,
2024-06-29,2024,5,24,false,五月,廿四,甲辰,龍,
2024-06-30,2024,5,25,false,五月,廿五,甲辰,龍,
2024-07-01,2024,5,26,false,五月,廿六,甲辰,龍,
2024-07-02,2024,5,27,false,五月,廿七,甲辰,龍,
2024-07-03,2024,5,28,false,五月,廿八,甲辰,龍,
2024-07-04,2024,5,29,false,五月,廿九,甲辰,龍,
2024-07-05,2024,5,30,false,五月,三十,甲辰,龍,
2024-07-06,2024,6,1,false,六月,初一,甲辰,龍,小暑
2024-07-07,2024,6,2,false,六月,初二,甲辰,龍,
2024-07-08,2024,6,3,false,六月,初三,甲辰,龍,
2024-07-09,2024,6,4,false,六月,初四,甲辰,龍,
2024-07-10,2024,6,5,false,六月,初五,甲辰,龍,
2024-07-11,2024,6,6,false,六月,初六,甲辰,龍,
2024-07-12,2024,6,7,false,六月,初七,甲辰,龍,
2024-07-13,2024,6,8,false,六月,初八,甲辰,龍,
2024-07-14,2024,6,9,false,六月,初九,甲辰,龍,
2024-07-15,2024,6,10,false,六月,初十,甲辰,龍,
2024-07-16,2024,6,11,false,六月,十一,甲辰,龍,
2024-07-17,2024,6,12,false,六月,十二,甲辰,龍,
2024-07-18,2024,6,13,false,六月,十三,甲辰,龍,
2024-07-19,2024,6,14,false,六月,十四,甲辰,龍,
2024-07-20,2024,6,15,false,六月,十五,甲辰,龍,
2024-07-21,2024,6,16,false,六月,十六,甲辰,龍,
2024-07-22,2024,6,17,false,六月,十七,甲辰,龍,大暑
2024-07-23,2024,6,18,false,六月,十八,甲辰,龍,
2024-07-24,2024,6,19,false,六月,十九,甲辰,龍,
2024-07-25,2024,6,20,false,六月,二十,甲辰,龍,
2024-07-26,2024,6,21,false,六月,廿一,甲辰,龍,
2024-07-27,2024,6,22,false,六月,廿二,甲辰,龍,
2024-07-28,2024,6,23,false,六月,廿三,甲辰,龍,
2024-07-29,2024,6,24,false,六月,廿四,甲辰,龍,
2024-07-30,2024,6,25,false,六月,廿五,甲辰,龍,
2024-07-31,2024,6,26,false,六月,廿六,甲辰,龍,
2024-08-01,2024,6,27,false,六月,廿七,甲辰,龍,
2024-08-02,2024,6,28,false,六月,廿八,甲辰,龍,
2024-08-03,2024,6,29,false,六月,廿九,甲辰,龍,
2024-08-04,2024,7,1,false,七月,初一,甲辰,龍,
2024-08-05,2024,7,2,false,七月,初二,甲辰,龍,
2024-08-06,2024,7,3,false,七月,初三,甲辰,龍,
2024-08-07,2024,7,4,false,七月,初四,甲辰,龍,立秋
2024-08-08,2024,7,5,false,七月,初五,甲辰,龍,
2024-08-09,2024,7,6,false,七月,初六,甲辰,龍,
2024-08-10,2024,7,7,false,七月,初七,甲辰,龍,
2024-08-11,2024,7,8,false,七月,初八,甲辰,龍,
2024-08-12,2024,7,9,false,七月,初九,甲辰,龍,
2024-08-13,2024,7,10,false,七月,初十,甲辰,龍,
2024-08-14,2024,7,11,false,七月,十一,甲辰,龍,
2024-08-15,2024,7,12,false,七月,十二,甲辰,龍,
2024-08-16,2024,7,13,false,七月,十三,甲辰,龍,
2024-08-17,2024,7,14,false,七月,十四,甲辰,龍,
2024-08-18,2024,7,15,false,七月,十五,甲辰,龍,
2024-08-19,2024,7,16,false,七月,十六,甲辰,龍,
2024-08-20,2024,7,17,false,七月,十七,甲辰,龍,
2024-08-21,2024,7,18,false,七月,十八,甲辰,龍,
2024-08-22,2024,7,19,false,七月,十九,甲辰,龍,處暑
2024-08-23,2024,7,20,false,七月,二十,甲辰,龍,
2024-08-24,2024,7,21,false,七月,廿一,甲辰,龍,
2024-08-25,2024,7,22,false,七月,廿二,甲辰,龍,
2024-08-26,2024,7,23,false,七月,廿三,甲辰,龍,
2024-08-27,2024,7,24,false,七月,廿四,甲辰,龍,
2024-08-28,2024,7,25,false,七月,廿五,甲辰,龍,
2024-08-29,2024,7,26,false,七月,廿六,甲辰,龍,
2024-08-30,2024,7,27,false,七月,廿七,甲辰,龍,
2024-08-31,2024,7,28,false,七月,廿八,甲辰,龍,
2024-09-01,2024,7,29,false,七月,廿九,甲辰,龍,
2024-09-02,2024,7,30,false,七月,三十,甲辰,龍,
2024-09-03,2024,8,1,false,八月,初一,甲辰,龍,
2024-09-04,2024,8,2,false,八月,初二,甲辰,龍,
2024-09-05,2024,8,3,false,八月,初三,甲辰,龍,
2024-09-06,2024,8,4,false,八月,初四,甲辰,龍,
2024-09-07,2024,8,5,false,八月,初五,甲辰,龍,白露
2024-09-08,2024,8,6,false,八月,初六,甲辰,龍,
2024-09-09,2024,8,7,false,八月,初七,甲辰,龍,
2024-09-10,2024,8,8,false,八月,初八,甲辰,龍,
2024-09-11,2024,8,9,false,八月,初九,甲辰,龍,
2024-09-12,2024,8,10,false,八月,初十,甲辰,龍,
2024-09-13,2024,8,11,false,八月,十一,甲辰,龍,
2024-09-14,2024,8,12,false,八月,十二,甲辰,龍,
2024-09-15,2024,8,13,false,八月,十三,甲辰,龍,
2024-09-16,2024,8,14,false,八月,十四,甲辰,龍,
2024-09-17,2024,8,15,false,八月,十五,甲辰,龍,
2024-09-18,2024,8,16,false,八月,十六,甲辰,龍,
2024-09-19,2024,8,17,false,八月,十七,甲辰,龍,
2024-09-20,2024,8,18,false,八月,十八,甲辰,龍,
2024-09-21,2024,8,19,false,八月,十九,甲辰,龍,
2024-09-22,2024,8,20,false,八月,二十,甲辰,龍,秋分
2024-09-23,2024,8,21,false,八月,廿一,甲辰,龍,
2024-09-24,2024,8,22,false,八月,廿二,甲辰,龍,
2024-09-25,2024,8,23,false,八月,廿三,甲辰,龍,
2024-09-26,2024,8,24,false,八月,廿四,甲辰,龍,
2024-09-27,2024,8,25,false,八月,廿五,甲辰,龍,
2024-09-28,2024,8,26,false,八月,廿六,甲辰,龍,
2024-09-29,2024,8,27,false,八月,廿七,甲辰,龍,
2024-09-30,2024,8,28,false,八月,廿八,甲辰,龍,
2024-10-01,2024,8,29,false,八月,廿九,甲辰,龍,
2024-10-02,2024,8,30,false,八月,三十,甲辰,龍,
2024-10-03,2024,9,1,false,九月,初一,甲辰,龍,
2024-10-04,2024,9,2,false,九月,初二,甲辰,龍,
2024-10-05,2024,9,3,false,九月,初三,甲辰,龍,
2024-10-06,2024,9,4,false,九月,初四,甲辰,龍,
2024-10-07,2024,9,5,false,九月,初五,甲辰,龍,
2024-10-08,2024,9,6,false,九月,初六,甲辰,龍,寒露
2024-10-09,2024,9,7,false,九月,初七,甲辰,龍,
2024-10-10,2024,9,8,false,九月,初八,甲辰,龍,
2024-10-11,2024,9,9,false,九月,初九,甲辰,龍,
2024-10-12,2024,9,10,false,九月,初十,甲辰,龍,
2024-10-13,2024,9,11,false,九月,十一,甲辰,龍,
2024-10-14,2024,9,12,false,九月,十二,甲辰,龍,
2024-10-15,2024,9,13,false,九月,十三,甲辰,龍,
2024-10-16,2024,9,14,false,九月,十四,甲辰,龍,
2024-10-17,2024,9,15,false,九月,十五,甲辰,龍,
2024-10-18,2024,9,16,false,九月,十六,甲辰,龍,
2024-10-19,2024,9,17,false,九月,十七,甲辰,龍,
2024-10-20,2024,9,18,false,九月,十八,甲辰,龍,
2024-10-21,2024,9,19,false,九月,十九,甲辰,龍,
2024-10-22,2024,9,20,false,九月,二十,甲辰,龍,
2024-10-23,2024,9,21,false,九月,廿一,甲辰,龍,霜降
2024-10-24,2024,9,22,false,九月,廿二,甲辰,龍,
2024-10-25,2024,9,23,false,九月,廿三,甲辰,龍,
2024-10-26,2024,9,24,false,九月,廿四,甲辰,龍,
2024-10-27,2024,9,25,false,九月,廿五,甲辰,龍,
2024-10-28,2024,9,26,false,九月,廿六,甲辰,龍,
2024-10-29,2024,9,27,false,九月,廿七,甲辰,龍,
2024-10-30,2024,9,28,false,九月,廿八,甲辰,龍,
2024-10-31,2024,9,29,false,九月,廿九,甲辰,龍,
2024-11-01,2024,10,1,false,十月,初一,甲辰,龍,
2024-11-02,2024,10,2,false,十月,初二,甲辰,龍,
2024-11-03,2024,10,3,false,十月,初三,甲辰,龍,
2024-11-04,2024,10,4,false,十月,初四,甲辰,龍,
2024-11-05,2024,10,5,false,十月,初五,甲辰,龍,
2024-11-06,2024,10,6,false,十月,初六,甲辰,龍,
2024-11-07,2024,10,7,false,十月,初七,甲辰,龍,立冬
2024-11-08,2024,10,8,false,十月,初八,甲辰,龍,
2024-11-09,2024,10,9,false,十月,初九,甲辰,龍,
2024-11-10,2024,10,10,false,十月,初十,甲辰,龍,
2024-11-11,2024,10,11,false,十月,十一,甲辰,龍,
2024-11-12,2024,10,12,false,十月,十二,甲辰,龍,
2024-11-13,2024,10,13,false,十月,十三,甲辰,龍,
2024-11-14,2024,10,14,false,十月,十四,甲辰,龍,
2024-11-15,2024,10,15,false,十月,十五,甲辰,龍,
2024-11-16,2024,10,16,false,十月,十六,甲辰,龍,
2024-11-17,2024,10,17,false,十月,十七,甲辰,龍,
2024-11-18,2024,10,18,false,十月,十八,甲辰,龍,
2024-11-19,2024,10,19,false,十月,十九,甲辰,龍,
2024-11-20,2024,10,20,false,十月,二十,甲辰,龍,
2024-11-21,2024,10,21,false,十月,廿一,甲辰,龍,
2024-11-22,2024,10,22,false,十月,廿二,甲辰,龍,小雪
2024-11-23,2024,10,23,false,十月,廿三,甲辰,龍,
2024-11-24,2024,10,24,false,十月,廿四,甲辰,龍,
2024-11-25,2024,10,25,false,十月,廿五,甲辰,龍,
2024-11-26,2024,10,26,false,十月,廿六,甲辰,龍,
2024-11-27,2024,10,27,false,十月,廿七,甲辰,龍,
2024-11-28,2024,10,28,false,十月,廿八,甲辰,龍,
2024-11-29,2024,10,29,false,十月,廿九,甲辰,龍,
2024-11-30,2024,10,30,false,十月,三十,甲辰,龍,
2024-12-01,2024,11,1,false,十一月,初一,甲辰,龍,
2024-12-02,2024,11,2,false,十一月,初二,甲辰,龍,
2024-12-03,2024,11,3,false,十一月,初三,甲辰,龍,
2024-12-04,2024,11,4,false,十一月,初四,甲辰,龍,
2024-12-05,2024,11,5,false,十一月,初五,甲辰,龍,
2024-12-06,2024,11,6,false,十一月,初六,甲辰,龍,大雪
2024-12-07,2024,11,7,false,十一月,初七,甲辰,龍,
2024-12-08,2024,11,8,false,十一月,初八,甲辰,龍,
2024-12-09,2024,11,9,false,十一月,初九,甲辰,龍,
2024-12-10,2024,11,10,false,十一月,初十,甲辰,龍,
2024-12-11,2024,11,11,false,十一月,十一,甲辰,龍,
2024-12-12,2024,11,12,false,十一月,十二,甲辰,龍,
2024-12-13,2024,11,13,false,十一月,十三,甲辰,龍,
2024-12-14,2024,11,14,false,十一月,十四,甲辰,龍,
2024-12-15,2024,11,15,false,十一月,十五,甲辰,龍,
2024-12-16,2024,11,16,false,十一月,十六,甲辰,龍,
2024-12-17,2024,11,17,false,十一月,十七,甲辰,龍,
2024-12-18,2024,11,18,false,十一月,十八,甲辰,龍,
2024-12-19,2024,11,19,false,十一月,十九,甲辰,龍,
2024-12-20,2024,11,20,false,十一月,二十,甲辰,龍,
2024-12-21,2024,11,21,false,十一月,廿一,甲辰,龍,冬至
2024-12-22,2024,11,22,false,十一月,廿二,甲辰,龍,
2024-12-23,2024,11,23,false,十一月,廿三,甲辰,龍,
2024-12-24,2024,11,24,false,十一月,廿四,甲辰,龍,
2024-12-25,2024,11,25,false,十一月,廿五,甲辰,龍,
2024-12-26,2024,11,26,false,十一月,廿六,甲辰,龍,
2024-12-27,2024,11,27,false,十一月,廿七,甲辰,龍,
2024-12-28,2024,11,28,false,十一月,廿八,甲辰,龍,
2024-12-29,2024,11,29,false,十一月,廿九,甲辰,龍,
2024-12-30,2024,11,30,false,十一月,三十,甲辰,龍,
2024-12-31,2024,12,1,false,十二月,初一,甲辰,龍,
2025-01-01,2024,12,2,false,十二月,初二,甲辰,龍,
2025-01-02,2024,12,3,false,十二月,初三,甲辰,龍,
2025-01-03,2024,12,4,false,十二月,初四,甲辰,龍,
2025-01-04,2024,12,5,false,十二月,初五,甲辰,龍,
2025-01-05,2024,12,6,false,十二月,初六,甲辰,龍,小寒
2025-01-06,2024,12,7,false,十二月,初七,甲辰,龍,
2025-01-07,2024,12,8,false,十二月,初八,甲辰,龍,
2025-01-08,2024,12,9,false,十二月,初九,甲辰,龍,
2025-01-09,2024,12,10,false,十二月,初十,甲辰,龍,
2025-01-10,2024,12,11,false,十二月,十一,甲辰,龍,
2025-01-11,2024,12,12,false,十二月,十二,甲辰,龍,
2025-01-12,2024,12,13,false,十二月,十三,甲辰,龍,
2025-01-13,2024,12,14,false,十二月,十四,甲辰,龍,
2025-01-14,2024,12,15,false,十二月,十五,甲辰,龍,
2025-01-15,2024,12,16,false,十二月,十六,甲辰,龍,
2025-01-16,2024,12,17,false,十二月,十七,甲辰,龍,
2025-01-17,2024,12,18,false,十二月,十八,甲辰,龍,
2025-01-18,2024,12,19,false,十二月,十九,甲辰,龍,
2025-01-19,2024,12,20,false,十二月,二十,甲辰,龍,
2025-01-20,2024,12,21,false,十二月,廿一,甲辰,龍,大寒
2025-01-21,2024,12,22,false,十二月,廿二,甲辰,龍,
2025-01-22,2024,12,23,false,十二月,廿三,甲辰,龍,
2025-01-23,2024,12,24,false,十二月,廿四,甲辰,龍,
2025-01-24,2024,12,25,false,十二月,廿五,甲辰,龍,
2025-01-25,2024,12,26,false,十二月,廿六,甲辰,龍,
2025-01-26,2024,12,27,false,十二月,廿七,甲辰,龍,
2025-01-27,2024,12,28,false,十二月,廿八,甲辰,龍,
2025-01-28,2024,12,29,false,十二月,廿九,甲辰,龍,
2025-01-29,2025,1,1,false,一月,初一,乙巳,蛇,
2025-01-30,2025,1,2,false,一月,初二,乙巳,蛇,
2025-01-31,2025,1,3,false,一月,初三,乙巳,蛇,
2025-02-01,2025,1,4,false,一月,初四,乙巳,蛇,
2025-02-02,2025,1,5,false,一月,初五,乙巳,蛇,
2025-02-03,2025,1,6,false,一月,初六,乙巳,蛇,立春
2025-02-04,2025,1,7,false,一月,初七,乙巳,蛇,
2025-02-05,2025,1,8,false,一月,初八,乙巳,蛇,
2025-02-06,2025,1,9,false,一月,初九,乙巳,蛇,
2025-02-07,2025,1,10,false,一月,初十,乙巳,蛇,
2025-02-08,2025,1,11,false,一月,十一,乙巳,蛇,
2025-02-09,2025,1,12,false,一月,十二,乙巳,蛇,
2025-02-10,2025,1,13,false,一月,十三,乙巳,蛇,
2025-02-11,2025,1,14,false,一月,十四,乙巳,蛇,
2025-02-12,2025,1,15,false,一月,十五,乙巳,蛇,
2025-02-13,2025,1,16,false,一月,十六,乙巳,蛇,
2025-02-14,2025,1,17,false,一月,十七,乙巳,蛇,
2025-02-15,2025,1,18,false,一月,十八,乙巳,蛇,
2025-02-16,2025,1,19,false,一月,十九,乙巳,蛇,
2025-02-17,2025,1,20,false,一月,二十,乙巳,蛇,
2025-02-18,2025,1,21,false,一月,廿一,乙巳,蛇,雨水
2025-02-19,2025,1,22,false,一月,廿二,乙巳,蛇,
2025-02-20,2025,1,23,false,一月,廿三,乙巳,蛇,
2025-02-21,2025,1,24,false,一月,廿四,乙巳,蛇,
2025-02-22,2025,1,25,false,一月,廿五,乙巳,蛇,
2025-02-23,2025,1,26,false,一月,廿六,乙巳,蛇,
2025-02-24,2025,1,27,false,一月,廿七,乙巳,蛇,
2025-02-25,2025,1,28,false,一月,廿八,乙巳,蛇,
2025-02-26,2025,1,29,false,一月,廿九,乙巳,蛇,
2025-02-27,2025,1,30,false,一月,三十,乙巳,蛇,
2025-02-28,2025,2,1,false,二月,初一,乙巳,蛇,
2025-03-01,2025,2,2,false,二月,初二,乙巳,蛇,
2025-03-02,2025,2,3,false,二月,初三,乙巳,蛇,
2025-03-03,2025,2,4,false,二月,初四,乙巳,蛇,
2025-03-04,2025,2,5,false,二月,初五,乙巳,蛇,
2025-03-05,2025,2,6,false,二月,初六,乙巳,蛇,驚蟄
2025-03-06,2025,2,7,false,二月,初七,乙巳,蛇,
2025-03-07,2025,2,8,false,二月,初八,乙巳,蛇,
2025-03-08,2025,2,9,false,二月,初九,乙巳,蛇,
2025-03-09,2025,2,10,false,二月,初十,乙巳,蛇,
2025-03-10,2025,2,11,false,二月,十一,乙巳,蛇,
2025-03-11,2025,2,12,false,二月,十二,乙巳,蛇,
2025-03-12,2025,2,13,false,二月,十三,乙巳,蛇,
2025-03-13,2025,2,14,false,二月,十四,乙巳,蛇,
2025-03-14,2025,2,15,false,二月,十五,乙巳,蛇,
2025-03-15,2025,2,16,false,二月,十六,乙巳,蛇,
2025-03-16,2025,2,17,false,二月,十七,乙巳,蛇,
2025-03-17,2025,2,18,false,二月,十八,乙巳,蛇,
2025-03-18,2025,2,19,false,二月,十九,乙巳,蛇,
2025-03-19,2025,2,20,false,二月,二十,乙巳,蛇,
2025-03-20,2025,2,21,false,二月,廿一,乙巳,蛇,春分
2025-03-21,2025,2,22,false,二月,廿二,乙巳,蛇,
2025-03-22,2025,2,23,false,二月,廿三,乙巳,蛇,
2025-03-23,2025,2,24,false,二月,廿四,乙巳,蛇,
2025-03-24,2025,2,25,false,二月,廿五,乙巳,蛇,
2025-03-25,2025,2,26,false,二月,廿六,乙巳,蛇,
2025-03-26,2025,2,27,false,二月,廿七,乙巳,蛇,
2025-03-27,2025,2,28,false,二月,廿八,乙巳,蛇,
2025-03-28,2025,2,29,false,二月,廿九,乙巳,蛇,
2025-03-29,2025,3,1,false,三月,初一,乙巳,蛇,
2025-03-30,2025,3,2,false,三月,初二,乙巳,蛇,
2025-03-31,2025,3,3,false,三月,初三,乙巳,蛇,
2025-04-01,2025,3,4,false,三月,初四,乙巳,蛇,
2025-04-02,2025,3,5,false,三月,初五,乙巳,蛇,
2025-04-03,2025,3,6,false,三月,初六,乙巳,蛇,
2025-04-04,2025,3,7,false,三月,初七,乙巳,蛇,清明
2025-04-05,2025,3,8,false,三月,初八,乙巳,蛇,
2025-04-06,2025,3,9,false,三月,初九,乙巳,蛇,
2025-04-07,2025,3,10,false,三月,初十,乙巳,蛇,
2025-04-08,2025,3,11,false,三月,十一,乙巳,蛇,
2025-04-09,2025,3,12,false,三月,十二,乙巳,蛇,
2025-04-10,2025,3,13,false,三月,十三,乙巳,蛇,
2025-04-11,2025,3,14,false,三月,十四,乙巳,蛇,
2025-04-12,2025,3,15,false,三月,十五,乙巳,蛇,
2025-04-13,2025,3,16,false,三月,十六,乙巳,蛇,
2025-04-14,2025,3,17,false,三月,十七,乙巳,蛇,
2025-04-15,2025,3,18,false,三月,十八,乙巳,蛇,
2025-04-16,2025,3,19,false,三月,十九,乙巳,蛇,
2025-04-17,2025,3,20,false,三月,二十,乙巳,蛇,
2025-04-18,2025,3,21,false,三月,廿一,乙巳,蛇,
2025-04-19,2025,3,22,false,三月,廿二,乙巳,蛇,
2025-04-20,2025,3,23,false,三月,廿三,乙巳,蛇,穀雨
2025-04-21,2025,3,24,false,三月,廿四,乙巳,蛇,
2025-04-22,2025,3,25,false,三月,廿五,乙巳,蛇,
2025-04-23,2025,3,26,false,三月,廿六,乙巳,蛇,
2025-04-24,2025,3,27,false,三月,廿七,乙巳,蛇,
2025-04-25,2025,3,28,false,三月,廿八,乙巳,蛇,
2025-04-26,2025,3,29,false,三月,廿九,乙巳,蛇,
2025-04-27,2025,3,30,false,三月,三十,乙巳,蛇,
2025-04-28,2025,4,1,false,四月,初一,乙巳,蛇,
2025-04-29,2025,4,2,false,四月,初二,乙巳,蛇,
2025-04-30,2025,4,3,false,四月,初三,乙巳,蛇,
2025-05-01,2025,4,4,false,四月,初四,乙巳,蛇,
2025-05-02,2025,4,5,false,四月,初五,乙巳,蛇,
2025-05-03,2025,4,6,false,四月,初六,乙巳,蛇,
2025-05-04,2025,4,7,false,四月,初七,乙巳,蛇,
2025-05-05,2025,4,8,false,四月,初八,乙巳,蛇,立夏
2025-05-06,2025,4,9,false,四月,初九,乙巳,蛇,
2025-05-07,2025,4,10,false,四月,初十,乙巳,蛇,
2025-05-08,2025,4,11,false,四月,十一,乙巳,蛇,
2025-05-09,2025,4,12,false,四月,十二,乙巳,蛇,
2025-05-10,2025,4,13,false,四月,十三,乙巳,蛇,
2025-05-11,2025,4,14,false,四月,十四,乙巳,蛇,
2025-05-12,2025,4,15,false,四月,十五,乙巳,蛇,
2025-05-13,2025,4,16,false,四月,十六,乙巳,蛇,
2025-05-14,2025,4,17,false,四月,十七,乙巳,蛇,
2025-05-15,2025,4,18,false,四月,十八,乙巳,蛇,
2025-05-16,2025,4,19,false,四月,十九,乙巳,蛇,
2025-05-17,2025,4,20,false,四月,二十,乙巳,蛇,
2025-05-18,2025,4,21,false,四月,廿一,乙巳,蛇,
2025-05-19,2025,4,22,false,四月,廿二,乙巳,蛇,
2025-05-20,2025,4,23,false,四月,廿三,乙巳,蛇,
2025-05-21,2025,4,24,false,四月,廿四,乙巳,蛇,小滿
2025-05-22,2025,4,25,false,四月,廿五,乙巳,蛇,
2025-05-23,2025,4,26,false,四月,廿六,乙巳,蛇,
2025-05-24,2025,4,27,false,四月,廿七,乙巳,蛇,
2025-05-25,2025,4,28,false,四月,廿八,乙巳,蛇,
2025-05-26,2025,4,29,false,四月,廿九,乙巳,蛇,
2025-05-27,2025,5,1,false,五月,初一,乙巳,蛇,
2025-05-28,2025,5,2,false,五月,初二,乙巳,蛇,
2025-05-29,2025,5,3,false,五月,初三,乙巳,蛇,
2025-05-30,2025,5,4,false,五月,初四,乙巳,蛇,
2025-05-31,2025,5,5,false,五月,初五,乙巳,蛇,
2025-06-01,2025,5,6,false,五月,初六,乙巳,蛇,
2025-06-02,2025,5,7,false,五月,初七,乙巳,蛇,
2025-06-03,2025,5,8,false,五月,初八,乙巳,蛇,
2025-06-04,2025,5,9,false,五月,初九,乙巳,蛇,
2025-06-05,2025,5,10,false,五月,初十,乙巳,蛇,芒種
2025-06-06,2025,5,11,false,五月,十一,乙巳,蛇,
2025-06-07,2025,5,12,false,五月,十二,乙巳,蛇,
2025-06-08,2025,5,13,false,五月,十三,乙巳,蛇,
2025-06-09,2025,5,14,false,五月,十四,乙巳,蛇,
2025-06-10,2025,5,15,false,五月,十五,乙巳,蛇,
2025-06-11,2025,5,16,false,五月,十六,乙巳,蛇,
2025-06-12,2025,5,17,false,五月,十七,乙巳,蛇,
2025-06-13,2025,5,18,false,五月,十八,乙巳,蛇,
2025-06-14,2025,5,19,false,五月,十九,乙巳,蛇,
2025-06-15,2025,5,20,false,五月,二十,乙巳,蛇,
2025-06-16,2025,5,21,false,五月,廿一,乙巳,蛇,
2025-06-17,2025,5,22,false,五月,廿二,乙巳,蛇,
2025-06-18,2025,5,23,false,五月,廿三,乙巳,蛇,
2025-06-19,2025,5,24,false,五月,廿四,乙巳,蛇,
2025-06-20,2025,5,25,false,五月,廿五,乙巳,蛇,
2025-06-21,2025,5,26,false,五月,廿六,乙巳,蛇,夏至
2025-06-22,2025,5,27,false,五月,廿七,乙巳,蛇,
2025-06-23,2025,5,28,false,五月,廿八,乙巳,蛇,
2025-06-24,2025,5,29,false,五月,廿九,乙巳,蛇,
2025-06-25,2025,6,1,false,六月,初一,乙巳,蛇,
2025-06-26,2025,6,2,false,六月,初二,乙巳,蛇,
2025-06-27,2025,6,3,false,六月,初三,乙巳,蛇,
2025-06-28,2025,6,4,false,六月,初四,乙巳,蛇,
2025-06-29,2025,6,5,false,六月,初五,乙巳,蛇,
2025-06-30,2025,6,6,false,六月,初六,乙巳,蛇,
2025-07-01,2025,6,7,false,六月,初七,乙巳,蛇,
2025-07-02,2025,6,8,false,六月,初八,乙巳,蛇,
2025-07-03,2025,6,9,false,六月,初九,乙巳,蛇,
2025-07-04,2025,6,10,false,六月,初十,乙巳,蛇,
2025-07-05,2025,6,11,false,六月,十一,乙巳,蛇,
2025-07-06,2025,6,12,false,六月,十二,乙巳,蛇,
2025-07-07,2025,6,13,false,六月,十三,乙巳,蛇,小暑
2025-07-08,2025,6,14,false,六月,十四,乙巳,蛇,
2025-07-09,2025,6,15,false,六月,十五,乙巳,蛇,
2025-07-10,2025,6,16,false,六月,十六,乙巳,蛇,
2025-07-11,2025,6,17,false,六月,十七,乙巳,蛇,
2025-07-12,2025,6,18,false,六月,十八,乙巳,蛇,
2025-07-13,2025,6,19,false,六月,十九,乙巳,蛇,
2025-07-14,2025,6,20,false,六月,二十,乙巳,蛇,
2025-07-15,2025,6,21,false,六月,廿一,乙巳,蛇,
2025-07-16,2025,6,22,false,六月,廿二,乙巳,蛇,
2025-07-17,2025,6,23,false,六月,廿三,乙巳,蛇,
2025-07-18,2025,6,24,false,六月,廿四,乙巳,蛇,
2025-07-19,2025,6,25,false,六月,廿五,乙巳,蛇,
2025-07-20,2025,6,26,false,六月,廿六,乙巳,蛇,
2025-07-21,2025,6,27,false,六月,廿七,乙巳,蛇,
2025-07-22,2025,6,28,false,六月,廿八,乙巳,蛇,大暑
2025-07-23,2025,6,29,false,六月,廿九,乙巳,蛇,
2025-07-24,2025,6,30,false,六月,三十,乙巳,蛇,
2025-07-25,2025,6,1,true,閏六月,初一,乙巳,蛇,
2025-07-26,2025,6,2,true,閏六月,初二,乙巳,蛇,
2025-07-27,2025,6,3,true,閏六月,初三,乙巳,蛇,
2025-07-28,2025,6,4,true,閏六月,初四,乙巳,蛇,
2025-07-29,2025,6,5,true,閏六月,初五,乙巳,蛇,
2025-07-30,2025,6,6,true,閏六月,初六,乙巳,蛇,
2025-07-31,2025,6,7,true,閏六月,初七,乙巳,蛇,
2025-08-01,2025,6,8,true,閏六月,初八,乙巳,蛇,
2025-08-02,2025,6,9,true,閏六月,初九,乙巳,蛇,
2025-08-03,2025,6,10,true,閏六月,初十,乙巳,蛇,
2025-08-04,2025,6,11,true,閏六月,十一,乙巳,蛇,
2025-08-05,2025,6,12,true,閏六月,十二,乙巳,蛇,
2025-08-06,2025,6,13,true,閏六月,十三,乙巳,蛇,
2025-08-07,2025,6,14,true,閏六月,十四,乙巳,蛇,立秋
2025-08-08,2025,6,15,true,閏六月,十五,乙巳,蛇,
2025-08-09,2025,6,16,true,閏六月,十六,乙巳,蛇,
2025-08-10,2025,6,17,true,閏六月,十七,乙巳,蛇,
2025-08-11,2025,6,18,true,閏六月,十八,乙巳,蛇,
2025-08-12,2025,6,19,true,閏六月,十九,乙巳,蛇,
2025-08-13,2025,6,20,true,閏六月,二十,乙巳,蛇,
2025-08-14,2025,6,21,true,閏六月,廿一,乙巳,蛇,
2025-08-15,2025,6,22,true,閏六月,廿二,乙巳,蛇,
2025-08-16,2025,6,23,true,閏六月,廿三,乙巳,蛇,
2025-08-17,2025,6,24,true,閏六月,廿四,乙巳,蛇,
2025-08-18,2025,6,25,true,閏六月,廿五,乙巳,蛇,
2025-08-19,2025,6,26,true,閏六月,廿六,乙巳,蛇,
2025-08-20,2025,6,27,true,閏六月,廿七,乙巳,蛇,
2025-08-21,2025,6,28,true,閏六月,廿八,乙巳,蛇,
2025-08-22,2025,6,29,true,閏六月,廿九,乙巳,蛇,
2025-08-23,2025,7,1,false,七月,初一,乙巳,蛇,處暑
2025-08-24,2025,7,2,false,七月,初二,乙巳,蛇,
2025-08-25,2025,7,3,false,七月,初三,乙巳,蛇,
2025-08-26,2025,7,4,false,七月,初四,乙巳,蛇,
2025-08-27,2025,7,5,false,七月,初五,乙巳,蛇,
2025-08-28,2025,7,6,false,七月,初六,乙巳,蛇,
2025-08-29,2025,7,7,false,七月,初七,乙巳,蛇,
2025-08-30,2025,7,8,false,七月,初八,乙巳,蛇,
2025-08-31,2025,7,9,false,七月,初九,乙巳,蛇,
2025-09-01,2025,7,10,false,七月,初十,乙巳,蛇,
2025-09-02,2025,7,11,false,七月,十一,乙巳,蛇,
2025-09-03,2025,7,12,false,七月,十二,乙巳,蛇,
2025-09-04,2025,7,13,false,七月,十三,乙巳,蛇,
2025-09-05,2025,7,14,false,七月,十四,乙巳,蛇,
2025-09-06,2025,7,15,false,七月,十五,乙巳,蛇,
2025-09-07,2025,7,16,false,七月,十六,乙巳,蛇,白露
2025-09-08,2025,7,17,false,七月,十七,乙巳,蛇,
2025-09-09,2025,7,18,false,七月,十八,乙巳,蛇,
2025-09-10,2025,7,19,false,七月,十九,乙巳,蛇,
2025-09-11,2025,7,20,false,七月,二十,乙巳,蛇,
2025-09-12,2025,7,21,false,七月,廿一,乙巳,蛇,
2025-09-13,2025,7,22,false,七月,廿二,乙巳,蛇,
2025-09-14,2025,7,23,false,七月,廿三,乙巳,蛇,
2025-09-15,2025,7,24,false,七月,廿四,乙巳,蛇,
2025-09-16,2025,7,25,false,七月,廿五,乙巳,蛇,
2025-09-17,2025,7,26,false,七月,廿六,乙巳,蛇,
2025-09-18,2025,7,27,false,七月,廿七,乙巳,蛇,
2025-09-19,2025,7,28,false,七月,廿八,乙巳,蛇,
2025-09-20,2025,7,29,false,七月,廿九,乙巳,蛇,
2025-09-21,2025,7,30,false,七月,三十,乙巳,蛇,
2025-09-22,2025,8,1,false,八月,初一,乙巳,蛇,
2025-09-23,2025,8,2,false,八月,初二,乙巳,蛇,秋分
2025-09-24,2025,8,3,false,八月,初三,乙巳,蛇,
2025-09-25,2025,8,4,false,八月,初四,乙巳,蛇,
2025-09-26,2025,8,5,false,八月,初五,乙巳,蛇,
2025-09-27,2025,8,6,false,八月,初六,乙巳,蛇,
2025-09-28,2025,8,7,false,八月,初七,乙巳,蛇,
2025-09-29,2025,8,8,false,八月,初八,乙巳,蛇,
2025-09-30,2025,8,9,false,八月,初九,乙巳,蛇,
2025-10-01,2025,8,10,false,八月,初十,乙巳,蛇,
2025-10-02,2025,8,11,false,八月,十一,乙巳,蛇,
2025-10-03,2025,8,12,false,八月,十二,乙巳,蛇,
2025-10-04,2025,8,13,false,八月,十三,乙巳,蛇,
2025-10-05,2025,8,14,false,八月,十四,乙巳,蛇,
2025-10-06,2025,8,15,false,八月,十五,乙巳,蛇,
2025-10-07,2025,8,16,false,八月,十六,乙巳,蛇,
2025-10-08,2025,8,17,false,八月,十七,乙巳,蛇,寒露
2025-10-09,2025,8,18,false,八月,十八,乙巳,蛇,
2025-10-10,2025,8,19,false,八月,十九,乙巳,蛇,
2025-10-11,2025,8,20,false,八月,二十,乙巳,蛇,
2025-10-12,2025,8,21,false,八月,廿一,乙巳,蛇,
2025-10-13,2025,8,22,false,八月,廿二,乙巳,蛇,
2025-10-14,2025,8,23,false,八月,廿三,乙巳,蛇,
2025-10-15,2025,8,24,false,八月,廿四,乙巳,蛇,
2025-10-16,2025,8,25,false,八月,廿五,乙巳,蛇,
2025-10-17,2025,8,26,false,八月,廿六,乙巳,蛇,
2025-10-18,2025,8,27,false,八月,廿七,乙巳,蛇,
2025-10-19,2025,8,28,false,八月,廿八,乙巳,蛇,
2025-10-20,2025,8,29,false,八月,廿九,乙巳,蛇,
2025-10-21,2025,9,1,false,九月,初一,乙巳,蛇,
2025-10-22,2025,9,2,false,九月,初二,乙巳,蛇,
2025-10-23,2025,9,3,false,九月,初三,乙巳,蛇,霜降
2025-10-24,2025,9,4,false,九月,初四,乙巳,蛇,
2025-10-25,2025,9,5,false,九月,初五,乙巳,蛇,
2025-10-26,2025,9,6,false,九月,初六,乙巳,蛇,
2025-10-27,2025,9,7,false,九月,初七,乙巳,蛇,
2025-10-28,2025,9,8,false,九月,初八,乙巳,蛇,
2025-10-29,2025,9,9,false,九月,初九,乙巳,蛇,
2025-10-30,2025,9,10,false,九月,初十,乙巳,蛇,
2025-10-31,2025,9,11,false,九月,十一,乙巳,蛇,
2025-11-01,2025,9,12,false,九月,十二,乙巳,蛇,
2025-11-02,2025,9,13,false,九月,十三,乙巳,蛇,
2025-11-03,2025,9,14,false,九月,十四,乙巳,蛇,
2025-11-04,2025,9,15,false,九月,十五,乙巳,蛇,
2025-11-05,2025,9,16,false,九月,十六,乙巳,蛇,
2025-11-06,2025,9,17,false,九月,十七,乙巳,蛇,
2025-11-07,2025,9,18,false,九月,十八,乙巳,蛇,立冬
2025-11-08,2025,9,19,false,九月,十九,乙巳,蛇,
2025-11-09,2025,9,20,false,九月,二十,乙巳,蛇,
2025-11-10,2025,9,21,false,九月,廿一,乙巳,蛇,
2025-11-11,2025,9,22,false,九月,廿二,乙巳,蛇,
2025-11-12,2025,9,23,false,九月,廿三,乙巳,蛇,
2025-11-13,2025,9,24,false,九月,廿四,乙巳,蛇,
2025-11-14,2025,9,25,false,九月,廿五,乙巳,蛇,
2025-11-15,2025,9,26,false,九月,廿六,乙巳,蛇,
2025-11-16,2025,9,27,false,九月,廿七,乙巳,蛇,
2025-11-17,2025,9,28,false,九月,廿八,乙巳,蛇,
2025-11-18,2025,9,29,false,九月,廿九,乙巳,蛇,
2025-11-19,2025,9,30,false,九月,三十,乙巳,蛇,
2025-11-20,2025,10,1,false,十月,初一,乙巳,蛇,
2025-11-21,2025,10,2,false,十月,初二,乙巳,蛇,
2025-11-22,2025,10,3,false,十月,初三,乙巳,蛇,小雪
2025-11-23,2025,10,4,false,十月,初四,乙巳,蛇,
2025-11-24,2025,10,5,false,十月,初五,乙巳,蛇,
2025-11-25,2025,10,6,false,十月,初六,乙巳,蛇,
2025-11-26,2025,10,7,false,十月,初七,乙巳,蛇,
2025-11-27,2025,10,8,false,十月,初八,乙巳,蛇,
2025-11-28,2025,10,9,false,十月,初九,乙巳,蛇,
2025-11-29,2025,10,10,false,十月,初十,乙巳,蛇,
2025-11-30,2025,10,11,false,十月,十一,乙巳,蛇,
2025-12-01,2025,10,12,false,十月,十二,乙巳,蛇,
2025-12-02,2025,10,13,false,十月,十三,乙巳,蛇,
2025-12-03,2025,10,14,false,十月,十四,乙巳,蛇,
2025-12-04,2025,10,15,false,十月,十五,乙巳,蛇,
2025-12-05,2025,10,16,false,十月,十六,乙巳,蛇,
2025-12-06,2025,10,17,false,十月,十七,乙巳,蛇,
2025-12-07,2025,10,18,false,十月,十八,乙巳,蛇,大雪
2025-12-08,2025,10,19,false,十月,十九,乙巳,蛇,
2025-12-09,2025,10,20,false,十月,二十,乙巳,蛇,
2025-12-10,2025,10,21,false,十月,廿一,乙巳,蛇,
2025-12-11,2025,10,22,false,十月,廿二,乙巳,蛇,
2025-12-12,2025,10,23,false,十月,廿三,乙巳,蛇,
2025-12-13,2025,10,24,false,十月,廿四,乙巳,蛇,
2025-12-14,2025,10,25,false,十月,廿五,乙巳,蛇,
2025-12-15,2025,10,26,false,十月,廿六,乙巳,蛇,
2025-12-16,2025,10,27,false,十月,廿七,乙巳,蛇,
2025-12-17,2025,10,28,false,十月,廿八,乙巳,蛇,
2025-12-18,2025,10,29,false,十月,廿九,乙巳,蛇,
2025-12-19,2025,10,30,false,十月,三十,乙巳,蛇,
2025-12-20,2025,11,1,false,十一月,初一,乙巳,蛇,
2025-12-21,2025,11,2,false,十一月,初二,乙巳,蛇,冬至
2025-12-22,2025,11,3,false,十一月,初三,乙巳,蛇,
2025-12-23,2025,11,4,false,十一月,初四,乙巳,蛇,
2025-12-24,2025,11,5,false,十一月,初五,乙巳,蛇,
2025-12-25,2025,11,6,false,十一月,初六,乙巳,蛇,
2025-12-26,2025,11,7,false,十一月,初七,乙巳,蛇,
2025-12-27,2025,11,8,false,十一月,初八,乙巳,蛇,
2025-12-28,2025,11,9,false,十一月,初九,乙巳,蛇,
2025-12-29,2025,11,10,false,十一月,初十,乙巳,蛇,
2025-12-30,2025,11,11,false,十一月,十一,乙巳,蛇,
2025-12-31,2025,11,12,false,十一月,十二,乙巳,蛇,
2026-01-01,2025,11,13,false,十一月,十三,乙巳,蛇,
2026-01-02,2025,11,14,false,十一月,十四,乙巳,蛇,
2026-01-03,2025,11,15,false,十一月,十五,乙巳,蛇,
2026-01-04,2025,11,16,false,十一月,十六,乙巳,蛇,
2026-01-05,2025,11,17,false,十一月,十七,乙巳,蛇,小寒
2026-01-06,2025,11,18,false,十一月,十八,乙巳,蛇,
2026-01-07,2025,11,19,false,十一月,十九,乙巳,蛇,
2026-01-08,2025,11,20,false,十一月,二十,乙巳,蛇,
2026-01-09,2025,11,21,false,十一月,廿一,乙巳,蛇,
2026-01-10,2025,11,22,false,十一月,廿二,乙巳,蛇,
2026-01-11,2025,11,23,false,十一月,廿三,乙巳,蛇,
2026-01-12,2025,11,24,false,十一月,廿四,乙巳,蛇,
2026-01-13,2025,11,25,false,十一月,廿五,乙巳,蛇,
2026-01-14,2025,11,26,false,十一月,廿六,乙巳,蛇,
2026-01-15,2025,11,27,false,十一月,廿七,乙巳,蛇,
2026-01-16,2025,11,28,false,十一月,廿八,乙巳,蛇,
2026-01-17,2025,11,29,false,十一月,廿九,乙巳,蛇,
2026-01-18,2025,11,30,false,十一月,三十,乙巳,蛇,
2026-01-19,2025,12,1,false,十二月,初一,乙巳,蛇,
2026-01-20,2025,12,2,false,十二月,初二,乙巳,蛇,大寒
2026-01-21,2025,12,3,false,十二月,初三,乙巳,蛇,
2026-01-22,2025,12,4,false,十二月,初四,乙巳,蛇,
2026-01-23,2025,12,5,false,十二月,初五,乙巳,蛇,
2026-01-24,2025,12,6,false,十二月,初六,乙巳,蛇,
2026-01-25,2025,12,7,false,十二月,初七,乙巳,蛇,
2026-01-26,2025,12,8,false,十二月,初八,乙巳,蛇,
2026-01-27,2025,12,9,false,十二月,初九,乙巳,蛇,
2026-01-28,2025,12,10,false,十二月,初十,乙巳,蛇,
2026-01-29,2025,12,11,false,十二月,十一,乙巳,蛇,
2026-01-30,2025,12,12,false,十二月,十二,乙巳,蛇,
2026-01-31,2025,12,13,false,十二月,十三,乙巳,蛇,
2026-02-01,2025,12,14,false,十二月,十四,乙巳,蛇,
2026-02-02,2025,12,15,false,十二月,十五,乙巳,蛇,
2026-02-03,2025,12,16,false,十二月,十六,乙巳,蛇,
2026-02-04,2025,12,17,false,十二月,十七,乙巳,蛇,立春
2026-02-05,2025,12,18,false,十二月,十八,乙巳,蛇,
2026-02-06,2025,12,19,false,十二月,十九,乙巳,蛇,
2026-02-07,2025,12,20,false,十二月,二十,乙巳,蛇,
2026-02-08,2025,12,21,false,十二月,廿一,乙巳,蛇,
2026-02-09,2025,12,22,false,十二月,廿二,乙巳,蛇,
2026-02-10,2025,12,23,false,十二月,廿三,乙巳,蛇,
2026-02-11,2025,12,24,false,十二月,廿四,乙巳,蛇,
2026-02-12,2025,12,25,false,十二月,廿五,乙巳,蛇,
2026-02-13,2025,12,26,false,十二月,廿六,乙巳,蛇,
2026-02-14,2025,12,27,false,十二月,廿七,乙巳,蛇,
2026-02-15,2025,12,28,false,十二月,廿八,乙巳,蛇,
2026-02-16,2025,12,29,false,十二月,廿九,乙巳,蛇,
2026-02-17,2026,1,1,false,一月,初一,丙午,馬,
2026-02-18,2026,1,2,false,一月,初二,丙午,馬,雨水
2026-02-19,2026,1,3,false,一月,初三,丙午,馬,
2026-02-20,2026,1,4,false,一月,初四,丙午,馬,
2026-02-21,2026,1,5,false,一月,初五,丙午,馬,
2026-02-22,2026,1,6,false,一月,初六,丙午,馬,
2026-02-23,2026,1,7,false,一月,初七,丙午,馬,
2026-02-24,2026,1,8,false,一月,初八,丙午,馬,
2026-02-25,2026,1,9,false,一月,初九,丙午,馬,
2026-02-26,2026,1,10,false,一月,初十,丙午,馬,
2026-02-27,2026,1,11,false,一月,十一,丙午,馬,
2026-02-28,2026,1,12,false,一月,十二,丙午,馬,
2026-03-01,2026,1,13,false,一月,十三,丙午,馬,
2026-03-02,2026,1,14,false,一月,十四,丙午,馬,
2026-03-03,2026,1,15,false,一月,十五,丙午,馬,
2026-03-04,2026,1,16,false,一月,十六,丙午,馬,
2026-03-05,2026,1,17,false,一月,十七,丙午,馬,驚蟄
2026-03-06,2026,1,18,false,一月,十八,丙午,馬,
2026-03-07,2026,1,19,false,一月,十九,丙午,馬,
2026-03-08,2026,1,20,false,一月,二十,丙午,馬,
2026-03-09,2026,1,21,false,一月,廿一,丙午,馬,
2026-03-10,2026,1,22,false,一月,廿二,丙午,馬,
2026-03-11,2026,1,23,false,一月,廿三,丙午,馬,
2026-03-12,2026,1,24,false,一月,廿四,丙午,馬,
2026-03-13,2026,1,25,false,一月,廿五,丙午,馬,
2026-03-14,2026,1,26,false,一月,廿六,丙午,馬,
2026-03-15,2026,1,27,false,一月,廿七,丙午,馬,
2026-03-16,2026,1,28,false,一月,廿八,丙午,馬,
2026-03-17,2026,1,29,false,一月,廿九,丙午,馬,
2026-03-18,2026,1,30,false,一月,三十,丙午,馬,
2026-03-19,2026,2,1,false,二月,初一,丙午,馬,
2026-03-20,2026,2,2,false,二月,初二,丙午,馬,春分
2026-03-21,2026,2,3,false,二月,初三,丙午,馬,
2026-03-22,2026,2,4,false,二月,初四,丙午,馬,
2026-03-23,2026,2,5,false,二月,初五,丙午,馬,
2026-03-24,2026,2,6,false,二月,初六,丙午,馬,
2026-03-25,2026,2,7,false,二月,初七,丙午,馬,
2026-03-26,2026,2,8,false,二月,初八,丙午,馬,
2026-03-27,2026,2,9,false,二月,初九,丙午,馬,
2026-03-28,2026,2,10,false,二月,初十,丙午,馬,
2026-03-29,2026,2,11,false,二月,十一,丙午,馬,
2026-03-30,2026,2,12,false,二月,十二,丙午,馬,
2026-03-31,2026,2,13,false,二月,十三,丙午,馬,
2026-04-01,2026,2,14,false,二月,十四,丙午,馬,
2026-04-02,2026,2,15,false,二月,十五,丙午,馬,
2026-04-03,2026,2,16,false,二月,十六,丙午,馬,
2026-04-04,2026,2,17,false,二月,十七,丙午,馬,
2026-04-05,2026,2,18,false,二月,十八,丙午,馬,清明
2026-04-06,2026,2,19,false,二月,十九,丙午,馬,
2026-04-07,2026,2,20,false,二月,二十,丙午,馬,
2026-04-08,2026,2,21,false,二月,廿一,丙午,馬,
2026-04-09,2026,2,22,false,二月,廿二,丙午,馬,
2026-04-10,2026,2,23,false,二月,廿三,丙午,馬,
2026-04-11,2026,2,24,false,二月,廿四,丙午,馬,
2026-04-12,2026,2,25,false,二月,廿五,丙午,馬,
2026-04-13,2026,2,26,false,二月,廿六,丙午,馬,
2026-04-14,2026,2,27,false,二月,廿七,丙午,馬,
2026-04-15,2026,2,28,false,二月,廿八,丙午,馬,
2026-04-16,2026,2,29,false,二月,廿九,丙午,馬,
2026-04-17,2026,3,1,false,三月,初一,丙午,馬,
2026-04-18,2026,3,2,false,三月,初二,丙午,馬,
2026-04-19,2026,3,3,false,三月,初三,丙午,馬,
2026-04-20,2026,3,4,false,三月,初四,丙午,馬,穀雨
2026-04-21,2026,3,5,false,三月,初五,丙午,馬,
2026-04-22,2026,3,6,false,三月,初六,丙午,馬,
2026-04-23,2026,3,7,false,三月,初七,丙午,馬,
2026-04-24,2026,3,8,false,三月,初八,丙午,馬,
2026-04-25,2026,3,9,false,三月,初九,丙午,馬,
2026-04-26,2026,3,10,false,三月,初十,丙午,馬,
2026-04-27,2026,3,11,false,三月,十一,丙午,馬,
2026-04-28,2026,3,12,false,三月,十二,丙午,馬,
2026-04-29,2026,3,13,false,三月,十三,丙午,馬,
2026-04-30,2026,3,14,false,三月,十四,丙午,馬,
2026-05-01,2026,3,15,false,三月,十五,丙午,馬,
2026-05-02,2026,3,16,false,三月,十六,丙午,馬,
2026-05-03,2026,3,17,false,三月,十七,丙午,馬,
2026-05-04,2026,3,18,false,三月,十八,丙午,馬,
2026-05-05,2026,3,19,false,三月,十九,丙午,馬,立夏
2026-05-06,2026,3,20,false,三月,二十,丙午,馬,
2026-05-07,2026,3,21,false,三月,廿一,丙午,馬,
2026-05-08,2026,3,22,false,三月,廿二,丙午,馬,
2026-05-09,2026,3,23,false,三月,廿三,丙午,馬,
2026-05-10,2026,3,24,false,三月,廿四,丙午,馬,
2026-05-11,2026,3,25,false,三月,廿五,丙午,馬,
2026-05-12,2026,3,26,false,三月,廿六,丙午,馬,
2026-05-13,2026,3,27,false,三月,廿七,丙午,馬,
2026-05-14,2026,3,28,false,三月,廿八,丙午,馬,
2026-05-15,2026,3,29,false,三月,廿九,丙午,馬,
2026-05-16,2026,3,30,false,三月,三十,丙午,馬,
2026-05-17,2026,4,1,false,四月,初一,丙午,馬,
2026-05-18,2026,4,2,false,四月,初二,丙午,馬,
2026-05-19,2026,4,3,false,四月,初三,丙午,馬,
2026-05-20,2026,4,4,false,四月,初四,丙午,馬,
2026-05-21,2026,4,5,false,四月,初五,丙午,馬,小滿
2026-05-22,2026,4,6,false,四月,初六,丙午,馬,
2026-05-23,2026,4,7,false,四月,初七,丙午,馬,
2026-05-24,2026,4,8,false,四月,初八,丙午,馬,
2026-05-25,2026,4,9,false,四月,初九,丙午,馬,
2026-05-26,2026,4,10,false,四月,初十,丙午,馬,
2026-05-27,2026,4,11,false,四月,十一,丙午,馬,
2026-05-28,2026,4,12,false,四月,十二,丙午,馬,
2026-05-29,2026,4,13,false,四月,十三,丙午,馬,
2026-05-30,2026,4,14,false,四月,十四,丙午,馬,
2026-05-31,2026,4,15,false,四月,十五,丙午,馬,
2026-06-01,2026,4,16,false,四月,十六,丙午,馬,
2026-06-02,2026,4,17,false,四月,十七,丙午,馬,
2026-06-03,2026,4,18,false,四月,十八,丙午,馬,
2026-06-04,2026,4,19,false,四月,十九,丙午,馬,
2026-06-05,2026,4,20,false,四月,二十,丙午,馬,芒種
2026-06-06,2026,4,21,false,四月,廿一,丙午,馬,
2026-06-07,2026,4,22,false,四月,廿二,丙午,馬,
2026-06-08,2026,4,23,false,四月,廿三,丙午,馬,
2026-06-09,2026,4,24,false,四月,廿四,丙午,馬,
2026-06-10,2026,4,25,false,四月,廿五,丙午,馬,
2026-06-11,2026,4,26,false,四月,廿六,丙午,馬,
2026-06-12,2026,4,27,false,四月,廿七,丙午,馬,
2026-06-13,2026,4,28,false,四月,廿八,丙午,馬,
2026-06-14,2026,4,29,false,四月,廿九,丙午,馬,
2026-06-15,2026,5,1,false,五月,初一,丙午,馬,
2026-06-16,2026,5,2,false,五月,初二,丙午,馬,
2026-06-17,2026,5,3,false,五月,初三,丙午,馬,
2026-06-18,2026,5,4,false,五月,初四,丙午,馬,
2026-06-19,2026,5,5,false,五月,初五,丙午,馬,
2026-06-20,2026,5,6,false,五月,初六,丙午,馬,
2026-06-21,2026,5,7,false,五月,初七,丙午,馬,夏至
2026-06-22,2026,5,8,false,五月,初八,丙午,馬,
2026-06-23,2026,5,9,false,五月,初九,丙午,馬,
2026-06-24,2026,5,10,false,五月,初十,丙午,馬,
2026-06-25,2026,5,11,false,五月,十一,丙午,馬,
2026-06-26,2026,5,12,false,五月,十二,丙午,馬,
2026-06-27,2026,5,13,false,五月,十三,丙午,馬,
2026-06-28,2026,5,14,false,五月,十四,丙午,馬,
2026-06-29,2026,5,15,false,五月,十五,丙午,馬,
2026-06-30,2026,5,16,false,五月,十六,丙午,馬,
2026-07-01,2026,5,17,false,五月,十七,丙午,馬,
2026-07-02,2026,5,18,false,五月,十八,丙午,馬,
2026-07-03,2026,5,19,false,五月,十九,丙午,馬,
2026-07-04,2026,5,20,false,五月,二十,丙午,馬,
2026-07-05,2026,5,21,false,五月,廿一,丙午,馬,
2026-07-06,2026,5,22,false,五月,廿二,丙午,馬,
2026-07-07,2026,5,23,false,五月,廿三,丙午,馬,小暑
2026-07-08,2026,5,24,false,五月,廿四,丙午,馬,
2026-07-09,2026,5,25,false,五月,廿五,丙午,馬,
2026-07-10,2026,5,26,false,五月,廿六,丙午,馬,
2026-07-11,2026,5,27,false,五月,廿七,丙午,馬,
2026-07-12,2026,5,28,false,五月,廿八,丙午,馬,
2026-07-13,2026,5,29,false,五月,廿九,丙午,馬,
2026-07-14,2026,6,1,false,六月,初一,丙午,馬,
2026-07-15,2026,6,2,false,六月,初二,丙午,馬,
2026-07-16,2026,6,3,false,六月,初三,丙午,馬,
2026-07-17,2026,6,4,false,六月,初四,丙午,馬,
2026-07-18,2026,6,5,false,六月,初五,丙午,馬,
2026-07-19,2026,6,6,false,六月,初六,丙午,馬,
2026-07-20,2026,6,7,false,六月,初七,丙午,馬,
2026-07-21,2026,6,8,false,六月,初八,丙午,馬,
2026-07-22,2026,6,9,false,六月,初九,丙午,馬,
2026-07-23,2026,6,10,false,六月,初十,丙午,馬,大暑
2026-07-24,2026,6,11,false,六月,十一,丙午,馬,
2026-07-25,2026,6,12,false,六月,十二,丙午,馬,
2026-07-26,2026,6,13,false,六月,十三,丙午,馬,
2026-07-27,2026,6,14,false,六月,十四,丙午,馬,
2026-07-28,2026,6,15,false,六月,十五,丙午,馬,
2026-07-29,2026,6,16,false,六月,十六,丙午,馬,
2026-07-30,2026,6,17,false,六月,十七,丙午,馬,
2026-07-31,2026,6,18,false,六月,十八,丙午,馬,
2026-08-01,2026,6,19,false,六月,十九,丙午,馬,
2026-08-02,2026,6,20,false,六月,二十,丙午,馬,
2026-08-03,2026,6,21,false,六月,廿一,丙午,馬,
2026-08-04,2026,6,22,false,六月,廿二,丙午,馬,
2026-08-05,2026,6,23,false,六月,廿三,丙午,馬,
2026-08-06,2026,6,24,false,六月,廿四,丙午,馬,
2026-08-07,2026,6,25,false,六月,廿五,丙午,馬,立秋
2026-08-08,2026,6,26,false,六月,廿六,丙午,馬,
2026-08-09,2026,6,27,false,六月,廿七,丙午,馬,
2026-08-10,2026,6,28,false,六月,廿八,丙午,馬,
2026-08-11,2026,6,29,false,六月,廿九,丙午,馬,
2026-08-12,2026,6,30,false,六月,三十,丙午,馬,
2026-08-13,2026,7,1,false,七月,初一,丙午,馬,
2026-08-14,2026,7,2,false,七月,初二,丙午,馬,
2026-08-15,2026,7,3,false,七月,初三,丙午,馬,
2026-08-16,2026,7,4,false,七月,初四,丙午,馬,
2026-08-17,2026,7,5,false,七月,初五,丙午,馬,
2026-08-18,2026,7,6,false,七月,初六,丙午,馬,
2026-08-19,2026,7,7,false,七月,初七,丙午,馬,
2026-08-20,2026,7,8,false,七月,初八,丙午,馬,
2026-08-21,2026,7,9,false,七月,初九,丙午,馬,
2026-08-22,2026,7,10,false,七月,初十,丙午,馬,
2026-08-23,2026,7,11,false,七月,十一,丙午,馬,處暑
2026-08-24,2026,7,12,false,七月,十二,丙午,馬,
2026-08-25,2026,7,13,false,七月,十三,丙午,馬,
2026-08-26,2026,7,14,false,七月,十四,丙午,馬,
2026-08-27,2026,7,15,false,七月,十五,丙午,馬,
2026-08-28,2026,7,16,false,七月,十六,丙午,馬,
2026-08-29,2026,7,17,false,七月,十七,丙午,馬,
2026-08-30,2026,7,18,false,七月,十八,丙午,馬,
2026-08-31,2026,7,19,false,七月,十九,丙午,馬,
2026-09-01,2026,7,20,false,七月,二十,丙午,馬,
2026-09-02,2026,7,21,false,七月,廿一,丙午,馬,
2026-09-03,2026,7,22,false,七月,廿二,丙午,馬,
2026-09-04,2026,7,23,false,七月,廿三,丙午,馬,
2026-09-05,2026,7,24,false,七月,廿四,丙午,馬,
2026-09-06,2026,7,25,false,七月,廿五,丙午,馬,
2026-09-07,2026,7,26,false,七月,廿六,丙午,馬,白露
2026-09-08,2026,7,27,false,七月,廿七,丙午,馬,
2026-09-09,2026,7,28,false,七月,廿八,丙午,馬,
2026-09-10,2026,7,29,false,七月,廿九,丙午,馬,
2026-09-11,2026,8,1,false,八月,初一,丙午,馬,
2026-09-12,2026,8,2,false,八月,初二,丙午,馬,
2026-09-13,2026,8,3,false,八月,初三,丙午,馬,
2026-09-14,2026,8,4,false,八月,初四,丙午,馬,
2026-09-15,2026,8,5,false,八月,初五,丙午,馬,
2026-09-16,2026,8,6,false,八月,初六,丙午,馬,
2026-09-17,2026,8,7,false,八月,初七,丙午,馬,
2026-09-18,2026,8,8,false,八月,初八,丙午,馬,
2026-09-19,2026,8,9,false,八月,初九,丙午,馬,
2026-09-20,2026,8,10,false,八月,初十,丙午,馬,
2026-09-21,2026,8,11,false,八月,十一,丙午,馬,
2026-09-22,2026,8,12,false,八月,十二,丙午,馬,
2026-09-23,2026,8,13,false,八月,十三,丙午,馬,秋分
2026-09-24,2026,8,14,false,八月,十四,丙午,馬,
2026-09-25,2026,8,15,false,八月,十五,丙午,馬,
2026-09-26,2026,8,16,false,八月,十六,丙午,馬,
2026-09-27,2026,8,17,false,八月,十七,丙午,馬,
2026-09-28,2026,8,18,false,八月,十八,丙午,馬,
2026-09-29,2026,8,19,false,八月,十九,丙午,馬,
2026-09-30,2026,8,20,false,八月,二十,丙午,馬,
2026-10-01,2026,8,21,false,八月,廿一,丙午,馬,
2026-10-02,2026,8,22,false,八月,廿二,丙午,馬,
2026-10-03,2026,8,23,false,八月,廿三,丙午,馬,
2026-10-04,2026,8,24,false,八月,廿四,丙午,馬,
2026-10-05,2026,8,25,false,八月,廿五,丙午,馬,
2026-10-06,2026,8,26,false,八月,廿六,丙午,馬,
2026-10-07,2026,8,27,false,八月,廿七,丙午,馬,
2026-10-08,2026,8,28,false,八月,廿八,丙午,馬,寒露
2026-10-09,2026,8,29,false,八月,廿九,丙午,馬,
2026-10-10,2026,9,1,false,九月,初一,丙午,馬,
2026-10-11,2026,9,2,false,九月,初二,丙午,馬,
2026-10-12,2026,9,3,false,九月,初三,丙午,馬,
2026-10-13,2026,9,4,false,九月,初四,丙午,馬,
2026-10-14,2026,9,5,false,九月,初五,丙午,馬,
2026-10-15,2026,9,6,false,九月,初六,丙午,馬,
2026-10-16,2026,9,7,false,九月,初七,丙午,馬,
2026-10-17,2026,9,8,false,九月,初八,丙午,馬,
2026-10-18,2026,9,9,false,九月,初九,丙午,馬,
2026-10-19,2026,9,10,false,九月,初十,丙午,馬,
2026-10-20,2026,9,11,false,九月,十一,丙午,馬,
2026-10-21,2026,9,12,false,九月,十二,丙午,馬,
2026-10-22,2026,9,13,false,九月,十三,丙午,馬,
2026-10-23,2026,9,14,false,九月,十四,丙午,馬,霜降
2026-10-24,2026,9,15,false,九月,十五,丙午,馬,
2026-10-25,2026,9,16,false,九月,十六,丙午,馬,
2026-10-26,2026,9,17,false,九月,十七,丙午,馬,
2026-10-27,2026,9,18,false,九月,十八,丙午,馬,
2026-10-28,2026,9,19,false,九月,十九,丙午,馬,
2026-10-29,2026,9,20,false,九月,二十,丙午,馬,
2026-10-30,2026,9,21,false,九月,廿一,丙午,馬,
2026-10-31,2026,9,22,false,九月,廿二,丙午,馬,
2026-11-01,2026,9,23,false,九月,廿三,丙午,馬,
2026-11-02,2026,9,24,false,九月,廿四,丙午,馬,
2026-11-03,2026,9,25,false,九月,廿五,丙午,馬,
2026-11-04,2026,9,26,false,九月,廿六,丙午,馬,
2026-11-05,2026,9,27,false,九月,廿七,丙午,馬,
2026-11-06,2026,9,28,false,九月,廿八,丙午,馬,
2026-11-07,2026,9,29,false,九月,廿九,丙午,馬,立冬
2026-11-08,2026,9,30,false,九月,三十,丙午,馬,
2026-11-09,2026,10,1,false,十月,初一,丙午,馬,
2026-11-10,2026,10,2,false,十月,初二,丙午,馬,
2026-11-11,2026,10,3,false,十月,初三,丙午,馬,
2026-11-12,2026,10,4,false,十月,初四,丙午,馬,
2026-11-13,2026,10,5,false,十月,初五,丙午,馬,
2026-11-14,2026,10,6,false,十月,初六,丙午,馬,
2026-11-15,2026,10,7,false,十月,初七,丙午,馬,
2026-11-16,2026,10,8,false,十月,初八,丙午,馬,
2026-11-17,2026,10,9,false,十月,初九,丙午,馬,
2026-11-18,2026,10,10,false,十月,初十,丙午,馬,
2026-11-19,2026,10,11,false,十月,十一,丙午,馬,
2026-11-20,2026,10,12,false,十月,十二,丙午,馬,
2026-11-21,2026,10,13,false,十月,十三,丙午,馬,
2026-11-22,2026,10,14,false,十月,十四,丙午,馬,小雪
2026-11-23,2026,10,15,false,十月,十五,丙午,馬,
2026-11-24,2026,10,16,false,十月,十六,丙午,馬,
2026-11-25,2026,10,17,false,十月,十七,丙午,馬,
2026-11-26,2026,10,18,false,十月,十八,丙午,馬,
2026-11-27,2026,10,19,false,十月,十九,丙午,馬,
2026-11-28,2026,10,20,false,十月,二十,丙午,馬,
2026-11-29,2026,10,21,false,十月,廿一,丙午,馬,
2026-11-30,2026,10,22,false,十月,廿二,丙午,馬,
2026-12-01,2026,10,23,false,十月,廿三,丙午,馬,
2026-12-02,2026,10,24,false,十月,廿四,丙午,馬,
2026-12-03,2026,10,25,false,十月,廿五,丙午,馬,
2026-12-04,2026,10,26,false,十月,廿六,丙午,馬,
2026-12-05,2026,10,27,false,十月,廿七,丙午,馬,
2026-12-06,2026,10,28,false,十月,廿八,丙午,馬,
2026-12-07,2026,10,29,false,十月,廿九,丙午,馬,大雪
2026-12-08,2026,10,30,false,十月,三十,丙午,馬,
2026-12-09,2026,11,1,false,十一月,初一,丙午,馬,
2026-12-10,2026,11,2,false,十一月,初二,丙午,馬,
2026-12-11,2026,11,3,false,十一月,初三,丙午,馬,
2026-12-12,2026,11,4,false,十一月,初四,丙午,馬,
2026-12-13,2026,11,5,false,十一月,初五,丙午,馬,
2026-12-14,2026,11,6,false,十一月,初六,丙午,馬,
2026-12-15,2026,11,7,false,十一月,初七,丙午,馬,
2026-12-16,2026,11,8,false,十一月,初八,丙午,馬,
2026-12-17,2026,11,9,false,十一月,初九,丙午,馬,
2026-12-18,2026,11,10,false,十一月,初十,丙午,馬,
2026-12-19,2026,11,11,false,十一月,十一,丙午,馬,
2026-12-20,2026,11,12,false,十一月,十二,丙午,馬,
2026-12-21,2026,11,13,false,十一月,十三,丙午,馬,
2026-12-22,2026,11,14,false,十一月,十四,丙午,馬,冬至
2026-12-23,2026,11,15,false,十一月,十五,丙午,馬,
2026-12-24,2026,11,16,false,十一月,十六,丙午,馬,
2026-12-25,2026,11,17,false,十一月,十七,丙午,馬,
2026-12-26,2026,11,18,false,十一月,十八,丙午,馬,
2026-12-27,2026,11,19,false,十一月,十九,丙午,馬,
2026-12-28,2026,11,20,false,十一月,二十,丙午,馬,
2026-12-29,2026,11,21,false,十一月,廿一,丙午,馬,
2026-12-30,2026,11,22,false,十一月,廿二,丙午,馬,
2026-12-31,2026,11,23,false,十一月,廿三,丙午,馬,
2027-01-01,2026,11,24,false,十一月,廿四,丙午,馬,
2027-01-02,2026,11,25,false,十一月,廿五,丙午,馬,
2027-01-03,2026,11,26,false,十一月,廿六,丙午,馬,
2027-01-04,2026,11,27,false,十一月,廿七,丙午,馬,
2027-01-05,2026,11,28,false,十一月,廿八,丙午,馬,小寒
2027-01-06,2026,11,29,false,十一月,廿九,丙午,馬,
2027-01-07,2026,11,30,false,十一月,三十,丙午,馬,
2027-01-08,2026,12,1,false,十二月,初一,丙午,馬,
2027-01-09,2026,12,2,false,十二月,初二,丙午,馬,
2027-01-10,2026,12,3,false,十二月,初三,丙午,馬,
2027-01-11,2026,12,4,false,十二月,初四,丙午,馬,
2027-01-12,2026,12,5,false,十二月,初五,丙午,馬,
2027-01-13,2026,12,6,false,十二月,初六,丙午,馬,
2027-01-14,2026,12,7,false,十二月,初七,丙午,馬,
2027-01-15,2026,12,8,false,十二月,初八,丙午,馬,
2027-01-16,2026,12,9,false,十二月,初九,丙午,馬,
2027-01-17,2026,12,10,false,十二月,初十,丙午,馬,
2027-01-18,2026,12,11,false,十二月,十一,丙午,馬,
2027-01-19,2026,12,12,false,十二月,十二,丙午,馬,
2027-01-20,2026,12,13,false,十二月,十三,丙午,馬,大寒
2027-01-21,2026,12,14,false,十二月,十四,丙午,馬,
2027-01-22,2026,12,15,false,十二月,十五,丙午,馬,
2027-01-23,2026,12,16,false,十二月,十六,丙午,馬,
2027-01-24,2026,12,17,false,十二月,十七,丙午,馬,
2027-01-25,2026,12,18,false,十二月,十八,丙午,馬,
2027-01-26,2026,12,19,false,十二月,十九,丙午,馬,
2027-01-27,2026,12,20,false,十二月,二十,丙午,馬,
2027-01-28,2026,12,21,false,十二月,廿一,丙午,馬,
2027-01-29,2026,12,22,false,十二月,廿二,丙午,馬,
2027-01-30,2026,12,23,false,十二月,廿三,丙午,馬,
2027-01-31,2026,12,24,false,十二月,廿四,丙午,馬,
2027-02-01,2026,12,25,false,十二月,廿五,丙午,馬,
2027-02-02,2026,12,26,false,十二月,廿六,丙午,馬,
2027-02-03,2026,12,27,false,十二月,廿七,丙午,馬,
2027-02-04,2026,12,28,false,十二月,廿八,丙午,馬,立春
2027-02-05,2026,12,29,false,十二月,廿九,丙午,馬,
2027-02-06,2027,1,1,false,一月,初一,丁未,羊,
2027-02-07,2027,1,2,false,一月,初二,丁未,羊,
2027-02-08,2027,1,3,false,一月,初三,丁未,羊,
2027-02-09,2027,1,4,false,一月,初四,丁未,羊,
2027-02-10,2027,1,5,false,一月,初五,丁未,羊,
2027-02-11,2027,1,6,false,一月,初六,丁未,羊,
2027-02-12,2027,1,7,false,一月,初七,丁未,羊,
2027-02-13,2027,1,8,false,一月,初八,丁未,羊,
2027-02-14,2027,1,9,false,一月,初九,丁未,羊,
2027-02-15,2027,1,10,false,一月,初十,丁未,羊,
2027-02-16,2027,1,11,false,一月,十一,丁未,羊,
2027-02-17,2027,1,12,false,一月,十二,丁未,羊,
2027-02-18,2027,1,13,false,一月,十三,丁未,羊,
2027-02-19,2027,1,14,false,一月,十四,丁未,羊,雨水
2027-02-20,2027,1,15,false,一月,十五,丁未,羊,
2027-02-21,2027,1,16,false,一月,十六,丁未,羊,
2027-02-22,2027,1,17,false,一月,十七,丁未,羊,
2027-02-23,2027,1,18,false,一月,十八,丁未,羊,
2027-02-24,2027,1,19,false,一月,十九,丁未,羊,
2027-02-25,2027,1,20,false,一月,二十,丁未,羊,
2027-02-26,2027,1,21,false,一月,廿一,丁未,羊,
2027-02-27,2027,1,22,false,一月,廿二,丁未,羊,
2027-02-28,2027,1,23,false,一月,廿三,丁未,羊,
2027-03-01,2027,1,24,false,一月,廿四,丁未,羊,
2027-03-02,2027,1,25,false,一月,廿五,丁未,羊,
2027-03-03,2027,1,26,false,一月,廿六,丁未,羊,
2027-03-04,2027,1,27,false,一月,廿七,丁未,羊,
2027-03-05,2027,1,28,false,一月,廿八,丁未,羊,
2027-03-06,2027,1,29,false,一月,廿九,丁未,羊,驚蟄
2027-03-07,2027,1,30,false,一月,三十,丁未,羊,
2027-03-08,2027,2,1,false,二月,初一,丁未,羊,
2027-03-09,2027,2,2,false,二月,初二,丁未,羊,
2027-03-10,2027,2,3,false,二月,初三,丁未,羊,
2027-03-11,2027,2,4,false,二月,初四,丁未,羊,
2027-03-12,2027,2,5,false,二月,初五,丁未,羊,
2027-03-13,2027,2,6,false,二月,初六,丁未,羊,
2027-03-14,2027,2,7,false,二月,初七,丁未,羊,
2027-03-15,2027,2,8,false,二月,初八,丁未,羊,
2027-03-16,2027,2,9,false,二月,初九,丁未,羊,
2027-03-17,2027,2,10,false,二月,初十,丁未,羊,
2027-03-18,2027,2,11,false,二月,十一,丁未,羊,
2027-03-19,2027,2,12,false,二月,十二,丁未,羊,
2027-03-20,2027,2,13,false,二月,十三,丁未,羊,
2027-03-21,2027,2,14,false,二月,十四,丁未,羊,春分
2027-03-22,2027,2,15,false,二月,十五,丁未,羊,
2027-03-23,2027,2,16,false,二月,十六,丁未,羊,
2027-03-24,2027,2,17,false,二月,十七,丁未,羊,
2027-03-25,2027,2,18,false,二月,十八,丁未,羊,
2027-03-26,2027,2,19,false,二月,十九,丁未,羊,
2027-03-27,2027,2,20,false,二月,二十,丁未,羊,
2027-03-28,2027,2,21,false,二月,廿一,丁未,羊,
2027-03-29,2027,2,22,false,二月,廿二,丁未,羊,
2027-03-30,2027,2,23,false,二月,廿三,丁未,羊,
2027-03-31,2027,2,24,false,二月,廿四,丁未,羊,
2027-04-01,2027,2,25,false,二月,廿五,丁未,羊,
2027-04-02,2027,2,26,false,二月,廿六,丁未,羊,
2027-04-03,2027,2,27,false,二月,廿七,丁未,羊,
2027-04-04,2027,2,28,false,二月,廿八,丁未,羊,
2027-04-05,2027,2,29,false,二月,廿九,丁未,羊,清明
2027-04-06,2027,2,30,false,二月,三十,丁未,羊,
2027-04-07,2027,3,1,false,三月,初一,丁未,羊,
2027-04-08,2027,3,2,false,三月,初二,丁未,羊,
2027-04-09,2027,3,3,false,三月,初三,丁未,羊,
2027-04-10,2027,3,4,false,三月,初四,丁未,羊,
2027-04-11,2027,3,5,false,三月,初五,丁未,羊,
2027-04-12,2027,3,6,false,三月,初六,丁未,羊,
2027-04-13,2027,3,7,false,三月,初七,丁未,羊,
2027-04-14,2027,3,8,false,三月,初八,丁未,羊,
2027-04-15,2027,3,9,false,三月,初九,丁未,羊,
2027-04-16,2027,3,10,false,三月,初十,丁未,羊,
2027-04-17,2027,3,11,false,三月,十一,丁未,羊,
2027-04-18,2027,3,12,false,三月,十二,丁未,羊,
2027-04-19,2027,3,13,false,三月,十三,丁未,羊,
2027-04-20,2027,3,14,false,三月,十四,丁未,羊,穀雨
2027-04-21,2027,3,15,false,三月,十五,丁未,羊,
2027-04-22,2027,3,16,false,三月,十六,丁未,羊,
2027-04-23,2027,3,17,false,三月,十七,丁未,羊,
2027-04-24,2027,3,18,false,三月,十八,丁未,羊,
2027-04-25,2027,3,19,false,三月,十九,丁未,羊,
2027-04-26,2027,3,20,false,三月,二十,丁未,羊,
2027-04-27,2027,3,21,false,三月,廿一,丁未,羊,
2027-04-28,2027,3,22,false,三月,廿二,丁未,羊,
2027-04-29,2027,3,23,false,三月,廿三,丁未,羊,
2027-04-30,2027,3,24,false,三月,廿四,丁未,羊,
2027-05-01,2027,3,25,false,三月,廿五,丁未,羊,
2027-05-02,2027,3,26,false,三月,廿六,丁未,羊,
2027-05-03,2027,3,27,false,三月,廿七,丁未,羊,
2027-05-04,2027,3,28,false,三月,廿八,丁未,羊,
2027-05-05,2027,3,29,false,三月,廿九,丁未,羊,
2027-05-06,2027,4,1,false,四月,初一,丁未,羊,立夏
2027-05-07,2027,4,2,false,四月,初二,丁未,羊,
2027-05-08,2027,4,3,false,四月,初三,丁未,羊,
2027-05-09,2027,4,4,false,四月,初四,丁未,羊,
2027-05-10,2027,4,5,false,四月,初五,丁未,羊,
2027-05-11,2027,4,6,false,四月,初六,丁未,羊,
2027-05-12,2027,4,7,false,四月,初七,丁未,羊,
2027-05-13,2027,4,8,false,四月,初八,丁未,羊,
2027-05-14,2027,4,9,false,四月,初九,丁未,羊,
2027-05-15,2027,4,10,false,四月,初十,丁未,羊,
2027-05-16,2027,4,11,false,四月,十一,丁未,羊,
2027-05-17,2027,4,12,false,四月,十二,丁未,羊,
2027-05-18,2027,4,13,false,四月,十三,丁未,羊,
2027-05-19,2027,4,14,false,四月,十四,丁未,羊,
2027-05-20,2027,4,15,false,四月,十五,丁未,羊,
2027-05-21,2027,4,16,false,四月,十六,丁未,羊,小滿
2027-05-22,2027,4,17,false,四月,十七,丁未,羊,
2027-05-23,2027,4,18,false,四月,十八,丁未,羊,
2027-05-24,2027,4,19,false,四月,十九,丁未,羊,
2027-05-25,2027,4,20,false,四月,二十,丁未,羊,
2027-05-26,2027,4,21,false,四月,廿一,丁未,羊,
2027-05-27,2027,4,22,false,四月,廿二,丁未,羊,
2027-05-28,2027,4,23,false,四月,廿三,丁未,羊,
2027-05-29,2027,4,24,false,四月,廿四,丁未,羊,
2027-05-30,2027,4,25,false,四月,廿五,丁未,羊,
2027-05-31,2027,4,26,false,四月,廿六,丁未,羊,
2027-06-01,2027,4,27,false,四月,廿七,丁未,羊,
2027-06-02,2027,4,28,false,四月,廿八,丁未,羊,
2027-06-03,2027,4,29,false,四月,廿九,丁未,羊,
2027-06-04,2027,4,30,false,四月,三十,丁未,羊,
2027-06-05,2027,5,1,false,五月,初一,丁未,羊,
2027-06-06,2027,5,2,false,五月,初二,丁未,羊,芒種
2027-06-07,2027,5,3,false,五月,初三,丁未,羊,
2027-06-08,2027,5,4,false,五月,初四,丁未,羊,
2027-06-09,2027,5,5,false,五月,初五,丁未,羊,
2027-06-10,2027,5,6,false,五月,初六,丁未,羊,
2027-06-11,2027,5,7,false,五月,初七,丁未,羊,
2027-06-12,2027,5,8,false,五月,初八,丁未,羊,
2027-06-13,2027,5,9,false,五月,初九,丁未,羊,
2027-06-14,2027,5,10,false,五月,初十,丁未,羊,
2027-06-15,2027,5,11,false,五月,十一,丁未,羊,
2027-06-16,2027,5,12,false,五月,十二,丁未,羊,
2027-06-17,2027,5,13,false,五月,十三,丁未,羊,
2027-06-18,2027,5,14,false,五月,十四,丁未,羊,
2027-06-19,2027,5,15,false,五月,十五,丁未,羊,
2027-06-20,2027,5,16,false,五月,十六,丁未,羊,
2027-06-21,2027,5,17,false,五月,十七,丁未,羊,夏至
2027-06-22,2027,5,18,false,五月,十八,丁未,羊,
2027-06-23,2027,5,19,false,五月,十九,丁未,羊,
2027-06-24,2027,5,20,false,五月,二十,丁未,羊,
2027-06-25,2027,5,21,false,五月,廿一,丁未,羊,
2027-06-26,2027,5,22,false,五月,廿二,丁未,羊,
2027-06-27,2027,5,23,false,五月,廿三,丁未,羊,
2027-06-28,2027,5,24,false,五月,廿四,丁未,羊,
2027-06-29,2027,5,25,false,五月,廿五,丁未,羊,
2027-06-30,2027,5,26,false,五月,廿六,丁未,羊,
2027-07-01,2027,5,27,false,五月,廿七,丁未,羊,
2027-07-02,2027,5,28,false,五月,廿八,丁未,羊,
2027-07-03,2027,5,29,false,五月,廿九,丁未,羊,
2027-07-04,2027,6,1,false,六月,初一,丁未,羊,
2027-07-05,2027,6,2,false,六月,初二,丁未,羊,
2027-07-06,2027,6,3,false,六月,初三,丁未,羊,
2027-07-07,2027,6,4,false,六月,初四,丁未,羊,小暑
2027-07-08,2027,6,5,false,六月,初五,丁未,羊,
2027-07-09,2027,6,6,false,六月,初六,丁未,羊,
2027-07-10,2027,6,7,false,六月,初七,丁未,羊,
2027-07-11,2027,6,8,false,六月,初八,丁未,羊,
2027-07-12,2027,6,9,false,六月,初九,丁未,羊,
2027-07-13,2027,6,10,false,六月,初十,丁未,羊,
2027-07-14,2027,6,11,false,六月,十一,丁未,羊,
2027-07-15,2027,6,12,false,六月,十二,丁未,羊,
2027-07-16,2027,6,13,false,六月,十三,丁未,羊,
2027-07-17,2027,6,14,false,六月,十四,丁未,羊,
2027-07-18,2027,6,15,false,六月,十五,丁未,羊,
2027-07-19,2027,6,16,false,六月,十六,丁未,羊,
2027-07-20,2027,6,17,false,六月,十七,丁未,羊,
2027-07-21,2027,6,18,false,六月,十八,丁未,羊,
2027-07-22,2027,6,19,false,六月,十九,丁未,羊,
2027-07-23,2027,6,20,false,六月,二十,丁未,羊,大暑
2027-07-24,2027,6,21,false,六月,廿一,丁未,羊,
2027-07-25,2027,6,22,false,六月,廿二,丁未,羊,
2027-07-26,2027,6,23,false,六月,廿三,丁未,羊,
2027-07-27,2027,6,24,false,六月,廿四,丁未,羊,
2027-07-28,2027,6,25,false,六月,廿五,丁未,羊,
2027-07-29,2027,6,26,false,六月,廿六,丁未,羊,
2027-07-30,2027,6,27,false,六月,廿七,丁未,羊,
2027-07-31,2027,6,28,false,六月,廿八,丁未,羊,
2027-08-01,2027,6,29,false,六月,廿九,丁未,羊,
2027-08-02,2027,7,1,false,七月,初一,丁未,羊,
2027-08-03,2027,7,2,false,七月,初二,丁未,羊,
2027-08-04,2027,7,3,false,七月,初三,丁未,羊,
2027-08-05,2027,7,4,false,七月,初四,丁未,羊,
2027-08-06,2027,7,5,false,七月,初五,丁未,羊,
2027-08-07,2027,7,6,false,七月,初六,丁未,羊,
2027-08-08,2027,7,7,false,七月,初七,丁未,羊,立秋
2027-08-09,2027,7,8,false,七月,初八,丁未,羊,
2027-08-10,2027,7,9,false,七月,初九,丁未,羊,
2027-08-11,2027,7,10,false,七月,初十,丁未,羊,
2027-08-12,2027,7,11,false,七月,十一,丁未,羊,
2027-08-13,2027,7,12,false,七月,十二,丁未,羊,
2027-08-14,2027,7,13,false,七月,十三,丁未,羊,
2027-08-15,2027,7,14,false,七月,十四,丁未,羊,
2027-08-16,2027,7,15,false,七月,十五,丁未,羊,
2027-08-17,2027,7,16,false,七月,十六,丁未,羊,
2027-08-18,2027,7,17,false,七月,十七,丁未,羊,
2027-08-19,2027,7,18,false,七月,十八,丁未,羊,
2027-08-20,2027,7,19,false,七月,十九,丁未,羊,
2027-08-21,2027,7,20,false,七月,二十,丁未,羊,
2027-08-22,2027,7,21,false,七月,廿一,丁未,羊,
2027-08-23,2027,7,22,false,七月,廿二,丁未,羊,處暑
2027-08-24,2027,7,23,false,七月,廿三,丁未,羊,
2027-08-25,2027,7,24,false,七月,廿四,丁未,羊,
2027-08-26,2027,7,25,false,七月,廿五,丁未,羊,
2027-08-27,2027,7,26,false,七月,廿六,丁未,羊,
2027-08-28,2027,7,27,false,七月,廿七,丁未,羊,
2027-08-29,2027,7,28,false,七月,廿八,丁未,羊,
2027-08-30,2027,7,29,false,七月,廿九,丁未,羊,
2027-08-31,2027,7,30,false,七月,三十,丁未,羊,
2027-09-01,2027,8,1,false,八月,初一,丁未,羊,
2027-09-02,2027,8,2,false,八月,初二,丁未,羊,
2027-09-03,2027,8,3,false,八月,初三,丁未,羊,
2027-09-04,2027,8,4,false,八月,初四,丁未,羊,
2027-09-05,2027,8,5,false,八月,初五,丁未,羊,
2027-09-06,2027,8,6,false,八月,初六,丁未,羊,
2027-09-07,2027,8,7,false,八月,初七,丁未,羊,
2027-09-08,2027,8,8,false,八月,初八,丁未,羊,白露
2027-09-09,2027,8,9,false,八月,初九,丁未,羊,
2027-09-10,2027,8,10,false,八月,初十,丁未,羊,
2027-09-11,2027,8,11,false,八月,十一,丁未,羊,
2027-09-12,2027,8,12,false,八月,十二,丁未,羊,
2027-09-13,2027,8,13,false,八月,十三,丁未,羊,
2027-09-14,2027,8,14,false,八月,十四,丁未,羊,
2027-09-15,2027,8,15,false,八月,十五,丁未,羊,
2027-09-16,2027,8,16,false,八月,十六,丁未,羊,
2027-09-17,2027,8,17,false,八月,十七,丁未,羊,
2027-09-18,2027,8,18,false,八月,十八,丁未,羊,
2027-09-19,2027,8,19,false,八月,十九,丁未,羊,
2027-09-20,2027,8,20,false,八月,二十,丁未,羊,
2027-09-21,2027,8,21,false,八月,廿一,丁未,羊,
2027-09-22,2027,8,22,false,八月,廿二,丁未,羊,
2027-09-23,2027,8,23,false,八月,廿三,丁未,羊,秋分
2027-09-24,2027,8,24,false,八月,廿四,丁未,羊,
2027-09-25,2027,8,25,false,八月,廿五,丁未,羊,
2027-09-26,2027,8,26,false,八月,廿六,丁未,羊,
2027-09-27,2027,8,27,false,八月,廿七,丁未,羊,
2027-09-28,2027,8,28,false,八月,廿八,丁未,羊,
2027-09-29,2027,8,29,false,八月,廿九,丁未,羊,
2027-09-30,2027,9,1,false,九月,初一,丁未,羊,
2027-10-01,2027,9,2,false,九月,初二,丁未,羊,
2027-10-02,2027,9,3,false,九月,初三,丁未,羊,
2027-10-03,2027,9,4,false,九月,初四,丁未,羊,
2027-10-04,2027,9,5,false,九月,初五,丁未,羊,
2027-10-05,2027,9,6,false,九月,初六,丁未,羊,
2027-10-06,2027,9,7,false,九月,初七,丁未,羊,
2027-10-07,2027,9,8,false,九月,初八,丁未,羊,
2027-10-08,2027,9,9,false,九月,初九,丁未,羊,寒露
2027-10-09,2027,9,10,false,九月,初十,丁未,羊,
2027-10-10,2027,9,11,false,九月,十一,丁未,羊,
2027-10-11,2027,9,12,false,九月,十二,丁未,羊,
2027-10-12,2027,9,13,false,九月,十三,丁未,羊,
2027-10-13,2027,9,14,false,九月,十四,丁未,羊,
2027-10-14,2027,9,15,false,九月,十五,丁未,羊,
2027-10-15,2027,9,16,false,九月,十六,丁未,羊,
2027-10-16,2027,9,17,false,九月,十七,丁未,羊,
2027-10-17,2027,9,18,false,九月,十八,丁未,羊,
2027-10-18,2027,9,19,false,九月,十九,丁未,羊,
2027-10-19,2027,9,20,false,九月,二十,丁未,羊,
2027-10-20,2027,9,21,false,九月,廿一,丁未,羊,
2027-10-21,2027,9,22,false,九月,廿二,丁未,羊,
2027-10-22,2027,9,23,false,九月,廿三,丁未,羊,
2027-10-23,2027,9,24,false,九月,廿四,丁未,羊,霜降
2027-10-24,2027,9,25,false,九月,廿五,丁未,羊,
2027-10-25,2027,9,26,false,九月,廿六,丁未,羊,
2027-10-26,2027,9,27,false,九月,廿七,丁未,羊,
2027-10-27,2027,9,28,false,九月,廿八,丁未,羊,
2027-10-28,2027,9,29,false,九月,廿九,丁未,羊,
2027-10-29,2027,10,1,false,十月,初一,丁未,羊,
2027-10-30,2027,10,2,false,十月,初二,丁未,羊,
2027-10-31,2027,10,3,false,十月,初三,丁未,羊,
2027-11-01,2027,10,4,false,十月,初四,丁未,羊,
2027-11-02,2027,10,5,false,十月,初五,丁未,羊,
2027-11-03,2027,10,6,false,十月,初六,丁未,羊,
2027-11-04,2027,10,7,false,十月,初七,丁未,羊,
2027-11-05,2027,10,8,false,十月,初八,丁未,羊,
2027-11-06,2027,10,9,false,十月,初九,丁未,羊,
2027-11-07,2027,10,10,false,十月,初十,丁未,羊,立冬
2027-11-08,2027,10,11,false,十月,十一,丁未,羊,
2027-11-09,2027,10,12,false,十月,十二,丁未,羊,
2027-11-10,2027,10,13,false,十月,十三,丁未,羊,
2027-11-11,2027,10,14,false,十月,十四,丁未,羊,
2027-11-12,2027,10,15,false,十月,十五,丁未,羊,
2027-11-13,2027,10,16,false,十月,十六,丁未,羊,
2027-11-14,2027,10,17,false,十月,十七,丁未,羊,
2027-11-15,2027,10,18,false,十月,十八,丁未,羊,
2027-11-16,2027,10,19,false,十月,十九,丁未,羊,
2027-11-17,2027,10,20,false,十月,二十,丁未,羊,
2027-11-18,2027,10,21,false,十月,廿一,丁未,羊,
2027-11-19,2027,10,22,false,十月,廿二,丁未,羊,
2027-11-20,2027,10,23,false,十月,廿三,丁未,羊,
2027-11-21,2027,10,24,false,十月,廿四,丁未,羊,
2027-11-22,2027,10,25,false,十月,廿五,丁未,羊,小雪
2027-11-23,2027,10,26,false,十月,廿六,丁未,羊,
2027-11-24,2027,10,27,false,十月,廿七,丁未,羊,
2027-11-25,2027,10,28,false,十月,廿八,丁未,羊,
2027-11-26,2027,10,29,false,十月,廿九,丁未,羊,
2027-11-27,2027,10,30,false,十月,三十,丁未,羊,
2027-11-28,2027,11,1,false,十一月,初一,丁未,羊,
2027-11-29,2027,11,2,false,十一月,初二,丁未,羊,
2027-11-30,2027,11,3,false,十一月,初三,丁未,羊,
2027-12-01,2027,11,4,false,十一月,初四,丁未,羊,
2027-12-02,2027,11,5,false,十一月,初五,丁未,羊,
2027-12-03,2027,11,6,false,十一月,初六,丁未,羊,
2027-12-04,2027,11,7,false,十一月,初七,丁未,羊,
2027-12-05,2027,11,8,false,十一月,初八,丁未,羊,
2027-12-06,2027,11,9,false,十一月,初九,丁未,羊,
2027-12-07,2027,11,10,false,十一月,初十,丁未,羊,大雪
2027-12-08,2027,11,11,false,十一月,十一,丁未,羊,
2027-12-09,2027,11,12,false,十一月,十二,丁未,羊,
2027-12-10,2027,11,13,false,十一月,十三,丁未,羊,
2027-12-11,2027,11,14,false,十一月,十四,丁未,羊,
2027-12-12,2027,11,15,false,十一月,十五,丁未,羊,
2027-12-13,2027,11,16,false,十一月,十六,丁未,羊,
2027-12-14,2027,11,17,false,十一月,十七,丁未,羊,
2027-12-15,2027,11,18,false,十一月,十八,丁未,羊,
2027-12-16,2027,11,19,false,十一月,十九,丁未,羊,
2027-12-17,2027,11,20,false,十一月,二十,丁未,羊,
2027-12-18,2027,11,21,false,十一月,廿一,丁未,羊,
2027-12-19,2027,11,22,false,十一月,廿二,丁未,羊,
2027-12-20,2027,11,23,false,十一月,廿三,丁未,羊,
2027-12-21,2027,11,24,false,十一月,廿四,丁未,羊,
2027-12-22,2027,11,25,false,十一月,廿五,丁未,羊,冬至
2027-12-23,2027,11,26,false,十一月,廿六,丁未,羊,
2027-12-24,2027,11,27,false,十一月,廿七,丁未,羊,
2027-12-25,2027,11,28,false,十一月,廿八,丁未,羊,
2027-12-26,2027,11,29,false,十一月,廿九,丁未,羊,
2027-12-27,2027,11,30,false,十一月,三十,丁未,羊,
2027-12-28,2027,12,1,false,十二月,初一,丁未,羊,
2027-12-29,2027,12,2,false,十二月,初二,丁未,羊,
2027-12-30,2027,12,3,false,十二月,初三,丁未,羊,
2027-12-31,2027,12,4,false,十二月,初四,丁未,羊,
2028-01-01,2027,12,5,false,十二月,初五,丁未,羊,
2028-01-02,2027,12,6,false,十二月,初六,丁未,羊,
2028-01-03,2027,12,7,false,十二月,初七,丁未,羊,
2028-01-04,2027,12,8,false,十二月,初八,丁未,羊,
2028-01-05,2027,12,9,false,十二月,初九,丁未,羊,
2028-01-06,2027,12,10,false,十二月,初十,丁未,羊,小寒
2028-01-07,2027,12,11,false,十二月,十一,丁未,羊,
2028-01-08,2027,12,12,false,十二月,十二,丁未,羊,
2028-01-09,2027,12,13,false,十二月,十三,丁未,羊,
2028-01-10,2027,12,14,false,十二月,十四,丁未,羊,
2028-01-11,2027,12,15,false,十二月,十五,丁未,羊,
2028-01-12,2027,12,16,false,十二月,十六,丁未,羊,
2028-01-13,2027,12,17,false,十二月,十七,丁未,羊,
2028-01-14,2027,12,18,false,十二月,十八,丁未,羊,
2028-01-15,2027,12,19,false,十二月,十九,丁未,羊,
2028-01-16,2027,12,20,false,十二月,二十,丁未,羊,
2028-01-17,2027,12,21,false,十二月,廿一,丁未,羊,
2028-01-18,2027,12,22,false,十二月,廿二,丁未,羊,
2028-01-19,2027,12,23,false,十二月,廿三,丁未,羊,
2028-01-20,2027,12,24,false,十二月,廿四,丁未,羊,大寒
2028-01-21,2027,12,25,false,十二月,廿五,丁未,羊,
2028-01-22,2027,12,26,false,十二月,廿六,丁未,羊,
2028-01-23,2027,12,27,false,十二月,廿七,丁未,羊,
2028-01-24,2027,12,28,false,十二月,廿八,丁未,羊,
2028-01-25,2027,12,29,false,十二月,廿九,丁未,羊,
2028-01-26,2028,1,1,false,一月,初一,戊申,猴,
2028-01-27,2028,1,2,false,一月,初二,戊申,猴,
2028-01-28,2028,1,3,false,一月,初三,戊申,猴,
2028-01-29,2028,1,4,false,一月,初四,戊申,猴,
2028-01-30,2028,1,5,false,一月,初五,戊申,猴,
2028-01-31,2028,1,6,false,一月,初六,戊申,猴,
2028-02-01,2028,1,7,false,一月,初七,戊申,猴,
2028-02-02,2028,1,8,false,一月,初八,戊申,猴,
2028-02-03,2028,1,9,false,一月,初九,戊申,猴,
2028-02-04,2028,1,10,false,一月,初十,戊申,猴,立春
2028-02-05,2028,1,11,false,一月,十一,戊申,猴,
2028-02-06,2028,1,12,false,一月,十二,戊申,猴,
2028-02-07,2028,1,13,false,一月,十三,戊申,猴,
2028-02-08,2028,1,14,false,一月,十四,戊申,猴,
2028-02-09,2028,1,15,false,一月,十五,戊申,猴,
2028-02-10,2028,1,16,false,一月,十六,戊申,猴,
2028-02-11,2028,1,17,false,一月,十七,戊申,猴,
2028-02-12,2028,1,18,false,一月,十八,戊申,猴,
2028-02-13,2028,1,19,false,一月,十九,戊申,猴,
2028-02-14,2028,1,20,false,一月,二十,戊申,猴,
2028-02-15,2028,1,21,false,一月,廿一,戊申,猴,
2028-02-16,2028,1,22,false,一月,廿二,戊申,猴,
2028-02-17,2028,1,23,false,一月,廿三,戊申,猴,
2028-02-18,2028,1,24,false,一月,廿四,戊申,猴,
2028-02-19,2028,1,25,false,一月,廿五,戊申,猴,雨水
2028-02-20,2028,1,26,false,一月,廿六,戊申,猴,
2028-02-21,2028,1,27,false,一月,廿七,戊申,猴,
2028-02-22,2028,1,28,false,一月,廿八,戊申,猴,
2028-02-23,2028,1,29,false,一月,廿九,戊申,猴,
2028-02-24,2028,1,30,false,一月,三十,戊申,猴,
2028-02-25,2028,2,1,false,二月,初一,戊申,猴,
2028-02-26,2028,2,2,false,二月,初二,戊申,猴,
2028-02-27,2028,2,3,false,二月,初三,戊申,猴,
2028-02-28,2028,2,4,false,二月,初四,戊申,猴,
2028-02-29,2028,2,5,false,二月,初五,戊申,猴,
2028-03-01,2028,2,6,false,二月,初六,戊申,猴,
2028-03-02,2028,2,7,false,二月,初七,戊申,猴,
2028-03-03,2028,2,8,false,二月,初八,戊申,猴,
2028-03-04,2028,2,9,false,二月,初九,戊申,猴,
2028-03-05,2028,2,10,false,二月,初十,戊申,猴,驚蟄
2028-03-06,2028,2,11,false,二月,十一,戊申,猴,
2028-03-07,2028,2,12,false,二月,十二,戊申,猴,
2028-03-08,2028,2,13,false,二月,十三,戊申,猴,
2028-03-09,2028,2,14,false,二月,十四,戊申,猴,
2028-03-10,2028,2,15,false,二月,十五,戊申,猴,
2028-03-11,2028,2,16,false,二月,十六,戊申,猴,
2028-03-12,2028,2,17,false,二月,十七,戊申,猴,
2028-03-13,2028,2,18,false,二月,十八,戊申,猴,
2028-03-14,2028,2,19,false,二月,十九,戊申,猴,
2028-03-15,2028,2,20,false,二月,二十,戊申,猴,
2028-03-16,2028,2,21,false,二月,廿一,戊申,猴,
2028-03-17,2028,2,22,false,二月,廿二,戊申,猴,
2028-03-18,2028,2,23,false,二月,廿三,戊申,猴,
2028-03-19,2028,2,24,false,二月,廿四,戊申,猴,
2028-03-20,2028,2,25,false,二月,廿五,戊申,猴,春分
2028-03-21,2028,2,26,false,二月,廿六,戊申,猴,
2028-03-22,2028,2,27,false,二月,廿七,戊申,猴,
2028-03-23,2028,2,28,false,二月,廿八,戊申,猴,
2028-03-24,2028,2,29,false,二月,廿九,戊申,猴,
2028-03-25,2028,2,30,false,二月,三十,戊申,猴,
2028-03-26,2028,3,1,false,三月,初一,戊申,猴,
2028-03-27,2028,3,2,false,三月,初二,戊申,猴,
2028-03-28,2028,3,3,false,三月,初三,戊申,猴,
2028-03-29,2028,3,4,false,三月,初四,戊申,猴,
2028-03-30,2028,3,5,false,三月,初五,戊申,猴,
2028-03-31,2028,3,6,false,三月,初六,戊申,猴,
2028-04-01,2028,3,7,false,三月,初七,戊申,猴,
2028-04-02,2028,3,8,false,三月,初八,戊申,猴,
2028-04-03,2028,3,9,false,三月,初九,戊申,猴,
2028-04-04,2028,3,10,false,三月,初十,戊申,猴,清明
2028-04-05,2028,3,11,false,三月,十一,戊申,猴,
2028-04-06,2028,3,12,false,三月,十二,戊申,猴,
2028-04-07,2028,3,13,false,三月,十三,戊申,猴,
2028-04-08,2028,3,14,false,三月,十四,戊申,猴,
2028-04-09,2028,3,15,false,三月,十五,戊申,猴,
2028-04-10,2028,3,16,false,三月,十六,戊申,猴,
2028-04-11,2028,3,17,false,三月,十七,戊申,猴,
2028-04-12,2028,3,18,false,三月,十八,戊申,猴,
2028-04-13,2028,3,19,false,三月,十九,戊申,猴,
2028-04-14,2028,3,20,false,三月,二十,戊申,猴,
2028-04-15,2028,3,21,false,三月,廿一,戊申,猴,
2028-04-16,2028,3,22,false,三月,廿二,戊申,猴,
2028-04-17,2028,3,23,false,三月,廿三,戊申,猴,
2028-04-18,2028,3,24,false,三月,廿四,戊申,猴,
2028-04-19,2028,3,25,false,三月,廿五,戊申,猴,穀雨
2028-04-20,2028,3,26,false,三月,廿六,戊申,猴,
2028-04-21,2028,3,27,false,三月,廿七,戊申,猴,
2028-04-22,2028,3,28,false,三月,廿八,戊申,猴,
2028-04-23,2028,3,29,false,三月,廿九,戊申,猴,
2028-04-24,2028,3,30,false,三月,三十,戊申,猴,
2028-04-25,2028,4,1,false,四月,初一,戊申,猴,
2028-04-26,2028,4,2,false,四月,初二,戊申,猴,
2028-04-27,2028,4,3,false,四月,初三,戊申,猴,
2028-04-28,2028,4,4,false,四月,初四,戊申,猴,
2028-04-29,2028,4,5,false,四月,初五,戊申,猴,
2028-04-30,2028,4,6,false,四月,初六,戊申,猴,
2028-05-01,2028,4,7,false,四月,初七,戊申,猴,
2028-05-02,2028,4,8,false,四月,初八,戊申,猴,
2028-05-03,2028,4,9,false,四月,初九,戊申,猴,
2028-05-04,2028,4,10,false,四月,初十,戊申,猴,
2028-05-05,2028,4,11,false,四月,十一,戊申,猴,立夏
2028-05-06,2028,4,12,false,四月,十二,戊申,猴,
2028-05-07,2028,4,13,false,四月,十三,戊申,猴,
2028-05-08,2028,4,14,false,四月,十四,戊申,猴,
2028-05-09,2028,4,15,false,四月,十五,戊申,猴,
2028-05-10,2028,4,16,false,四月,十六,戊申,猴,
2028-05-11,2028,4,17,false,四月,十七,戊申,猴,
2028-05-12,2028,4,18,false,四月,十八,戊申,猴,
2028-05-13,2028,4,19,false,四月,十九,戊申,猴,
2028-05-14,2028,4,20,false,四月,二十,戊申,猴,
2028-05-15,2028,4,21,false,四月,廿一,戊申,猴,
2028-05-16,2028,4,22,false,四月,廿二,戊申,猴,
2028-05-17,2028,4,23,false,四月,廿三,戊申,猴,
2028-05-18,2028,4,24,false,四月,廿四,戊申,猴,
2028-05-19,2028,4,25,false,四月,廿五,戊申,猴,
2028-05-20,2028,4,26,false,四月,廿六,戊申,猴,小滿
2028-05-21,2028,4,27,false,四月,廿七,戊申,猴,
2028-05-22,2028,4,28,false,四月,廿八,戊申,猴,
2028-05-23,2028,4,29,false,四月,廿九,戊申,猴,
2028-05-24,2028,5,1,false,五月,初一,戊申,猴,
2028-05-25,2028,5,2,false,五月,初二,戊申,猴,
2028-05-26,2028,5,3,false,五月,初三,戊申,猴,
2028-05-27,2028,5,4,false,五月,初四,戊申,猴,
2028-05-28,2028,5,5,false,五月,初五,戊申,猴,
2028-05-29,2028,5,6,false,五月,初六,戊申,猴,
2028-05-30,2028,5,7,false,五月,初七,戊申,猴,
2028-05-31,2028,5,8,false,五月,初八,戊申,猴,
2028-06-01,2028,5,9,false,五月,初九,戊申,猴,
2028-06-02,2028,5,10,false,五月,初十,戊申,猴,
2028-06-03,2028,5,11,false,五月,十一,戊申,猴,
2028-06-04,2028,5,12,false,五月,十二,戊申,猴,
2028-06-05,2028,5,13,false,五月,十三,戊申,猴,芒種
2028-06-06,2028,5,14,false,五月,十四,戊申,猴,
2028-06-07,2028,5,15,false,五月,十五,戊申,猴,
2028-06-08,2028,5,16,false,五月,十六,戊申,猴,
2028-06-09,2028,5,17,false,五月,十七,戊申,猴,
2028-06-10,2028,5,18,false,五月,十八,戊申,猴,
2028-06-11,2028,5,19,false,五月,十九,戊申,猴,
2028-06-12,2028,5,20,false,五月,二十,戊申,猴,
2028-06-13,2028,5,21,false,五月,廿一,戊申,猴,
2028-06-14,2028,5,22,false,五月,廿二,戊申,猴,
2028-06-15,2028,5,23,false,五月,廿三,戊申,猴,
2028-06-16,2028,5,24,false,五月,廿四,戊申,猴,
2028-06-17,2028,5,25,false,五月,廿五,戊申,猴,
2028-06-18,2028,5,26,false,五月,廿六,戊申,猴,
2028-06-19,2028,5,27,false,五月,廿七,戊申,猴,
2028-06-20,2028,5,28,false,五月,廿八,戊申,猴,
2028-06-21,2028,5,29,false,五月,廿九,戊申,猴,夏至
2028-06-22,2028,5,30,false,五月,三十,戊申,猴,
2028-06-23,2028,5,1,true,閏五月,初一,戊申,猴,
2028-06-24,2028,5,2,true,閏五月,初二,戊申,猴,
2028-06-25,2028,5,3,true,閏五月,初三,戊申,猴,
2028-06-26,2028,5,4,true,閏五月,初四,戊申,猴,
2028-06-27,2028,5,5,true,閏五月,初五,戊申,猴,
2028-06-28,2028,5,6,true,閏五月,初六,戊申,猴,
2028-06-29,2028,5,7,true,閏五月,初七,戊申,猴,
2028-06-30,2028,5,8,true,閏五月,初八,戊申,猴,
2028-07-01,2028,5,9,true,閏五月,初九,戊申,猴,
2028-07-02,2028,5,10,true,閏五月,初十,戊申,猴,
2028-07-03,2028,5,11,true,閏五月,十一,戊申,猴,
2028-07-04,2028,5,12,true,閏五月,十二,戊申,猴,
2028-07-05,2028,5,13,true,閏五月,十三,戊申,猴,
2028-07-06,2028,5,14,true,閏五月,十四,戊申,猴,小暑
2028-07-07,2028,5,15,true,閏五月,十五,戊申,猴,
2028-07-08,2028,5,16,true,閏五月,十六,戊申,猴,
2028-07-09,2028,5,17,true,閏五月,十七,戊申,猴,
2028-07-10,2028,5,18,true,閏五月,十八,戊申,猴,
2028-07-11,2028,5,19,true,閏五月,十九,戊申,猴,
2028-07-12,2028,5,20,true,閏五月,二十,戊申,猴,
2028-07-13,2028,5,21,true,閏五月,廿一,戊申,猴,
2028-07-14,2028,5,22,true,閏五月,廿二,戊申,猴,
2028-07-15,2028,5,23,true,閏五月,廿三,戊申,猴,
2028-07-16,2028,5,24,true,閏五月,廿四,戊申,猴,
2028-07-17,2028,5,25,true,閏五月,廿五,戊申,猴,
2028-07-18,2028,5,26,true,閏五月,廿六,戊申,猴,
2028-07-19,2028,5,27,true,閏五月,廿七,戊申,猴,
2028-07-20,2028,5,28,true,閏五月,廿八,戊申,猴,
2028-07-21,2028,5,29,true,閏五月,廿九,戊申,猴,
2028-07-22,2028,6,1,false,六月,初一,戊申,猴,大暑
2028-07-23,2028,6,2,false,六月,初二,戊申,猴,
2028-07-24,2028,6,3,false,六月,初三,戊申,猴,
2028-07-25,2028,6,4,false,六月,初四,戊申,猴,
2028-07-26,2028,6,5,false,六月,初五,戊申,猴,
2028-07-27,2028,6,6,false,六月,初六,戊申,猴,
2028-07-28,2028,6,7,false,六月,初七,戊申,猴,
2028-07-29,2028,6,8,false,六月,初八,戊申,猴,
2028-07-30,2028,6,9,false,六月,初九,戊申,猴,
2028-07-31,2028,6,10,false,六月,初十,戊申,猴,
2028-08-01,2028,6,11,false,六月,十一,戊申,猴,
2028-08-02,2028,6,12,false,六月,十二,戊申,猴,
2028-08-03,2028,6,13,false,六月,十三,戊申,猴,
2028-08-04,2028,6,14,false,六月,十四,戊申,猴,
2028-08-05,2028,6,15,false,六月,十五,戊申,猴,
2028-08-06,2028,6,16,false,六月,十六,戊申,猴,
2028-08-07,2028,6,17,false,六月,十七,戊申,猴,立秋
2028-08-08,2028,6,18,false,六月,十八,戊申,猴,
2028-08-09,2028,6,19,false,六月,十九,戊申,猴,
2028-08-10,2028,6,20,false,六月,二十,戊申,猴,
2028-08-11,2028,6,21,false,六月,廿一,戊申,猴,
2028-08-12,2028,6,22,false,六月,廿二,戊申,猴,
2028-08-13,2028,6,23,false,六月,廿三,戊申,猴,
2028-08-14,2028,6,24,false,六月,廿四,戊申,猴,
2028-08-15,2028,6,25,false,六月,廿五,戊申,猴,
2028-08-16,2028,6,26,false,六月,廿六,戊申,猴,
2028-08-17,2028,6,27,false,六月,廿七,戊申,猴,
2028-08-18,2028,6,28,false,六月,廿八,戊申,猴,
2028-08-19,2028,6,29,false,六月,廿九,戊申,猴,
2028-08-20,2028,7,1,false,七月,初一,戊申,猴,
2028-08-21,2028,7,2,false,七月,初二,戊申,猴,
2028-08-22,2028,7,3,false,七月,初三,戊申,猴,處暑
2028-08-23,2028,7,4,false,七月,初四,戊申,猴,
2028-08-24,2028,7,5,false,七月,初五,戊申,猴,
2028-08-25,2028,7,6,false,七月,初六,戊申,猴,
2028-08-26,2028,7,7,false,七月,初七,戊申,猴,
2028-08-27,2028,7,8,false,七月,初八,戊申,猴,
2028-08-28,2028,7,9,false,七月,初九,戊申,猴,
2028-08-29,2028,7,10,false,七月,初十,戊申,猴,
2028-08-30,2028,7,11,false,七月,十一,戊申,猴,
2028-08-31,2028,7,12,false,七月,十二,戊申,猴,
2028-09-01,2028,7,13,false,七月,十三,戊申,猴,
2028-09-02,2028,7,14,false,七月,十四,戊申,猴,
2028-09-03,2028,7,15,false,七月,十五,戊申,猴,
2028-09-04,2028,7,16,false,七月,十六,戊申,猴,
2028-09-05,2028,7,17,false,七月,十七,戊申,猴,
2028-09-06,2028,7,18,false,七月,十八,戊申,猴,
2028-09-07,2028,7,19,false,七月,十九,戊申,猴,白露
2028-09-08,2028,7,20,false,七月,二十,戊申,猴,
2028-09-09,2028,7,21,false,七月,廿一,戊申,猴,
2028-09-10,2028,7,22,false,七月,廿二,戊申,猴,
2028-09-11,2028,7,23,false,七月,廿三,戊申,猴,
2028-09-12,2028,7,24,false,七月,廿四,戊申,猴,
2028-09-13,2028,7,25,false,七月,廿五,戊申,猴,
2028-09-14,2028,7,26,false,七月,廿六,戊申,猴,
2028-09-15,2028,7,27,false,七月,廿七,戊申,猴,
2028-09-16,2028,7,28,false,七月,廿八,戊申,猴,
2028-09-17,2028,7,29,false,七月,廿九,戊申,猴,
2028-09-18,2028,7,30,false,七月,三十,戊申,猴,
2028-09-19,2028,8,1,false,八月,初一,戊申,猴,
2028-09-20,2028,8,2,false,八月,初二,戊申,猴,
2028-09-21,2028,8,3,false,八月,初三,戊申,猴,
2028-09-22,2028,8,4,false,八月,初四,戊申,猴,秋分
2028-09-23,2028,8,5,false,八月,初五,戊申,猴,
2028-09-24,2028,8,6,false,八月,初六,戊申,猴,
2028-09-25,2028,8,7,false,八月,初七,戊申,猴,
2028-09-26,2028,8,8,false,八月,初八,戊申,猴,
2028-09-27,2028,8,9,false,八月,初九,戊申,猴,
2028-09-28,2028,8,10,false,八月,初十,戊申,猴,
2028-09-29,2028,8,11,false,八月,十一,戊申,猴,
2028-09-30,2028,8,12,false,八月,十二,戊申,猴,
2028-10-01,2028,8,13,false,八月,十三,戊申,猴,
2028-10-02,2028,8,14,false,八月,十四,戊申,猴,
2028-10-03,2028,8,15,false,八月,十五,戊申,猴,
2028-10-04,2028,8,16,false,八月,十六,戊申,猴,
2028-10-05,2028,8,17,false,八月,十七,戊申,猴,
2028-10-06,2028,8,18,false,八月,十八,戊申,猴,
2028-10-07,2028,8,19,false,八月,十九,戊申,猴,
2028-10-08,2028,8,20,false,八月,二十,戊申,猴,寒露
2028-10-09,2028,8,21,false,八月,廿一,戊申,猴,
2028-10-10,2028,8,22,false,八月,廿二,戊申,猴,
2028-10-11,2028,8,23,false,八月,廿三,戊申,猴,
2028-10-12,2028,8,24,false,八月,廿四,戊申,猴,
2028-10-13,2028,8,25,false,八月,廿五,戊申,猴,
2028-10-14,2028,8,26,false,八月,廿六,戊申,猴,
2028-10-15,2028,8,27,false,八月,廿七,戊申,猴,
2028-10-16,2028,8,28,false,八月,廿八,戊申,猴,
2028-10-17,2028,8,29,false,八月,廿九,戊申,猴,
2028-10-18,2028,9,1,false,九月,初一,戊申,猴,
2028-10-19,2028,9,2,false,九月,初二,戊申,猴,
2028-10-20,2028,9,3,false,九月,初三,戊申,猴,
2028-10-21,2028,9,4,false,九月,初四,戊申,猴,
2028-10-22,2028,9,5,false,九月,初五,戊申,猴,
2028-10-23,2028,9,6,false,九月,初六,戊申,猴,霜降
2028-10-24,2028,9,7,false,九月,初七,戊申,猴,
2028-10-25,2028,9,8,false,九月,初八,戊申,猴,
2028-10-26,2028,9,9,false,九月,初九,戊申,猴,
2028-10-27,2028,9,10,false,九月,初十,戊申,猴,
2028-10-28,2028,9,11,false,九月,十一,戊申,猴,
2028-10-29,2028,9,12,false,九月,十二,戊申,猴,
2028-10-30,2028,9,13,false,九月,十三,戊申,猴,
2028-10-31,2028,9,14,false,九月,十四,戊申,猴,
2028-11-01,2028,9,15,false,九月,十五,戊申,猴,
2028-11-02,2028,9,16,false,九月,十六,戊申,猴,
2028-11-03,2028,9,17,false,九月,十七,戊申,猴,
2028-11-04,2028,9,18,false,九月,十八,戊申,猴,
2028-11-05,2028,9,19,false,九月,十九,戊申,猴,
2028-11-06,2028,9,20,false,九月,二十,戊申,猴,
2028-11-07,2028,9,21,false,九月,廿一,戊申,猴,立冬
2028-11-08,2028,9,22,false,九月,廿二,戊申,猴,
2028-11-09,2028,9,23,false,九月,廿三,戊申,猴,
2028-11-10,2028,9,24,false,九月,廿四,戊申,猴,
2028-11-11,2028,9,25,false,九月,廿五,戊申,猴,
2028-11-12,2028,9,26,false,九月,廿六,戊申,猴,
2028-11-13,2028,9,27,false,九月,廿七,戊申,猴,
2028-11-14,2028,9,28,false,九月,廿八,戊申,猴,
2028-11-15,2028,9,29,false,九月,廿九,戊申,猴,
2028-11-16,2028,10,1,false,十月,初一,戊申,猴,
2028-11-17,2028,10,2,false,十月,初二,戊申,猴,
2028-11-18,2028,10,3,false,十月,初三,戊申,猴,
2028-11-19,2028,10,4,false,十月,初四,戊申,猴,
2028-11-20,2028,10,5,false,十月,初五,戊申,猴,
2028-11-21,2028,10,6,false,十月,初六,戊申,猴,
2028-11-22,2028,10,7,false,十月,初七,戊申,猴,小雪
2028-11-23,2028,10,8,false,十月,初八,戊申,猴,
2028-11-24,2028,10,9,false,十月,初九,戊申,猴,
2028-11-25,2028,10,10,false,十月,初十,戊申,猴,
2028-11-26,2028,10,11,false,十月,十一,戊申,猴,
2028-11-27,2028,10,12,false,十月,十二,戊申,猴,
2028-11-28,2028,10,13,false,十月,十三,戊申,猴,
2028-11-29,2028,10,14,false,十月,十四,戊申,猴,
2028-11-30,2028,10,15,false,十月,十五,戊申,猴,
2028-12-01,2028,10,16,false,十月,十六,戊申,猴,
2028-12-02,2028,10,17,false,十月,十七,戊申,猴,
2028-12-03,2028,10,18,false,十月,十八,戊申,猴,
2028-12-04,2028,10,19,false,十月,十九,戊申,猴,
2028-12-05,2028,10,20,false,十月,二十,戊申,猴,
2028-12-06,2028,10,21,false,十月,廿一,戊申,猴,大雪
2028-12-07,2028,10,22,false,十月,廿二,戊申,猴,
2028-12-08,2028,10,23,false,十月,廿三,戊申,猴,
2028-12-09,2028,10,24,false,十月,廿四,戊申,猴,
2028-12-10,2028,10,25,false,十月,廿五,戊申,猴,
2028-12-11,2028,10,26,false,十月,廿六,戊申,猴,
2028-12-12,2028,10,27,false,十月,廿七,戊申,猴,
2028-12-13,2028,10,28,false,十月,廿八,戊申,猴,
2028-12-14,2028,10,29,false,十月,廿九,戊申,猴,
2028-12-15,2028,10,30,false,十月,三十,戊申,猴,
2028-12-16,2028,11,1,false,十一月,初一,戊申,猴,
2028-12-17,2028,11,2,false,十一月,初二,戊申,猴,
2028-12-18,2028,11,3,false,十一月,初三,戊申,猴,
2028-12-19,2028,11,4,false,十一月,初四,戊申,猴,
2028-12-20,2028,11,5,false,十一月,初五,戊申,猴,
2028-12-21,2028,11,6,false,十一月,初六,戊申,猴,冬至
2028-12-22,2028,11,7,false,十一月,初七,戊申,猴,
2028-12-23,2028,11,8,false,十一月,初八,戊申,猴,
2028-12-24,2028,11,9,false,十一月,初九,戊申,猴,
2028-12-25,2028,11,10,false,十一月,初十,戊申,猴,
2028-12-26,2028,11,11,false,十一月,十一,戊申,猴,
2028-12-27,2028,11,12,false,十一月,十二,戊申,猴,
2028-12-28,2028,11,13,false,十一月,十三,戊申,猴,
2028-12-29,2028,11,14,false,十一月,十四,戊申,猴,
2028-12-30,2028,11,15,false,十一月,十五,戊申,猴,
2028-12-31,2028,11,16,false,十一月,十六,戊申,猴,
2029-01-01,2028,11,17,false,十一月,十七,戊申,猴,
2029-01-02,2028,11,18,false,十一月,十八,戊申,猴,
2029-01-03,2028,11,19,false,十一月,十九,戊申,猴,
2029-01-04,2028,11,20,false,十一月,二十,戊申,猴,
2029-01-05,2028,11,21,false,十一月,廿一,戊申,猴,小寒
2029-01-06,2028,11,22,false,十一月,廿二,戊申,猴,
2029-01-07,2028,11,23,false,十一月,廿三,戊申,猴,
2029-01-08,2028,11,24,false,十一月,廿四,戊申,猴,
2029-01-09,2028,11,25,false,十一月,廿五,戊申,猴,
2029-01-10,2028,11,26,false,十一月,廿六,戊申,猴,
2029-01-11,2028,11,27,false,十一月,廿七,戊申,猴,
2029-01-12,2028,11,28,false,十一月,廿八,戊申,猴,
2029-01-13,2028,11,29,false,十一月,廿九,戊申,猴,
2029-01-14,2028,11,30,false,十一月,三十,戊申,猴,
2029-01-15,2028,12,1,false,十二月,初一,戊申,猴,
2029-01-16,2028,12,2,false,十二月,初二,戊申,猴,
2029-01-17,2028,12,3,false,十二月,初三,戊申,猴,
2029-01-18,2028,12,4,false,十二月,初四,戊申,猴,
2029-01-19,2028,12,5,false,十二月,初五,戊申,猴,
2029-01-20,2028,12,6,false,十二月,初六,戊申,猴,大寒
2029-01-21,2028,12,7,false,十二月,初七,戊申,猴,
2029-01-22,2028,12,8,false,十二月,初八,戊申,猴,
2029-01-23,2028,12,9,false,十二月,初九,戊申,猴,
2029-01-24,2028,12,10,false,十二月,初十,戊申,猴,
2029-01-25,2028,12,11,false,十二月,十一,戊申,猴,
2029-01-26,2028,12,12,false,十二月,十二,戊申,猴,
2029-01-27,2028,12,13,false,十二月,十三,戊申,猴,
2029-01-28,2028,12,14,false,十二月,十四,戊申,猴,
2029-01-29,2028,12,15,false,十二月,十五,戊申,猴,
2029-01-30,2028,12,16,false,十二月,十六,戊申,猴,
2029-01-31,2028,12,17,false,十二月,十七,戊申,猴,
2029-02-01,2028,12,18,false,十二月,十八,戊申,猴,
2029-02-02,2028,12,19,false,十二月,十九,戊申,猴,
2029-02-03,2028,12,20,false,十二月,二十,戊申,猴,立春
2029-02-04,2028,12,21,false,十二月,廿一,戊申,猴,
2029-02-05,2028,12,22,false,十二月,廿二,戊申,猴,
2029-02-06,2028,12,23,false,十二月,廿三,戊申,猴,
2029-02-07,2028,12,24,false,十二月,廿四,戊申,猴,
2029-02-08,2028,12,25,false,十二月,廿五,戊申,猴,
2029-02-09,2028,12,26,false,十二月,廿六,戊申,猴,
2029-02-10,2028,12,27,false,十二月,廿七,戊申,猴,
2029-02-11,2028,12,28,false,十二月,廿八,戊申,猴,
2029-02-12,2028,12,29,false,十二月,廿九,戊申,猴,
2029-02-13,2029,1,1,false,一月,初一,己酉,雞,
2029-02-14,2029,1,2,false,一月,初二,己酉,雞,
2029-02-15,2029,1,3,false,一月,初三,己酉,雞,
2029-02-16,2029,1,4,false,一月,初四,己酉,雞,
2029-02-17,2029,1,5,false,一月,初五,己酉,雞,
2029-02-18,2029,1,6,false,一月,初六,己酉,雞,雨水
2029-02-19,2029,1,7,false,一月,初七,己酉,雞,
2029-02-20,2029,1,8,false,一月,初八,己酉,雞,
2029-02-21,2029,1,9,false,一月,初九,己酉,雞,
2029-02-22,2029,1,10,false,一月,初十,己酉,雞,
2029-02-23,2029,1,11,false,一月,十一,己酉,雞,
2029-02-24,2029,1,12,false,一月,十二,己酉,雞,
2029-02-25,2029,1,13,false,一月,十三,己酉,雞,
2029-02-26,2029,1,14,false,一月,十四,己酉,雞,
2029-02-27,2029,1,15,false,一月,十五,己酉,雞,
2029-02-28,2029,1,16,false,一月,十六,己酉,雞,
2029-03-01,2029,1,17,false,一月,十七,己酉,雞,
2029-03-02,2029,1,18,false,一月,十八,己酉,雞,
2029-03-03,2029,1,19,false,一月,十九,己酉,雞,
2029-03-04,2029,1,20,false,一月,二十,己酉,雞,
2029-03-05,2029,1,21,false,一月,廿一,己酉,雞,驚蟄
2029-03-06,2029,1,22,false,一月,廿二,己酉,雞,
2029-03-07,2029,1,23,false,一月,廿三,己酉,雞,
2029-03-08,2029,1,24,false,一月,廿四,己酉,雞,
2029-03-09,2029,1,25,false,一月,廿五,己酉,雞,
2029-03-10,2029,1,26,false,一月,廿六,己酉,雞,
2029-03-11,2029,1,27,false,一月,廿七,己酉,雞,
2029-03-12,2029,1,28,false,一月,廿八,己酉,雞,
2029-03-13,2029,1,29,false,一月,廿九,己酉,雞,
2029-03-14,2029,1,30,false,一月,三十,己酉,雞,
2029-03-15,2029,2,1,false,二月,初一,己酉,雞,
2029-03-16,2029,2,2,false,二月,初二,己酉,雞,
2029-03-17,2029,2,3,false,二月,初三,己酉,雞,
2029-03-18,2029,2,4,false,二月,初四,己酉,雞,
2029-03-19,2029,2,5,false,二月,初五,己酉,雞,
2029-03-20,2029,2,6,false,二月,初六,己酉,雞,春分
2029-03-21,2029,2,7,false,二月,初七,己酉,雞,
2029-03-22,2029,2,8,false,二月,初八,己酉,雞,
2029-03-23,2029,2,9,false,二月,初九,己酉,雞,
2029-03-24,2029,2,10,false,二月,初十,己酉,雞,
2029-03-25,2029,2,11,false,二月,十一,己酉,雞,
2029-03-26,2029,2,12,false,二月,十二,己酉,雞,
2029-03-27,2029,2,13,false,二月,十三,己酉,雞,
2029-03-28,2029,2,14,false,二月,十四,己酉,雞,
2029-03-29,2029,2,15,false,二月,十五,己酉,雞,
2029-03-30,2029,2,16,false,二月,十六,己酉,雞,
2029-03-31,2029,2,17,false,二月,十七,己酉,雞,
2029-04-01,2029,2,18,false,二月,十八,己酉,雞,
2029-04-02,2029,2,19,false,二月,十九,己酉,雞,
2029-04-03,2029,2,20,false,二月,二十,己酉,雞,
2029-04-04,2029,2,21,false,二月,廿一,己酉,雞,清明
2029-04-05,2029,2,22,false,二月,廿二,己酉,雞,
2029-04-06,2029,2,23,false,二月,廿三,己酉,雞,
2029-04-07,2029,2,24,false,二月,廿四,己酉,雞,
2029-04-08,2029,2,25,false,二月,廿五,己酉,雞,
2029-04-09,2029,2,26,false,二月,廿六,己酉,雞,
2029-04-10,2029,2,27,false,二月,廿七,己酉,雞,
2029-04-11,2029,2,28,false,二月,廿八,己酉,雞,
2029-04-12,2029,2,29,false,二月,廿九,己酉,雞,
2029-04-13,2029,2,30,false,二月,三十,己酉,雞,
2029-04-14,2029,3,1,false,三月,初一,己酉,雞,
2029-04-15,2029,3,2,false,三月,初二,己酉,雞,
2029-04-16,2029,3,3,false,三月,初三,己酉,雞,
2029-04-17,2029,3,4,false,三月,初四,己酉,雞,
2029-04-18,2029,3,5,false,三月,初五,己酉,雞,
2029-04-19,2029,3,6,false,三月,初六,己酉,雞,
2029-04-20,2029,3,7,false,三月,初七,己酉,雞,穀雨
2029-04-21,2029,3,8,false,三月,初八,己酉,雞,
2029-04-22,2029,3,9,false,三月,初九,己酉,雞,
2029-04-23,2029,3,10,false,三月,初十,己酉,雞,
2029-04-24,2029,3,11,false,三月,十一,己酉,雞,
2029-04-25,2029,3,12,false,三月,十二,己酉,雞,
2029-04-26,2029,3,13,false,三月,十三,己酉,雞,
2029-04-27,2029,3,14,false,三月,十四,己酉,雞,
2029-04-28,2029,3,15,false,三月,十五,己酉,雞,
2029-04-29,2029,3,16,false,三月,十六,己酉,雞,
2029-04-30,2029,3,17,false,三月,十七,己酉,雞,
2029-05-01,2029,3,18,false,三月,十八,己酉,雞,
2029-05-02,2029,3,19,false,三月,十九,己酉,雞,
2029-05-03,2029,3,20,false,三月,二十,己酉,雞,
2029-05-04,2029,3,21,false,三月,廿一,己酉,雞,
2029-05-05,2029,3,22,false,三月,廿二,己酉,雞,立夏
2029-05-06,2029,3,23,false,三月,廿三,己酉,雞,
2029-05-07,2029,3,24,false,三月,廿四,己酉,雞,
2029-05-08,2029,3,25,false,三月,廿五,己酉,雞,
2029-05-09,2029,3,26,false,三月,廿六,己酉,雞,
2029-05-10,2029,3,27,false,三月,廿七,己酉,雞,
2029-05-11,2029,3,28,false,三月,廿八,己酉,雞,
2029-05-12,2029,3,29,false,三月,廿九,己酉,雞,
2029-05-13,2029,4,1,false,四月,初一,己酉,雞,
2029-05-14,2029,4,2,false,四月,初二,己酉,雞,
2029-05-15,2029,4,3,false,四月,初三,己酉,雞,
2029-05-16,2029,4,4,false,四月,初四,己酉,雞,
2029-05-17,2029,4,5,false,四月,初五,己酉,雞,
2029-05-18,2029,4,6,false,四月,初六,己酉,雞,
2029-05-19,2029,4,7,false,四月,初七,己酉,雞,
2029-05-20,2029,4,8,false,四月,初八,己酉,雞,
2029-05-21,2029,4,9,false,四月,初九,己酉,雞,小滿
2029-05-22,2029,4,10,false,四月,初十,己酉,雞,
2029-05-23,2029,4,11,false,四月,十一,己酉,雞,
2029-05-24,2029,4,12,false,四月,十二,己酉,雞,
2029-05-25,2029,4,13,false,四月,十三,己酉,雞,
2029-05-26,2029,4,14,false,四月,十四,己酉,雞,
2029-05-27,2029,4,15,false,四月,十五,己酉,雞,
2029-05-28,2029,4,16,false,四月,十六,己酉,雞,
2029-05-29,2029,4,17,false,四月,十七,己酉,雞,
2029-05-30,2029,4,18,false,四月,十八,己酉,雞,
2029-05-31,2029,4,19,false,四月,十九,己酉,雞,
2029-06-01,2029,4,20,false,四月,二十,己酉,雞,
2029-06-02,2029,4,21,false,四月,廿一,己酉,雞,
2029-06-03,2029,4,22,false,四月,廿二,己酉,雞,
2029-06-04,2029,4,23,false,四月,廿三,己酉,雞,
2029-06-05,2029,4,24,false,四月,廿四,己酉,雞,芒種
2029-06-06,2029,4,25,false,四月,廿五,己酉,雞,
2029-06-07,2029,4,26,false,四月,廿六,己酉,雞,
2029-06-08,2029,4,27,false,四月,廿七,己酉,雞,
2029-06-09,2029,4,28,false,四月,廿八,己酉,雞,
2029-06-10,2029,4,29,false,四月,廿九,己酉,雞,
2029-06-11,2029,4,30,false,四月,三十,己酉,雞,
2029-06-12,2029,5,1,false,五月,初一,己酉,雞,
2029-06-13,2029,5,2,false,五月,初二,己酉,雞,
2029-06-14,2029,5,3,false,五月,初三,己酉,雞,
2029-06-15,2029,5,4,false,五月,初四,己酉,雞,
2029-06-16,2029,5,5,false,五月,初五,己酉,雞,
2029-06-17,2029,5,6,false,五月,初六,己酉,雞,
2029-06-18,2029,5,7,false,五月,初七,己酉,雞,
2029-06-19,2029,5,8,false,五月,初八,己酉,雞,
2029-06-20,2029,5,9,false,五月,初九,己酉,雞,
2029-06-21,2029,5,10,false,五月,初十,己酉,雞,夏至
2029-06-22,2029,5,11,false,五月,十一,己酉,雞,
2029-06-23,2029,5,12,false,五月,十二,己酉,雞,
2029-06-24,2029,5,13,false,五月,十三,己酉,雞,
2029-06-25,2029,5,14,false,五月,十四,己酉,雞,
2029-06-26,2029,5,15,false,五月,十五,己酉,雞,
2029-06-27,2029,5,16,false,五月,十六,己酉,雞,
2029-06-28,2029,5,17,false,五月,十七,己酉,雞,
2029-06-29,2029,5,18,false,五月,十八,己酉,雞,
2029-06-30,2029,5,19,false,五月,十九,己酉,雞,
2029-07-01,2029,5,20,false,五月,二十,己酉,雞,
2029-07-02,2029,5,21,false,五月,廿一,己酉,雞,
2029-07-03,2029,5,22,false,五月,廿二,己酉,雞,
2029-07-04,2029,5,23,false,五月,廿三,己酉,雞,
2029-07-05,2029,5,24,false,五月,廿四,己酉,雞,
2029-07-06,2029,5,25,false,五月,廿五,己酉,雞,
2029-07-07,2029,5,26,false,五月,廿六,己酉,雞,小暑
2029-07-08,2029,5,27,false,五月,廿七,己酉,雞,
2029-07-09,2029,5,28,false,五月,廿八,己酉,雞,
2029-07-10,2029,5,29,false,五月,廿九,己酉,雞,
2029-07-11,2029,6,1,false,六月,初一,己酉,雞,
2029-07-12,2029,6,2,false,六月,初二,己酉,雞,
2029-07-13,2029,6,3,false,六月,初三,己酉,雞,
2029-07-14,2029,6,4,false,六月,初四,己酉,雞,
2029-07-15,2029,6,5,false,六月,初五,己酉,雞,
2029-07-16,2029,6,6,false,六月,初六,己酉,雞,
2029-07-17,2029,6,7,false,六月,初七,己酉,雞,
2029-07-18,2029,6,8,false,六月,初八,己酉,雞,
2029-07-19,2029,6,9,false,六月,初九,己酉,雞,
2029-07-20,2029,6,10,false,六月,初十,己酉,雞,
2029-07-21,2029,6,11,false,六月,十一,己酉,雞,
2029-07-22,2029,6,12,false,六月,十二,己酉,雞,大暑
2029-07-23,2029,6,13,false,六月,十三,己酉,雞,
2029-07-24,2029,6,14,false,六月,十四,己酉,雞,
2029-07-25,2029,6,15,false,六月,十五,己酉,雞,
2029-07-26,2029,6,16,false,六月,十六,己酉,雞,
2029-07-27,2029,6,17,false,六月,十七,己酉,雞,
2029-07-28,2029,6,18,false,六月,十八,己酉,雞,
2029-07-29,2029,6,19,false,六月,十九,己酉,雞,
2029-07-30,2029,6,20,false,六月,二十,己酉,雞,
2029-07-31,2029,6,21,false,六月,廿一,己酉,雞,
2029-08-01,2029,6,22,false,六月,廿二,己酉,雞,
2029-08-02,2029,6,23,false,六月,廿三,己酉,雞,
2029-08-03,2029,6,24,false,六月,廿四,己酉,雞,
2029-08-04,2029,6,25,false,六月,廿五,己酉,雞,
2029-08-05,2029,6,26,false,六月,廿六,己酉,雞,
2029-08-06,2029,6,27,false,六月,廿七,己酉,雞,
2029-08-07,2029,6,28,false,六月,廿八,己酉,雞,立秋
2029-08-08,2029,6,29,false,六月,廿九,己酉,雞,
2029-08-09,2029,6,30,false,六月,三十,己酉,雞,
2029-08-10,2029,7,1,false,七月,初一,己酉,雞,
2029-08-11,2029,7,2,false,七月,初二,己酉,雞,
2029-08-12,2029,7,3,false,七月,初三,己酉,雞,
2029-08-13,2029,7,4,false,七月,初四,己酉,雞,
2029-08-14,2029,7,5,false,七月,初五,己酉,雞,
2029-08-15,2029,7,6,false,七月,初六,己酉,雞,
2029-08-16,2029,7,7,false,七月,初七,己酉,雞,
2029-08-17,2029,7,8,false,七月,初八,己酉,雞,
2029-08-18,2029,7,9,false,七月,初九,己酉,雞,
2029-08-19,2029,7,10,false,七月,初十,己酉,雞,
2029-08-20,2029,7,11,false,七月,十一,己酉,雞,
2029-08-21,2029,7,12,false,七月,十二,己酉,雞,
2029-08-22,2029,7,13,false,七月,十三,己酉,雞,
2029-08-23,2029,7,14,false,七月,十四,己酉,雞,處暑
2029-08-24,2029,7,15,false,七月,十五,己酉,雞,
2029-08-25,2029,7,16,false,七月,十六,己酉,雞,
2029-08-26,2029,7,17,false,七月,十七,己酉,雞,
2029-08-27,2029,7,18,false,七月,十八,己酉,雞,
2029-08-28,2029,7,19,false,七月,十九,己酉,雞,
2029-08-29,2029,7,20,false,七月,二十,己酉,雞,
2029-08-30,2029,7,21,false,七月,廿一,己酉,雞,
2029-08-31,2029,7,22,false,七月,廿二,己酉,雞,
2029-09-01,2029,7,23,false,七月,廿三,己酉,雞,
2029-09-02,2029,7,24,false,七月,廿四,己酉,雞,
2029-09-03,2029,7,25,false,七月,廿五,己酉,雞,
2029-09-04,2029,7,26,false,七月,廿六,己酉,雞,
2029-09-05,2029,7,27,false,七月,廿七,己酉,雞,
2029-09-06,2029,7,28,false,七月,廿八,己酉,雞,
2029-09-07,2029,7,29,false,七月,廿九,己酉,雞,白露
2029-09-08,2029,8,1,false,八月,初一,己酉,雞,
2029-09-09,2029,8,2,false,八月,初二,己酉,雞,
2029-09-10,2029,8,3,false,八月,初三,己酉,雞,
2029-09-11,2029,8,4,false,八月,初四,己酉,雞,
2029-09-12,2029,8,5,false,八月,初五,己酉,雞,
2029-09-13,2029,8,6,false,八月,初六,己酉,雞,
2029-09-14,2029,8,7,false,八月,初七,己酉,雞,
2029-09-15,2029,8,8,false,八月,初八,己酉,雞,
2029-09-16,2029,8,9,false,八月,初九,己酉,雞,
2029-09-17,2029,8,10,false,八月,初十,己酉,雞,
2029-09-18,2029,8,11,false,八月,十一,己酉,雞,
2029-09-19,2029,8,12,false,八月,十二,己酉,雞,
2029-09-20,2029,8,13,false,八月,十三,己酉,雞,
2029-09-21,2029,8,14,false,八月,十四,己酉,雞,
2029-09-22,2029,8,15,false,八月,十五,己酉,雞,
2029-09-23,2029,8,16,false,八月,十六,己酉,雞,秋分
2029-09-24,2029,8,17,false,八月,十七,己酉,雞,
2029-09-25,2029,8,18,false,八月,十八,己酉,雞,
2029-09-26,2029,8,19,false,八月,十九,己酉,雞,
2029-09-27,2029,8,20,false,八月,二十,己酉,雞,
2029-09-28,2029,8,21,false,八月,廿一,己酉,雞,
2029-09-29,2029,8,22,false,八月,廿二,己酉,雞,
2029-09-30,2029,8,23,false,八月,廿三,己酉,雞,
2029-10-01,2029,8,24,false,八月,廿四,己酉,雞,
2029-10-02,2029,8,25,false,八月,廿五,己酉,雞,
2029-10-03,2029,8,26,false,八月,廿六,己酉,雞,
2029-10-04,2029,8,27,false,八月,廿七,己酉,雞,
2029-10-05,2029,8,28,false,八月,廿八,己酉,雞,
2029-10-06,2029,8,29,false,八月,廿九,己酉,雞,
2029-10-07,2029,8,30,false,八月,三十,己酉,雞,
2029-10-08,2029,9,1,false,九月,初一,己酉,雞,寒露
2029-10-09,2029,9,2,false,九月,初二,己酉,雞,
2029-10-10,2029,9,3,false,九月,初三,己酉,雞,
2029-10-11,2029,9,4,false,九月,初四,己酉,雞,
2029-10-12,2029,9,5,false,九月,初五,己酉,雞,
2029-10-13,2029,9,6,false,九月,初六,己酉,雞,
2029-10-14,2029,9,7,false,九月,初七,己酉,雞,
2029-10-15,2029,9,8,false,九月,初八,己酉,雞,
2029-10-16,2029,9,9,false,九月,初九,己酉,雞,
2029-10-17,2029,9,10,false,九月,初十,己酉,雞,
2029-10-18,2029,9,11,false,九月,十一,己酉,雞,
2029-10-19,2029,9,12,false,九月,十二,己酉,雞,
2029-10-20,2029,9,13,false,九月,十三,己酉,雞,
2029-10-21,2029,9,14,false,九月,十四,己酉,雞,
2029-10-22,2029,9,15,false,九月,十五,己酉,雞,
2029-10-23,2029,9,16,false,九月,十六,己酉,雞,霜降
2029-10-24,2029,9,17,false,九月,十七,己酉,雞,
2029-10-25,2029,9,18,false,九月,十八,己酉,雞,
2029-10-26,2029,9,19,false,九月,十九,己酉,雞,
2029-10-27,2029,9,20,false,九月,二十,己酉,雞,
2029-10-28,2029,9,21,false,九月,廿一,己酉,雞,
2029-10-29,2029,9,22,false,九月,廿二,己酉,雞,
2029-10-30,2029,9,23,false,九月,廿三,己酉,雞,
2029-10-31,2029,9,24,false,九月,廿四,己酉,雞,
2029-11-01,2029,9,25,false,九月,廿五,己酉,雞,
2029-11-02,2029,9,26,false,九月,廿六,己酉,雞,
2029-11-03,2029,9,27,false,九月,廿七,己酉,雞,
2029-11-04,2029,9,28,false,九月,廿八,己酉,雞,
2029-11-05,2029,9,29,false,九月,廿九,己酉,雞,
2029-11-06,2029,10,1,false,十月,初一,己酉,雞,
2029-11-07,2029,10,2,false,十月,初二,己酉,雞,立冬
2029-11-08,2029,10,3,false,十月,初三,己酉,雞,
2029-11-09,2029,10,4,false,十月,初四,己酉,雞,
2029-11-10,2029,10,5,false,十月,初五,己酉,雞,
2029-11-11,2029,10,6,false,十月,初六,己酉,雞,
2029-11-12,2029,10,7,false,十月,初七,己酉,雞,
2029-11-13,2029,10,8,false,十月,初八,己酉,雞,
2029-11-14,2029,10,9,false,十月,初九,己酉,雞,
2029-11-15,2029,10,10,false,十月,初十,己酉,雞,
2029-11-16,2029,10,11,false,十月,十一,己酉,雞,
2029-11-17,2029,10,12,false,十月,十二,己酉,雞,
2029-11-18,2029,10,13,false,十月,十三,己酉,雞,
2029-11-19,2029,10,14,false,十月,十四,己酉,雞,
2029-11-20,2029,10,15,false,十月,十五,己酉,雞,
2029-11-21,2029,10,16,false,十月,十六,己酉,雞,
2029-11-22,2029,10,17,false,十月,十七,己酉,雞,小雪
2029-11-23,2029,10,18,false,十月,十八,己酉,雞,
2029-11-24,2029,10,19,false,十月,十九,己酉,雞,
2029-11-25,2029,10,20,false,十月,二十,己酉,雞,
2029-11-26,2029,10,21,false,十月,廿一,己酉,雞,
2029-11-27,2029,10,22,false,十月,廿二,己酉,雞,
2029-11-28,2029,10,23,false,十月,廿三,己酉,雞,
2029-11-29,2029,10,24,false,十月,廿四,己酉,雞,
2029-11-30,2029,10,25,false,十月,廿五,己酉,雞,
2029-12-01,2029,10,26,false,十月,廿六,己酉,雞,
2029-12-02,2029,10,27,false,十月,廿七,己酉,雞,
2029-12-03,2029,10,28,false,十月,廿八,己酉,雞,
2029-12-04,2029,10,29,false,十月,廿九,己酉,雞,
2029-12-05,2029,11,1,false,十一月,初一,己酉,雞,
2029-12-06,2029,11,2,false,十一月,初二,己酉,雞,
2029-12-07,2029,11,3,false,十一月,初三,己酉,雞,大雪
2029-12-08,2029,11,4,false,十一月,初四,己酉,雞,
2029-12-09,2029,11,5,false,十一月,初五,己酉,雞,
2029-12-10,2029,11,6,false,十一月,初六,己酉,雞,
2029-12-11,2029,11,7,false,十一月,初七,己酉,雞,
2029-12-12,2029,11,8,false,十一月,初八,己酉,雞,
2029-12-13,2029,11,9,false,十一月,初九,己酉,雞,
2029-12-14,2029,11,10,false,十一月,初十,己酉,雞,
2029-12-15,2029,11,11,false,十一月,十一,己酉,雞,
2029-12-16,2029,11,12,false,十一月,十二,己酉,雞,
2029-12-17,2029,11,13,false,十一月,十三,己酉,雞,
2029-12-18,2029,11,14,false,十一月,十四,己酉,雞,
2029-12-19,2029,11,15,false,十一月,十五,己酉,雞,
2029-12-20,2029,11,16,false,十一月,十六,己酉,雞,
2029-12-21,2029,11,17,false,十一月,十七,己酉,雞,冬至
2029-12-22,2029,11,18,false,十一月,十八,己酉,雞,
2029-12-23,2029,11,19,false,十一月,十九,己酉,雞,
2029-12-24,2029,11,20,false,十一月,二十,己酉,雞,
2029-12-25,2029,11,21,false,十一月,廿一,己酉,雞,
2029-12-26,2029,11,22,false,十一月,廿二,己酉,雞,
2029-12-27,2029,11,23,false,十一月,廿三,己酉,雞,
2029-12-28,2029,11,24,false,十一月,廿四,己酉,雞,
2029-12-29,2029,11,25,false,十一月,廿五,己酉,雞,
2029-12-30,2029,11,26,false,十一月,廿六,己酉,雞,
2029-12-31,2029,11,27,false,十一月,廿七,己酉,雞,
2030-01-01,2029,11,28,false,十一月,廿八,己酉,雞,
2030-01-02,2029,11,29,false,十一月,廿九,己酉,雞,
2030-01-03,2029,11,30,false,十一月,三十,己酉,雞,
2030-01-04,2029,12,1,false,十二月,初一,己酉,雞,
2030-01-05,2029,12,2,false,十二月,初二,己酉,雞,小寒
2030-01-06,2029,12,3,false,十二月,初三,己酉,雞,
2030-01-07,2029,12,4,false,十二月,初四,己酉,雞,
2030-01-08,2029,12,5,false,十二月,初五,己酉,雞,
2030-01-09,2029,12,6,false,十二月,初六,己酉,雞,
2030-01-10,2029,12,7,false,十二月,初七,己酉,雞,
2030-01-11,2029,12,8,false,十二月,初八,己酉,雞,
2030-01-12,2029,12,9,false,十二月,初九,己酉,雞,
2030-01-13,2029,12,10,false,十二月,初十,己酉,雞,
2030-01-14,2029,12,11,false,十二月,十一,己酉,雞,
2030-01-15,2029,12,12,false,十二月,十二,己酉,雞,
2030-01-16,2029,12,13,false,十二月,十三,己酉,雞,
2030-01-17,2029,12,14,false,十二月,十四,己酉,雞,
2030-01-18,2029,12,15,false,十二月,十五,己酉,雞,
2030-01-19,2029,12,16,false,十二月,十六,己酉,雞,
2030-01-20,2029,12,17,false,十二月,十七,己酉,雞,大寒
2030-01-21,2029,12,18,false,十二月,十八,己酉,雞,
2030-01-22,2029,12,19,false,十二月,十九,己酉,雞,
2030-01-23,2029,12,20,false,十二月,二十,己酉,雞,
2030-01-24,2029,12,21,false,十二月,廿一,己酉,雞,
2030-01-25,2029,12,22,false,十二月,廿二,己酉,雞,
2030-01-26,2029,12,23,false,十二月,廿三,己酉,雞,
2030-01-27,2029,12,24,false,十二月,廿四,己酉,雞,
2030-01-28,2029,12,25,false,十二月,廿五,己酉,雞,
2030-01-29,2029,12,26,false,十二月,廿六,己酉,雞,
2030-01-30,2029,12,27,false,十二月,廿七,己酉,雞,
2030-01-31,2029,12,28,false,十二月,廿八,己酉,雞,
2030-02-01,2029,12,29,false,十二月,廿九,己酉,雞,
2030-02-02,2029,12,30,false,十二月,三十,己酉,雞,
2030-02-03,2030,1,1,false,一月,初一,庚戌,狗,
2030-02-04,2030,1,2,false,一月,初二,庚戌,狗,立春
2030-02-05,2030,1,3,false,一月,初三,庚戌,狗,
2030-02-06,2030,1,4,false,一月,初四,庚戌,狗,
2030-02-07,2030,1,5,false,一月,初五,庚戌,狗,
2030-02-08,2030,1,6,false,一月,初六,庚戌,狗,
2030-02-09,2030,1,7,false,一月,初七,庚戌,狗,
2030-02-10,2030,1,8,false,一月,初八,庚戌,狗,
2030-02-11,2030,1,9,false,一月,初九,庚戌,狗,
2030-02-12,2030,1,10,false,一月,初十,庚戌,狗,
2030-02-13,2030,1,11,false,一月,十一,庚戌,狗,
2030-02-14,2030,1,12,false,一月,十二,庚戌,狗,
2030-02-15,2030,1,13,false,一月,十三,庚戌,狗,
2030-02-16,2030,1,14,false,一月,十四,庚戌,狗,
2030-02-17,2030,1,15,false,一月,十五,庚戌,狗,
2030-02-18,2030,1,16,false,一月,十六,庚戌,狗,雨水
2030-02-19,2030,1,17,false,一月,十七,庚戌,狗,
2030-02-20,2030,1,18,false,一月,十八,庚戌,狗,
2030-02-21,2030,1,19,false,一月,十九,庚戌,狗,
2030-02-22,2030,1,20,false,一月,二十,庚戌,狗,
2030-02-23,2030,1,21,false,一月,廿一,庚戌,狗,
2030-02-24,2030,1,22,false,一月,廿二,庚戌,狗,
2030-02-25,2030,1,23,false,一月,廿三,庚戌,狗,
2030-02-26,2030,1,24,false,一月,廿四,庚戌,狗,
2030-02-27,2030,1,25,false,一月,廿五,庚戌,狗,
2030-02-28,2030,1,26,false,一月,廿六,庚戌,狗,
2030-03-01,2030,1,27,false,一月,廿七,庚戌,狗,
2030-03-02,2030,1,28,false,一月,廿八,庚戌,狗,
2030-03-03,2030,1,29,false,一月,廿九,庚戌,狗,
2030-03-04,2030,2,1,false,二月,初一,庚戌,狗,
2030-03-05,2030,2,2,false,二月,初二,庚戌,狗,驚蟄
2030-03-06,2030,2,3,false,二月,初三,庚戌,狗,
2030-03-07,2030,2,4,false,二月,初四,庚戌,狗,
2030-03-08,2030,2,5,false,二月,初五,庚戌,狗,
2030-03-09,2030,2,6,false,二月,初六,庚戌,狗,
2030-03-10,2030,2,7,false,二月,初七,庚戌,狗,
2030-03-11,2030,2,8,false,二月,初八,庚戌,狗,
2030-03-12,2030,2,9,false,二月,初九,庚戌,狗,
2030-03-13,2030,2,10,false,二月,初十,庚戌,狗,
2030-03-14,2030,2,11,false,二月,十一,庚戌,狗,
2030-03-15,2030,2,12,false,二月,十二,庚戌,狗,
2030-03-16,2030,2,13,false,二月,十三,庚戌,狗,
2030-03-17,2030,2,14,false,二月,十四,庚戌,狗,
2030-03-18,2030,2,15,false,二月,十五,庚戌,狗,
2030-03-19,2030,2,16,false,二月,十六,庚戌,狗,
2030-03-20,2030,2,17,false,二月,十七,庚戌,狗,春分
2030-03-21,2030,2,18,false,二月,十八,庚戌,狗,
2030-03-22,2030,2,19,false,二月,十九,庚戌,狗,
2030-03-23,2030,2,20,false,二月,二十,庚戌,狗,
2030-03-24,2030,2,21,false,二月,廿一,庚戌,狗,
2030-03-25,2030,2,22,false,二月,廿二,庚戌,狗,
2030-03-26,2030,2,23,false,二月,廿三,庚戌,狗,
2030-03-27,2030,2,24,false,二月,廿四,庚戌,狗,
2030-03-28,2030,2,25,false,二月,廿五,庚戌,狗,
2030-03-29,2030,2,26,false,二月,廿六,庚戌,狗,
2030-03-30,2030,2,27,false,二月,廿七,庚戌,狗,
2030-03-31,2030,2,28,false,二月,廿八,庚戌,狗,
2030-04-01,2030,2,29,false,二月,廿九,庚戌,狗,
2030-04-02,2030,2,30,false,二月,三十,庚戌,狗,
2030-04-03,2030,3,1,false,三月,初一,庚戌,狗,
2030-04-04,2030,3,2,false,三月,初二,庚戌,狗,
2030-04-05,2030,3,3,false,三月,初三,庚戌,狗,清明
2030-04-06,2030,3,4,false,三月,初四,庚戌,狗,
2030-04-07,2030,3,5,false,三月,初五,庚戌,狗,
2030-04-08,2030,3,6,false,三月,初六,庚戌,狗,
2030-04-09,2030,3,7,false,三月,初七,庚戌,狗,
2030-04-10,2030,3,8,false,三月,初八,庚戌,狗,
2030-04-11,2030,3,9,false,三月,初九,庚戌,狗,
2030-04-12,2030,3,10,false,三月,初十,庚戌,狗,
2030-04-13,2030,3,11,false,三月,十一,庚戌,狗,
2030-04-14,2030,3,12,false,三月,十二,庚戌,狗,
2030-04-15,2030,3,13,false,三月,十三,庚戌,狗,
2030-04-16,2030,3,14,false,三月,十四,庚戌,狗,
2030-04-17,2030,3,15,false,三月,十五,庚戌,狗,
2030-04-18,2030,3,16,false,三月,十六,庚戌,狗,
2030-04-19,2030,3,17,false,三月,十七,庚戌,狗,
2030-04-20,2030,3,18,false,三月,十八,庚戌,狗,穀雨
2030-04-21,2030,3,19,false,三月,十九,庚戌,狗,
2030-04-22,2030,3,20,false,三月,二十,庚戌,狗,
2030-04-23,2030,3,21,false,三月,廿一,庚戌,狗,
2030-04-24,2030,3,22,false,三月,廿二,庚戌,狗,
2030-04-25,2030,3,23,false,三月,廿三,庚戌,狗,
2030-04-26,2030,3,24,false,三月,廿四,庚戌,狗,
2030-04-27,2030,3,25,false,三月,廿五,庚戌,狗,
2030-04-28,2030,3,26,false,三月,廿六,庚戌,狗,
2030-04-29,2030,3,27,false,三月,廿七,庚戌,狗,
2030-04-30,2030,3,28,false,三月,廿八,庚戌,狗,
2030-05-01,2030,3,29,false,三月,廿九,庚戌,狗,
2030-05-02,2030,4,1,false,四月,初一,庚戌,狗,
2030-05-03,2030,4,2,false,四月,初二,庚戌,狗,
2030-05-04,2030,4,3,false,四月,初三,庚戌,狗,
2030-05-05,2030,4,4,false,四月,初四,庚戌,狗,立夏
2030-05-06,2030,4,5,false,四月,初五,庚戌,狗,
2030-05-07,2030,4,6,false,四月,初六,庚戌,狗,
2030-05-08,2030,4,7,false,四月,初七,庚戌,狗,
2030-05-09,2030,4,8,false,四月,初八,庚戌,狗,
2030-05-10,2030,4,9,false,四月,初九,庚戌,狗,
2030-05-11,2030,4,10,false,四月,初十,庚戌,狗,
2030-05-12,2030,4,11,false,四月,十一,庚戌,狗,
2030-05-13,2030,4,12,false,四月,十二,庚戌,狗,
2030-05-14,2030,4,13,false,四月,十三,庚戌,狗,
2030-05-15,2030,4,14,false,四月,十四,庚戌,狗,
2030-05-16,2030,4,15,false,四月,十五,庚戌,狗,
2030-05-17,2030,4,16,false,四月,十六,庚戌,狗,
2030-05-18,2030,4,17,false,四月,十七,庚戌,狗,
2030-05-19,2030,4,18,false,四月,十八,庚戌,狗,
2030-05-20,2030,4,19,false,四月,十九,庚戌,狗,
2030-05-21,2030,4,20,false,四月,二十,庚戌,狗,小滿
2030-05-22,2030,4,21,false,四月,廿一,庚戌,狗,
2030-05-23,2030,4,22,false,四月,廿二,庚戌,狗,
2030-05-24,2030,4,23,false,四月,廿三,庚戌,狗,
2030-05-25,2030,4,24,false,四月,廿四,庚戌,狗,
2030-05-26,2030,4,25,false,四月,廿五,庚戌,狗,
2030-05-27,2030,4,26,false,四月,廿六,庚戌,狗,
2030-05-28,2030,4,27,false,四月,廿七,庚戌,狗,
2030-05-29,2030,4,28,false,四月,廿八,庚戌,狗,
2030-05-30,2030,4,29,false,四月,廿九,庚戌,狗,
2030-05-31,2030,4,30,false,四月,三十,庚戌,狗,
2030-06-01,2030,5,1,false,五月,初一,庚戌,狗,
2030-06-02,2030,5,2,false,五月,初二,庚戌,狗,
2030-06-03,2030,5,3,false,五月,初三,庚戌,狗,
2030-06-04,2030,5,4,false,五月,初四,庚戌,狗,
2030-06-05,2030,5,5,false,五月,初五,庚戌,狗,芒種
2030-06-06,2030,5,6,false,五月,初六,庚戌,狗,
2030-06-07,2030,5,7,false,五月,初七,庚戌,狗,
2030-06-08,2030,5,8,false,五月,初八,庚戌,狗,
2030-06-09,2030,5,9,false,五月,初九,庚戌,狗,
2030-06-10,2030,5,10,false,五月,初十,庚戌,狗,
2030-06-11,2030,5,11,false,五月,十一,庚戌,狗,
2030-06-12,2030,5,12,false,五月,十二,庚戌,狗,
2030-06-13,2030,5,13,false,五月,十三,庚戌,狗,
2030-06-14,2030,5,14,false,五月,十四,庚戌,狗,
2030-06-15,2030,5,15,false,五月,十五,庚戌,狗,
2030-06-16,2030,5,16,false,五月,十六,庚戌,狗,
2030-06-17,2030,5,17,false,五月,十七,庚戌,狗,
2030-06-18,2030,5,18,false,五月,十八,庚戌,狗,
2030-06-19,2030,5,19,false,五月,十九,庚戌,狗,
2030-06-20,2030,5,20,false,五月,二十,庚戌,狗,
2030-06-21,2030,5,21,false,五月,廿一,庚戌,狗,夏至
2030-06-22,2030,5,22,false,五月,廿二,庚戌,狗,
2030-06-23,2030,5,23,false,五月,廿三,庚戌,狗,
2030-06-24,2030,5,24,false,五月,廿四,庚戌,狗,
2030-06-25,2030,5,25,false,五月,廿五,庚戌,狗,
2030-06-26,2030,5,26,false,五月,廿六,庚戌,狗,
2030-06-27,2030,5,27,false,五月,廿七,庚戌,狗,
2030-06-28,2030,5,28,false,五月,廿八,庚戌,狗,
2030-06-29,2030,5,29,false,五月,廿九,庚戌,狗,
2030-06-30,2030,5,30,false,五月,三十,庚戌,狗,
2030-07-01,2030,6,1,false,六月,初一,庚戌,狗,
2030-07-02,2030,6,2,false,六月,初二,庚戌,狗,
2030-07-03,2030,6,3,false,六月,初三,庚戌,狗,
2030-07-04,2030,6,4,false,六月,初四,庚戌,狗,
2030-07-05,2030,6,5,false,六月,初五,庚戌,狗,
2030-07-06,2030,6,6,false,六月,初六,庚戌,狗,
2030-07-07,2030,6,7,false,六月,初七,庚戌,狗,小暑
2030-07-08,2030,6,8,false,六月,初八,庚戌,狗,
2030-07-09,2030,6,9,false,六月,初九,庚戌,狗,
2030-07-10,2030,6,10,false,六月,初十,庚戌,狗,
2030-07-11,2030,6,11,false,六月,十一,庚戌,狗,
2030-07-12,2030,6,12,false,六月,十二,庚戌,狗,
2030-07-13,2030,6,13,false,六月,十三,庚戌,狗,
2030-07-14,2030,6,14,false,六月,十四,庚戌,狗,
2030-07-15,2030,6,15,false,六月,十五,庚戌,狗,
2030-07-16,2030,6,16,false,六月,十六,庚戌,狗,
2030-07-17,2030,6,17,false,六月,十七,庚戌,狗,
2030-07-18,2030,6,18,false,六月,十八,庚戌,狗,
2030-07-19,2030,6,19,false,六月,十九,庚戌,狗,
2030-07-20,2030,6,20,false,六月,二十,庚戌,狗,
2030-07-21,2030,6,21,false,六月,廿一,庚戌,狗,
2030-07-22,2030,6,22,false,六月,廿二,庚戌,狗,
2030-07-23,2030,6,23,false,六月,廿三,庚戌,狗,大暑
2030-07-24,2030,6,24,false,六月,廿四,庚戌,狗,
2030-07-25,2030,6,25,false,六月,廿五,庚戌,狗,
2030-07-26,2030,6,26,false,六月,廿六,庚戌,狗,
2030-07-27,2030,6,27,false,六月,廿七,庚戌,狗,
2030-07-28,2030,6,28,false,六月,廿八,庚戌,狗,
2030-07-29,2030,6,29,false,六月,廿九,庚戌,狗,
2030-07-30,2030,7,1,false,七月,初一,庚戌,狗,
2030-07-31,2030,7,2,false,七月,初二,庚戌,狗,
2030-08-01,2030,7,3,false,七月,初三,庚戌,狗,
2030-08-02,2030,7,4,false,七月,初四,庚戌,狗,
2030-08-03,2030,7,5,false,七月,初五,庚戌,狗,
2030-08-04,2030,7,6,false,七月,初六,庚戌,狗,
2030-08-05,2030,7,7,false,七月,初七,庚戌,狗,
2030-08-06,2030,7,8,false,七月,初八,庚戌,狗,
2030-08-07,2030,7,9,false,七月,初九,庚戌,狗,立秋
2030-08-08,2030,7,10,false,七月,初十,庚戌,狗,
2030-08-09,2030,7,11,false,七月,十一,庚戌,狗,
2030-08-10,2030,7,12,false,七月,十二,庚戌,狗,
2030-08-11,2030,7,13,false,七月,十三,庚戌,狗,
2030-08-12,2030,7,14,false,七月,十四,庚戌,狗,
2030-08-13,2030,7,15,false,七月,十五,庚戌,狗,
2030-08-14,2030,7,16,false,七月,十六,庚戌,狗,
2030-08-15,2030,7,17,false,七月,十七,庚戌,狗,
2030-08-16,2030,7,18,false,七月,十八,庚戌,狗,
2030-08-17,2030,7,19,false,七月,十九,庚戌,狗,
2030-08-18,2030,7,20,false,七月,二十,庚戌,狗,
2030-08-19,2030,7,21,false,七月,廿一,庚戌,狗,
2030-08-20,2030,7,22,false,七月,廿二,庚戌,狗,
2030-08-21,2030,7,23,false,七月,廿三,庚戌,狗,
2030-08-22,2030,7,24,false,七月,廿四,庚戌,狗,
2030-08-23,2030,7,25,false,七月,廿五,庚戌,狗,處暑
2030-08-24,2030,7,26,false,七月,廿六,庚戌,狗,
2030-08-25,2030,7,27,false,七月,廿七,庚戌,狗,
2030-08-26,2030,7,28,false,七月,廿八,庚戌,狗,
2030-08-27,2030,7,29,false,七月,廿九,庚戌,狗,
2030-08-28,2030,7,30,false,七月,三十,庚戌,狗,
2030-08-29,2030,8,1,false,八月,初一,庚戌,狗,
2030-08-30,2030,8,2,false,八月,初二,庚戌,狗,
2030-08-31,2030,8,3,false,八月,初三,庚戌,狗,
2030-09-01,2030,8,4,false,八月,初四,庚戌,狗,
2030-09-02,2030,8,5,false,八月,初五,庚戌,狗,
2030-09-03,2030,8,6,false,八月,初六,庚戌,狗,
2030-09-04,2030,8,7,false,八月,初七,庚戌,狗,
2030-09-05,2030,8,8,false,八月,初八,庚戌,狗,
2030-09-06,2030,8,9,false,八月,初九,庚戌,狗,
2030-09-07,2030,8,10,false,八月,初十,庚戌,狗,白露
2030-09-08,2030,8,11,false,八月,十一,庚戌,狗,
2030-09-09,2030,8,12,false,八月,十二,庚戌,狗,
2030-09-10,2030,8,13,false,八月,十三,庚戌,狗,
2030-09-11,2030,8,14,false,八月,十四,庚戌,狗,
2030-09-12,2030,8,15,false,八月,十五,庚戌,狗,
2030-09-13,2030,8,16,false,八月,十六,庚戌,狗,
2030-09-14,2030,8,17,false,八月,十七,庚戌,狗,
2030-09-15,2030,8,18,false,八月,十八,庚戌,狗,
2030-09-16,2030,8,19,false,八月,十九,庚戌,狗,
2030-09-17,2030,8,20,false,八月,二十,庚戌,狗,
2030-09-18,2030,8,21,false,八月,廿一,庚戌,狗,
2030-09-19,2030,8,22,false,八月,廿二,庚戌,狗,
2030-09-20,2030,8,23,false,八月,廿三,庚戌,狗,
2030-09-21,2030,8,24,false,八月,廿四,庚戌,狗,
2030-09-22,2030,8,25,false,八月,廿五,庚戌,狗,
2030-09-23,2030,8,26,false,八月,廿六,庚戌,狗,秋分
2030-09-24,2030,8,27,false,八月,廿七,庚戌,狗,
2030-09-25,2030,8,28,false,八月,廿八,庚戌,狗,
2030-09-26,2030,8,29,false,八月,廿九,庚戌,狗,
2030-09-27,2030,9,1,false,九月,初一,庚戌,狗,
2030-09-28,2030,9,2,false,九月,初二,庚戌,狗,
2030-09-29,2030,9,3,false,九月,初三,庚戌,狗,
2030-09-30,2030,9,4,false,九月,初四,庚戌,狗,
2030-10-01,2030,9,5,false,九月,初五,庚戌,狗,
2030-10-02,2030,9,6,false,九月,初六,庚戌,狗,
2030-10-03,2030,9,7,false,九月,初七,庚戌,狗,
2030-10-04,2030,9,8,false,九月,初八,庚戌,狗,
2030-10-05,2030,9,9,false,九月,初九,庚戌,狗,
2030-10-06,2030,9,10,false,九月,初十,庚戌,狗,
2030-10-07,2030,9,11,false,九月,十一,庚戌,狗,
2030-10-08,2030,9,12,false,九月,十二,庚戌,狗,寒露
2030-10-09,2030,9,13,false,九月,十三,庚戌,狗,
2030-10-10,2030,9,14,false,九月,十四,庚戌,狗,
2030-10-11,2030,9,15,false,九月,十五,庚戌,狗,
2030-10-12,2030,9,16,false,九月,十六,庚戌,狗,
2030-10-13,2030,9,17,false,九月,十七,庚戌,狗,
2030-10-14,2030,9,18,false,九月,十八,庚戌,狗,
2030-10-15,2030,9,19,false,九月,十九,庚戌,狗,
2030-10-16,2030,9,20,false,九月,二十,庚戌,狗,
2030-10-17,2030,9,21,false,九月,廿一,庚戌,狗,
2030-10-18,2030,9,22,false,九月,廿二,庚戌,狗,
2030-10-19,2030,9,23,false,九月,廿三,庚戌,狗,
2030-10-20,2030,9,24,false,九月,廿四,庚戌,狗,
2030-10-21,2030,9,25,false,九月,廿五,庚戌,狗,
2030-10-22,2030,9,26,false,九月,廿六,庚戌,狗,
2030-10-23,2030,9,27,false,九月,廿七,庚戌,狗,霜降
2030-10-24,2030,9,28,false,九月,廿八,庚戌,狗,
2030-10-25,2030,9,29,false,九月,廿九,庚戌,狗,
2030-10-26,2030,9,30,false,九月,三十,庚戌,狗,
2030-10-27,2030,10,1,false,十月,初一,庚戌,狗,
2030-10-28,2030,10,2,false,十月,初二,庚戌,狗,
2030-10-29,2030,10,3,false,十月,初三,庚戌,狗,
2030-10-30,2030,10,4,false,十月,初四,庚戌,狗,
2030-10-31,2030,10,5,false,十月,初五,庚戌,狗,
2030-11-01,2030,10,6,false,十月,初六,庚戌,狗,
2030-11-02,2030,10,7,false,十月,初七,庚戌,狗,
2030-11-03,2030,10,8,false,十月,初八,庚戌,狗,
2030-11-04,2030,10,9,false,十月,初九,庚戌,狗,
2030-11-05,2030,10,10,false,十月,初十,庚戌,狗,
2030-11-06,2030,10,11,false,十月,十一,庚戌,狗,
2030-11-07,2030,10,12,false,十月,十二,庚戌,狗,立冬
2030-11-08,2030,10,13,false,十月,十三,庚戌,狗,
2030-11-09,2030,10,14,false,十月,十四,庚戌,狗,
2030-11-10,2030,10,15,false,十月,十五,庚戌,狗,
2030-11-11,2030,10,16,false,十月,十六,庚戌,狗,
2030-11-12,2030,10,17,false,十月,十七,庚戌,狗,
2030-11-13,2030,10,18,false,十月,十八,庚戌,狗,
2030-11-14,2030,10,19,false,十月,十九,庚戌,狗,
2030-11-15,2030,10,20,false,十月,二十,庚戌,狗,
2030-11-16,2030,10,21,false,十月,廿一,庚戌,狗,
2030-11-17,2030,10,22,false,十月,廿二,庚戌,狗,
2030-11-18,2030,10,23,false,十月,廿三,庚戌,狗,
2030-11-19,2030,10,24,false,十月,廿四,庚戌,狗,
2030-11-20,2030,10,25,false,十月,廿五,庚戌,狗,
2030-11-21,2030,10,26,false,十月,廿六,庚戌,狗,
2030-11-22,2030,10,27,false,十月,廿七,庚戌,狗,小雪
2030-11-23,2030,10,28,false,十月,廿八,庚戌,狗,
2030-11-24,2030,10,29,false,十月,廿九,庚戌,狗,
2030-11-25,2030,11,1,false,十一月,初一,庚戌,狗,
2030-11-26,2030,11,2,false,十一月,初二,庚戌,狗,
2030-11-27,2030,11,3,false,十一月,初三,庚戌,狗,
2030-11-28,2030,11,4,false,十一月,初四,庚戌,狗,
2030-11-29,2030,11,5,false,十一月,初五,庚戌,狗,
2030-11-30,2030,11,6,false,十一月,初六,庚戌,狗,
2030-12-01,2030,11,7,false,十一月,初七,庚戌,狗,
2030-12-02,2030,11,8,false,十一月,初八,庚戌,狗,
2030-12-03,2030,11,9,false,十一月,初九,庚戌,狗,
2030-12-04,2030,11,10,false,十一月,初十,庚戌,狗,
2030-12-05,2030,11,11,false,十一月,十一,庚戌,狗,
2030-12-06,2030,11,12,false,十一月,十二,庚戌,狗,
2030-12-07,2030,11,13,false,十一月,十三,庚戌,狗,大雪
2030-12-08,2030,11,14,false,十一月,十四,庚戌,狗,
2030-12-09,2030,11,15,false,十一月,十五,庚戌,狗,
2030-12-10,2030,11,16,false,十一月,十六,庚戌,狗,
2030-12-11,2030,11,17,false,十一月,十七,庚戌,狗,
2030-12-12,2030,11,18,false,十一月,十八,庚戌,狗,
2030-12-13,2030,11,19,false,十一月,十九,庚戌,狗,
2030-12-14,2030,11,20,false,十一月,二十,庚戌,狗,
2030-12-15,2030,11,21,false,十一月,廿一,庚戌,狗,
2030-12-16,2030,11,22,false,十一月,廿二,庚戌,狗,
2030-12-17,2030,11,23,false,十一月,廿三,庚戌,狗,
2030-12-18,2030,11,24,false,十一月,廿四,庚戌,狗,
2030-12-19,2030,11,25,false,十一月,廿五,庚戌,狗,
2030-12-20,2030,11,26,false,十一月,廿六,庚戌,狗,
2030-12-21,2030,11,27,false,十一月,廿七,庚戌,狗,
2030-12-22,2030,11,28,false,十一月,廿八,庚戌,狗,冬至
2030-12-23,2030,11,29,false,十一月,廿九,庚戌,狗,
2030-12-24,2030,11,30,false,十一月,三十,庚戌,狗,
2030-12-25,2030,12,1,false,十二月,初一,庚戌,狗,
2030-12-26,2030,12,2,false,十二月,初二,庚戌,狗,
2030-12-27,2030,12,3,false,十二月,初三,庚戌,狗,
2030-12-28,2030,12,4,false,十二月,初四,庚戌,狗,
2030-12-29,2030,12,5,false,十二月,初五,庚戌,狗,
2030-12-30,2030,12,6,false,十二月,初六,庚戌,狗,
2030-12-31,2030,12,7,false,十二月,初七,庚戌,狗,
2031-01-01,2030,12,8,false,十二月,初八,庚戌,狗,
2031-01-02,2030,12,9,false,十二月,初九,庚戌,狗,
2031-01-03,2030,12,10,false,十二月,初十,庚戌,狗,
2031-01-04,2030,12,11,false,十二月,十一,庚戌,狗,
2031-01-05,2030,12,12,false,十二月,十二,庚戌,狗,小寒
2031-01-06,2030,12,13,false,十二月,十三,庚戌,狗,
2031-01-07,2030,12,14,false,十二月,十四,庚戌,狗,
2031-01-08,2030,12,15,false,十二月,十五,庚戌,狗,
2031-01-09,2030,12,16,false,十二月,十六,庚戌,狗,
2031-01-10,2030,12,17,false,十二月,十七,庚戌,狗,
2031-01-11,2030,12,18,false,十二月,十八,庚戌,狗,
2031-01-12,2030,12,19,false,十二月,十九,庚戌,狗,
2031-01-13,2030,12,20,false,十二月,二十,庚戌,狗,
2031-01-14,2030,12,21,false,十二月,廿一,庚戌,狗,
2031-01-15,2030,12,22,false,十二月,廿二,庚戌,狗,
2031-01-16,2030,12,23,false,十二月,廿三,庚戌,狗,
2031-01-17,2030,12,24,false,十二月,廿四,庚戌,狗,
2031-01-18,2030,12,25,false,十二月,廿五,庚戌,狗,
2031-01-19,2030,12,26,false,十二月,廿六,庚戌,狗,
2031-01-20,2030,12,27,false,十二月,廿七,庚戌,狗,大寒
2031-01-21,2030,12,28,false,十二月,廿八,庚戌,狗,
2031-01-22,2030,12,29,false,十二月,廿九,庚戌,狗,
2031-01-23,2031,1,1,false,一月,初一,辛亥,豬,
2031-01-24,2031,1,2,false,一月,初二,辛亥,豬,
2031-01-25,2031,1,3,false,一月,初三,辛亥,豬,
2031-01-26,2031,1,4,false,一月,初四,辛亥,豬,
2031-01-27,2031,1,5,false,一月,初五,辛亥,豬,
2031-01-28,2031,1,6,false,一月,初六,辛亥,豬,
2031-01-29,2031,1,7,false,一月,初七,辛亥,豬,
2031-01-30,2031,1,8,false,一月,初八,辛亥,豬,
2031-01-31,2031,1,9,false,一月,初九,辛亥,豬,
2031-02-01,2031,1,10,false,一月,初十,辛亥,豬,
2031-02-02,2031,1,11,false,一月,十一,辛亥,豬,
2031-02-03,2031,1,12,false,一月,十二,辛亥,豬,
2031-02-04,2031,1,13,false,一月,十三,辛亥,豬,立春
2031-02-05,2031,1,14,false,一月,十四,辛亥,豬,
2031-02-06,2031,1,15,false,一月,十五,辛亥,豬,
2031-02-07,2031,1,16,false,一月,十六,辛亥,豬,
2031-02-08,2031,1,17,false,一月,十七,辛亥,豬,
2031-02-09,2031,1,18,false,一月,十八,辛亥,豬,
2031-02-10,2031,1,19,false,一月,十九,辛亥,豬,
2031-02-11,2031,1,20,false,一月,二十,辛亥,豬,
2031-02-12,2031,1,21,false,一月,廿一,辛亥,豬,
2031-02-13,2031,1,22,false,一月,廿二,辛亥,豬,
2031-02-14,2031,1,23,false,一月,廿三,辛亥,豬,
2031-02-15,2031,1,24,false,一月,廿四,辛亥,豬,
2031-02-16,2031,1,25,false,一月,廿五,辛亥,豬,
2031-02-17,2031,1,26,false,一月,廿六,辛亥,豬,
2031-02-18,2031,1,27,false,一月,廿七,辛亥,豬,
2031-02-19,2031,1,28,false,一月,廿八,辛亥,豬,雨水
2031-02-20,2031,1,29,false,一月,廿九,辛亥,豬,
2031-02-21,2031,2,1,false,二月,初一,辛亥,豬,
2031-02-22,2031,2,2,false,二月,初二,辛亥,豬,
2031-02-23,2031,2,3,false,二月,初三,辛亥,豬,
2031-02-24,2031,2,4,false,二月,初四,辛亥,豬,
2031-02-25,2031,2,5,false,二月,初五,辛亥,豬,
2031-02-26,2031,2,6,false,二月,初六,辛亥,豬,
2031-02-27,2031,2,7,false,二月,初七,辛亥,豬,
2031-02-28,2031,2,8,false,二月,初八,辛亥,豬,
2031-03-01,2031,2,9,false,二月,初九,辛亥,豬,
2031-03-02,2031,2,10,false,二月,初十,辛亥,豬,
2031-03-03,2031,2,11,false,二月,十一,辛亥,豬,
2031-03-04,2031,2,12,false,二月,十二,辛亥,豬,
2031-03-05,2031,2,13,false,二月,十三,辛亥,豬,
2031-03-06,2031,2,14,false,二月,十四,辛亥,豬,驚蟄
2031-03-07,2031,2,15,false,二月,十五,辛亥,豬,
2031-03-08,2031,2,16,false,二月,十六,辛亥,豬,
2031-03-09,2031,2,17,false,二月,十七,辛亥,豬,
2031-03-10,2031,2,18,false,二月,十八,辛亥,豬,
2031-03-11,2031,2,19,false,二月,十九,辛亥,豬,
2031-03-12,2031,2,20,false,二月,二十,辛亥,豬,
2031-03-13,2031,2,21,false,二月,廿一,辛亥,豬,
2031-03-14,2031,2,22,false,二月,廿二,辛亥,豬,
2031-03-15,2031,2,23,false,二月,廿三,辛亥,豬,
2031-03-16,2031,2,24,false,二月,廿四,辛亥,豬,
2031-03-17,2031,2,25,false,二月,廿五,辛亥,豬,
2031-03-18,2031,2,26,false,二月,廿六,辛亥,豬,
2031-03-19,2031,2,27,false,二月,廿七,辛亥,豬,
2031-03-20,2031,2,28,false,二月,廿八,辛亥,豬,
2031-03-21,2031,2,29,false,二月,廿九,辛亥,豬,春分
2031-03-22,2031,2,30,false,二月,三十,辛亥,豬,
2031-03-23,2031,3,1,false,三月,初一,辛亥,豬,
2031-03-24,2031,3,2,false,三月,初二,辛亥,豬,
2031-03-25,2031,3,3,false,三月,初三,辛亥,豬,
2031-03-26,2031,3,4,false,三月,初四,辛亥,豬,
2031-03-27,2031,3,5,false,三月,初五,辛亥,豬,
2031-03-28,2031,3,6,false,三月,初六,辛亥,豬,
2031-03-29,2031,3,7,false,三月,初七,辛亥,豬,
2031-03-30,2031,3,8,false,三月,初八,辛亥,豬,
2031-03-31,2031,3,9,false,三月,初九,辛亥,豬,
2031-04-01,2031,3,10,false,三月,初十,辛亥,豬,
2031-04-02,2031,3,11,false,三月,十一,辛亥,豬,
2031-04-03,2031,3,12,false,三月,十二,辛亥,豬,
2031-04-04,2031,3,13,false,三月,十三,辛亥,豬,
2031-04-05,2031,3,14,false,三月,十四,辛亥,豬,清明
2031-04-06,2031,3,15,false,三月,十五,辛亥,豬,
2031-04-07,2031,3,16,false,三月,十六,辛亥,豬,
2031-04-08,2031,3,17,false,三月,十七,辛亥,豬,
2031-04-09,2031,3,18,false,三月,十八,辛亥,豬,
2031-04-10,2031,3,19,false,三月,十九,辛亥,豬,
2031-04-11,2031,3,20,false,三月,二十,辛亥,豬,
2031-04-12,2031,3,21,false,三月,廿一,辛亥,豬,
2031-04-13,2031,3,22,false,三月,廿二,辛亥,豬,
2031-04-14,2031,3,23,false,三月,廿三,辛亥,豬,
2031-04-15,2031,3,24,false,三月,廿四,辛亥,豬,
2031-04-16,2031,3,25,false,三月,廿五,辛亥,豬,
2031-04-17,2031,3,26,false,三月,廿六,辛亥,豬,
2031-04-18,2031,3,27,false,三月,廿七,辛亥,豬,
2031-04-19,2031,3,28,false,三月,廿八,辛亥,豬,
2031-04-20,2031,3,29,false,三月,廿九,辛亥,豬,穀雨
2031-04-21,2031,3,30,false,三月,三十,辛亥,豬,
2031-04-22,2031,3,1,true,閏三月,初一,辛亥,豬,
2031-04-23,2031,3,2,true,閏三月,初二,辛亥,豬,
2031-04-24,2031,3,3,true,閏三月,初三,辛亥,豬,
2031-04-25,2031,3,4,true,閏三月,初四,辛亥,豬,
2031-04-26,2031,3,5,true,閏三月,初五,辛亥,豬,
2031-04-27,2031,3,6,true,閏三月,初六,辛亥,豬,
2031-04-28,2031,3,7,true,閏三月,初七,辛亥,豬,
2031-04-29,2031,3,8,true,閏三月,初八,辛亥,豬,
2031-04-30,2031,3,9,true,閏三月,初九,辛亥,豬,
2031-05-01,2031,3,10,true,閏三月,初十,辛亥,豬,
2031-05-02,2031,3,11,true,閏三月,十一,辛亥,豬,
2031-05-03,2031,3,12,true,閏三月,十二,辛亥,豬,
2031-05-04,2031,3,13,true,閏三月,十三,辛亥,豬,
2031-05-05,2031,3,14,true,閏三月,十四,辛亥,豬,
2031-05-06,2031,3,15,true,閏三月,十五,辛亥,豬,立夏
2031-05-07,2031,3,16,true,閏三月,十六,辛亥,豬,
2031-05-08,2031,3,17,true,閏三月,十七,辛亥,豬,
2031-05-09,2031,3,18,true,閏三月,十八,辛亥,豬,
2031-05-10,2031,3,19,true,閏三月,十九,辛亥,豬,
2031-05-11,2031,3,20,true,閏三月,二十,辛亥,豬,
2031-05-12,2031,3,21,true,閏三月,廿一,辛亥,豬,
2031-05-13,2031,3,22,true,閏三月,廿二,辛亥,豬,
2031-05-14,2031,3,23,true,閏三月,廿三,辛亥,豬,
2031-05-15,2031,3,24,true,閏三月,廿四,辛亥,豬,
2031-05-16,2031,3,25,true,閏三月,廿五,辛亥,豬,
2031-05-17,2031,3,26,true,閏三月,廿六,辛亥,豬,
2031-05-18,2031,3,27,true,閏三月,廿七,辛亥,豬,
2031-05-19,2031,3,28,true,閏三月,廿八,辛亥,豬,
2031-05-20,2031,3,29,true,閏三月,廿九,辛亥,豬,
2031-05-21,2031,4,1,false,四月,初一,辛亥,豬,小滿
2031-05-22,2031,4,2,false,四月,初二,辛亥,豬,
2031-05-23,2031,4,3,false,四月,初三,辛亥,豬,
2031-05-24,2031,4,4,false,四月,初四,辛亥,豬,
2031-05-25,2031,4,5,false,四月,初五,辛亥,豬,
2031-05-26,2031,4,6,false,四月,初六,辛亥,豬,
2031-05-27,2031,4,7,false,四月,初七,辛亥,豬,
2031-05-28,2031,4,8,false,四月,初八,辛亥,豬,
2031-05-29,2031,4,9,false,四月,初九,辛亥,豬,
2031-05-30,2031,4,10,false,四月,初十,辛亥,豬,
2031-05-31,2031,4,11,false,四月,十一,辛亥,豬,
2031-06-01,2031,4,12,false,四月,十二,辛亥,豬,
2031-06-02,2031,4,13,false,四月,十三,辛亥,豬,
2031-06-03,2031,4,14,false,四月,十四,辛亥,豬,
2031-06-04,2031,4,15,false,四月,十五,辛亥,豬,
2031-06-05,2031,4,16,false,四月,十六,辛亥,豬,
2031-06-06,2031,4,17,false,四月,十七,辛亥,豬,芒種
2031-06-07,2031,4,18,false,四月,十八,辛亥,豬,
2031-06-08,2031,4,19,false,四月,十九,辛亥,豬,
2031-06-09,2031,4,20,false,四月,二十,辛亥,豬,
2031-06-10,2031,4,21,false,四月,廿一,辛亥,豬,
2031-06-11,2031,4,22,false,四月,廿二,辛亥,豬,
2031-06-12,2031,4,23,false,四月,廿三,辛亥,豬,
2031-06-13,2031,4,24,false,四月,廿四,辛亥,豬,
2031-06-14,2031,4,25,false,四月,廿五,辛亥,豬,
2031-06-15,2031,4,26,false,四月,廿六,辛亥,豬,
2031-06-16,2031,4,27,false,四月,廿七,辛亥,豬,
2031-06-17,2031,4,28,false,四月,廿八,辛亥,豬,
2031-06-18,2031,4,29,false,四月,廿九,辛亥,豬,
2031-06-19,2031,4,30,false,四月,三十,辛亥,豬,
2031-06-20,2031,5,1,false,五月,初一,辛亥,豬,
2031-06-21,2031,5,2,false,五月,初二,辛亥,豬,夏至
2031-06-22,2031,5,3,false,五月,初三,辛亥,豬,
2031-06-23,2031,5,4,false,五月,初四,辛亥,豬,
2031-06-24,2031,5,5,false,五月,初五,辛亥,豬,
2031-06-25,2031,5,6,false,五月,初六,辛亥,豬,
2031-06-26,2031,5,7,false,五月,初七,辛亥,豬,
2031-06-27,2031,5,8,false,五月,初八,辛亥,豬,
2031-06-28,2031,5,9,false,五月,初九,辛亥,豬,
2031-06-29,2031,5,10,false,五月,初十,辛亥,豬,
2031-06-30,2031,5,11,false,五月,十一,辛亥,豬,
2031-07-01,2031,5,12,false,五月,十二,辛亥,豬,
2031-07-02,2031,5,13,false,五月,十三,辛亥,豬,
2031-07-03,2031,5,14,false,五月,十四,辛亥,豬,
2031-07-04,2031,5,15,false,五月,十五,辛亥,豬,
2031-07-05,2031,5,16,false,五月,十六,辛亥,豬,
2031-07-06,2031,5,17,false,五月,十七,辛亥,豬,
2031-07-07,2031,5,18,false,五月,十八,辛亥,豬,小暑
2031-07-08,2031,5,19,false,五月,十九,辛亥,豬,
2031-07-09,2031,5,20,false,五月,二十,辛亥,豬,
2031-07-10,2031,5,21,false,五月,廿一,辛亥,豬,
2031-07-11,2031,5,22,false,五月,廿二,辛亥,豬,
2031-07-12,2031,5,23,false,五月,廿三,辛亥,豬,
2031-07-13,2031,5,24,false,五月,廿四,辛亥,豬,
2031-07-14,2031,5,25,false,五月,廿五,辛亥,豬,
2031-07-15,2031,5,26,false,五月,廿六,辛亥,豬,
2031-07-16,2031,5,27,false,五月,廿七,辛亥,豬,
2031-07-17,2031,5,28,false,五月,廿八,辛亥,豬,
2031-07-18,2031,5,29,false,五月,廿九,辛亥,豬,
2031-07-19,2031,6,1,false,六月,初一,辛亥,豬,
2031-07-20,2031,6,2,false,六月,初二,辛亥,豬,
2031-07-21,2031,6,3,false,六月,初三,辛亥,豬,
2031-07-22,2031,6,4,false,六月,初四,辛亥,豬,
2031-07-23,2031,6,5,false,六月,初五,辛亥,豬,大暑
2031-07-24,2031,6,6,false,六月,初六,辛亥,豬,
2031-07-25,2031,6,7,false,六月,初七,辛亥,豬,
2031-07-26,2031,6,8,false,六月,初八,辛亥,豬,
2031-07-27,2031,6,9,false,六月,初九,辛亥,豬,
2031-07-28,2031,6,10,false,六月,初十,辛亥,豬,
2031-07-29,2031,6,11,false,六月,十一,辛亥,豬,
2031-07-30,2031,6,12,false,六月,十二,辛亥,豬,
2031-07-31,2031,6,13,false,六月,十三,辛亥,豬,
2031-08-01,2031,6,14,false,六月,十四,辛亥,豬,
2031-08-02,2031,6,15,false,六月,十五,辛亥,豬,
2031-08-03,2031,6,16,false,六月,十六,辛亥,豬,
2031-08-04,2031,6,17,false,六月,十七,辛亥,豬,
2031-08-05,2031,6,18,false,六月,十八,辛亥,豬,
2031-08-06,2031,6,19,false,六月,十九,辛亥,豬,
2031-08-07,2031,6,20,false,六月,二十,辛亥,豬,
2031-08-08,2031,6,21,false,六月,廿一,辛亥,豬,立秋
2031-08-09,2031,6,22,false,六月,廿二,辛亥,豬,
2031-08-10,2031,6,23,false,六月,廿三,辛亥,豬,
2031-08-11,2031,6,24,false,六月,廿四,辛亥,豬,
2031-08-12,2031,6,25,false,六月,廿五,辛亥,豬,
2031-08-13,2031,6,26,false,六月,廿六,辛亥,豬,
2031-08-14,2031,6,27,false,六月,廿七,辛亥,豬,
2031-08-15,2031,6,28,false,六月,廿八,辛亥,豬,
2031-08-16,2031,6,29,false,六月,廿九,辛亥,豬,
2031-08-17,2031,6,30,false,六月,三十,辛亥,豬,
2031-08-18,2031,7,1,false,七月,初一,辛亥,豬,
2031-08-19,2031,7,2,false,七月,初二,辛亥,豬,
2031-08-20,2031,7,3,false,七月,初三,辛亥,豬,
2031-08-21,2031,7,4,false,七月,初四,辛亥,豬,
2031-08-22,2031,7,5,false,七月,初五,辛亥,豬,
2031-08-23,2031,7,6,false,七月,初六,辛亥,豬,處暑
2031-08-24,2031,7,7,false,七月,初七,辛亥,豬,
2031-08-25,2031,7,8,false,七月,初八,辛亥,豬,
2031-08-26,2031,7,9,false,七月,初九,辛亥,豬,
2031-08-27,2031,7,10,false,七月,初十,辛亥,豬,
2031-08-28,2031,7,11,false,七月,十一,辛亥,豬,
2031-08-29,2031,7,12,false,七月,十二,辛亥,豬,
2031-08-30,2031,7,13,false,七月,十三,辛亥,豬,
2031-08-31,2031,7,14,false,七月,十四,辛亥,豬,
2031-09-01,2031,7,15,false,七月,十五,辛亥,豬,
2031-09-02,2031,7,16,false,七月,十六,辛亥,豬,
2031-09-03,2031,7,17,false,七月,十七,辛亥,豬,
2031-09-04,2031,7,18,false,七月,十八,辛亥,豬,
2031-09-05,2031,7,19,false,七月,十九,辛亥,豬,
2031-09-06,2031,7,20,false,七月,二十,辛亥,豬,
2031-09-07,2031,7,21,false,七月,廿一,辛亥,豬,
2031-09-08,2031,7,22,false,七月,廿二,辛亥,豬,白露
2031-09-09,2031,7,23,false,七月,廿三,辛亥,豬,
2031-09-10,2031,7,24,false,七月,廿四,辛亥,豬,
2031-09-11,2031,7,25,false,七月,廿五,辛亥,豬,
2031-09-12,2031,7,26,false,七月,廿六,辛亥,豬,
2031-09-13,2031,7,27,false,七月,廿七,辛亥,豬,
2031-09-14,2031,7,28,false,七月,廿八,辛亥,豬,
2031-09-15,2031,7,29,false,七月,廿九,辛亥,豬,
2031-09-16,2031,7,30,false,七月,三十,辛亥,豬,
2031-09-17,2031,8,1,false,八月,初一,辛亥,豬,
2031-09-18,2031,8,2,false,八月,初二,辛亥,豬,
2031-09-19,2031,8,3,false,八月,初三,辛亥,豬,
2031-09-20,2031,8,4,false,八月,初四,辛亥,豬,
2031-09-21,2031,8,5,false,八月,初五,辛亥,豬,
2031-09-22,2031,8,6,false,八月,初六,辛亥,豬,
2031-09-23,2031,8,7,false,八月,初七,辛亥,豬,秋分
2031-09-24,2031,8,8,false,八月,初八,辛亥,豬,
2031-09-25,2031,8,9,false,八月,初九,辛亥,豬,
2031-09-26,2031,8,10,false,八月,初十,辛亥,豬,
2031-09-27,2031,8,11,false,八月,十一,辛亥,豬,
2031-09-28,2031,8,12,false,八月,十二,辛亥,豬,
2031-09-29,2031,8,13,false,八月,十三,辛亥,豬,
2031-09-30,2031,8,14,false,八月,十四,辛亥,豬,
2031-10-01,2031,8,15,false,八月,十五,辛亥,豬,
2031-10-02,2031,8,16,false,八月,十六,辛亥,豬,
2031-10-03,2031,8,17,false,八月,十七,辛亥,豬,
2031-10-04,2031,8,18,false,八月,十八,辛亥,豬,
2031-10-05,2031,8,19,false,八月,十九,辛亥,豬,
2031-10-06,2031,8,20,false,八月,二十,辛亥,豬,
2031-10-07,2031,8,21,false,八月,廿一,辛亥,豬,
2031-10-08,2031,8,22,false,八月,廿二,辛亥,豬,寒露
2031-10-09,2031,8,23,false,八月,廿三,辛亥,豬,
2031-10-10,2031,8,24,false,八月,廿四,辛亥,豬,
2031-10-11,2031,8,25,false,八月,廿五,辛亥,豬,
2031-10-12,2031,8,26,false,八月,廿六,辛亥,豬,
2031-10-13,2031,8,27,false,八月,廿七,辛亥,豬,
2031-10-14,2031,8,28,false,八月,廿八,辛亥,豬,
2031-10-15,2031,8,29,false,八月,廿九,辛亥,豬,
2031-10-16,2031,9,1,false,九月,初一,辛亥,豬,
2031-10-17,2031,9,2,false,九月,初二,辛亥,豬,
2031-10-18,2031,9,3,false,九月,初三,辛亥,豬,
2031-10-19,2031,9,4,false,九月,初四,辛亥,豬,
2031-10-20,2031,9,5,false,九月,初五,辛亥,豬,
2031-10-21,2031,9,6,false,九月,初六,辛亥,豬,
2031-10-22,2031,9,7,false,九月,初七,辛亥,豬,
2031-10-23,2031,9,8,false,九月,初八,辛亥,豬,霜降
2031-10-24,2031,9,9,false,九月,初九,辛亥,豬,
2031-10-25,2031,9,10,false,九月,初十,辛亥,豬,
2031-10-26,2031,9,11,false,九月,十一,辛亥,豬,
2031-10-27,2031,9,12,false,九月,十二,辛亥,豬,
2031-10-28,2031,9,13,false,九月,十三,辛亥,豬,
2031-10-29,2031,9,14,false,九月,十四,辛亥,豬,
2031-10-30,2031,9,15,false,九月,十五,辛亥,豬,
2031-10-31,2031,9,16,false,九月,十六,辛亥,豬,
2031-11-01,2031,9,17,false,九月,十七,辛亥,豬,
2031-11-02,2031,9,18,false,九月,十八,辛亥,豬,
2031-11-03,2031,9,19,false,九月,十九,辛亥,豬,
2031-11-04,2031,9,20,false,九月,二十,辛亥,豬,
2031-11-05,2031,9,21,false,九月,廿一,辛亥,豬,
2031-11-06,2031,9,22,false,九月,廿二,辛亥,豬,
2031-11-07,2031,9,23,false,九月,廿三,辛亥,豬,立冬
2031-11-08,2031,9,24,false,九月,廿四,辛亥,豬,
2031-11-09,2031,9,25,false,九月,廿五,辛亥,豬,
2031-11-10,2031,9,26,false,九月,廿六,辛亥,豬,
2031-11-11,2031,9,27,false,九月,廿七,辛亥,豬,
2031-11-12,2031,9,28,false,九月,廿八,辛亥,豬,
2031-11-13,2031,9,29,false,九月,廿九,辛亥,豬,
2031-11-14,2031,9,30,false,九月,三十,辛亥,豬,
2031-11-15,2031,10,1,false,十月,初一,辛亥,豬,
2031-11-16,2031,10,2,false,十月,初二,辛亥,豬,
2031-11-17,2031,10,3,false,十月,初三,辛亥,豬,
2031-11-18,2031,10,4,false,十月,初四,辛亥,豬,
2031-11-19,2031,10,5,false,十月,初五,辛亥,豬,
2031-11-20,2031,10,6,false,十月,初六,辛亥,豬,
2031-11-21,2031,10,7,false,十月,初七,辛亥,豬,
2031-11-22,2031,10,8,false,十月,初八,辛亥,豬,小雪
2031-11-23,2031,10,9,false,十月,初九,辛亥,豬,
2031-11-24,2031,10,10,false,十月,初十,辛亥,豬,
2031-11-25,2031,10,11,false,十月,十一,辛亥,豬,
2031-11-26,2031,10,12,false,十月,十二,辛亥,豬,
2031-11-27,2031,10,13,false,十月,十三,辛亥,豬,
2031-11-28,2031,10,14,false,十月,十四,辛亥,豬,
2031-11-29,2031,10,15,false,十月,十五,辛亥,豬,
2031-11-30,2031,10,16,false,十月,十六,辛亥,豬,
2031-12-01,2031,10,17,false,十月,十七,辛亥,豬,
2031-12-02,2031,10,18,false,十月,十八,辛亥,豬,
2031-12-03,2031,10,19,false,十月,十九,辛亥,豬,
2031-12-04,2031,10,20,false,十月,二十,辛亥,豬,
2031-12-05,2031,10,21,false,十月,廿一,辛亥,豬,
2031-12-06,2031,10,22,false,十月,廿二,辛亥,豬,
2031-12-07,2031,10,23,false,十月,廿三,辛亥,豬,大雪
2031-12-08,2031,10,24,false,十月,廿四,辛亥,豬,
2031-12-09,2031,10,25,false,十月,廿五,辛亥,豬,
2031-12-10,2031,10,26,false,十月,廿六,辛亥,豬,
2031-12-11,2031,10,27,false,十月,廿七,辛亥,豬,
2031-12-12,2031,10,28,false,十月,廿八,辛亥,豬,
2031-12-13,2031,10,29,false,十月,廿九,辛亥,豬,
2031-12-14,2031,11,1,false,十一月,初一,辛亥,豬,
2031-12-15,2031,11,2,false,十一月,初二,辛亥,豬,
2031-12-16,2031,11,3,false,十一月,初三,辛亥,豬,
2031-12-17,2031,11,4,false,十一月,初四,辛亥,豬,
2031-12-18,2031,11,5,false,十一月,初五,辛亥,豬,
2031-12-19,2031,11,6,false,十一月,初六,辛亥,豬,
2031-12-20,2031,11,7,false,十一月,初七,辛亥,豬,
2031-12-21,2031,11,8,false,十一月,初八,辛亥,豬,
2031-12-22,2031,11,9,false,十一月,初九,辛亥,豬,冬至
2031-12-23,2031,11,10,false,十一月,初十,辛亥,豬,
2031-12-24,2031,11,11,false,十一月,十一,辛亥,豬,
2031-12-25,2031,11,12,false,十一月,十二,辛亥,豬,
2031-12-26,2031,11,13,false,十一月,十三,辛亥,豬,
2031-12-27,2031,11,14,false,十一月,十四,辛亥,豬,
2031-12-28,2031,11,15,false,十一月,十五,辛亥,豬,
2031-12-29,2031,11,16,false,十一月,十六,辛亥,豬,
2031-12-30,2031,11,17,false,十一月,十七,辛亥,豬,
2031-12-31,2031,11,18,false,十一月,十八,辛亥,豬,
2032-01-01,2031,11,19,false,十一月,十九,辛亥,豬,
2032-01-02,2031,11,20,false,十一月,二十,辛亥,豬,
2032-01-03,2031,11,21,false,十一月,廿一,辛亥,豬,
2032-01-04,2031,11,22,false,十一月,廿二,辛亥,豬,
2032-01-05,2031,11,23,false,十一月,廿三,辛亥,豬,
2032-01-06,2031,11,24,false,十一月,廿四,辛亥,豬,小寒
2032-01-07,2031,11,25,false,十一月,廿五,辛亥,豬,
2032-01-08,2031,11,26,false,十一月,廿六,辛亥,豬,
2032-01-09,2031,11,27,false,十一月,廿七,辛亥,豬,
2032-01-10,2031,11,28,false,十一月,廿八,辛亥,豬,
2032-01-11,2031,11,29,false,十一月,廿九,辛亥,豬,
2032-01-12,2031,11,30,false,十一月,三十,辛亥,豬,
2032-01-13,2031,12,1,false,十二月,初一,辛亥,豬,
2032-01-14,2031,12,2,false,十二月,初二,辛亥,豬,
2032-01-15,2031,12,3,false,十二月,初三,辛亥,豬,
2032-01-16,2031,12,4,false,十二月,初四,辛亥,豬,
2032-01-17,2031,12,5,false,十二月,初五,辛亥,豬,
2032-01-18,2031,12,6,false,十二月,初六,辛亥,豬,
2032-01-19,2031,12,7,false,十二月,初七,辛亥,豬,
2032-01-20,2031,12,8,false,十二月,初八,辛亥,豬,大寒
2032-01-21,2031,12,9,false,十二月,初九,辛亥,豬,
2032-01-22,2031,12,10,false,十二月,初十,辛亥,豬,
2032-01-23,2031,12,11,false,十二月,十一,辛亥,豬,
2032-01-24,2031,12,12,false,十二月,十二,辛亥,豬,
2032-01-25,2031,12,13,false,十二月,十三,辛亥,豬,
2032-01-26,2031,12,14,false,十二月,十四,辛亥,豬,
2032-01-27,2031,12,15,false,十二月,十五,辛亥,豬,
2032-01-28,2031,12,16,false,十二月,十六,辛亥,豬,
2032-01-29,2031,12,17,false,十二月,十七,辛亥,豬,
2032-01-30,2031,12,18,false,十二月,十八,辛亥,豬,
2032-01-31,2031,12,19,false,十二月,十九,辛亥,豬,
2032-02-01,2031,12,20,false,十二月,二十,辛亥,豬,
2032-02-02,2031,12,21,false,十二月,廿一,辛亥,豬,
2032-02-03,2031,12,22,false,十二月,廿二,辛亥,豬,
2032-02-04,2031,12,23,false,十二月,廿三,辛亥,豬,立春
2032-02-05,2031,12,24,false,十二月,廿四,辛亥,豬,
2032-02-06,2031,12,25,false,十二月,廿五,辛亥,豬,
2032-02-07,2031,12,26,false,十二月,廿六,辛亥,豬,
2032-02-08,2031,12,27,false,十二月,廿七,辛亥,豬,
2032-02-09,2031,12,28,false,十二月,廿八,辛亥,豬,
2032-02-10,2031,12,29,false,十二月,廿九,辛亥,豬,
2032-02-11,2032,1,1,false,一月,初一,壬子,鼠,
2032-02-12,2032,1,2,false,一月,初二,壬子,鼠,
2032-02-13,2032,1,3,false,一月,初三,壬子,鼠,
2032-02-14,2032,1,4,false,一月,初四,壬子,鼠,
2032-02-15,2032,1,5,false,一月,初五,壬子,鼠,
2032-02-16,2032,1,6,false,一月,初六,壬子,鼠,
2032-02-17,2032,1,7,false,一月,初七,壬子,鼠,
2032-02-18,2032,1,8,false,一月,初八,壬子,鼠,
2032-02-19,2032,1,9,false,一月,初九,壬子,鼠,雨水
2032-02-20,2032,1,10,false,一月,初十,壬子,鼠,
2032-02-21,2032,1,11,false,一月,十一,壬子,鼠,
2032-02-22,2032,1,12,false,一月,十二,壬子,鼠,
2032-02-23,2032,1,13,false,一月,十三,壬子,鼠,
2032-02-24,2032,1,14,false,一月,十四,壬子,鼠,
2032-02-25,2032,1,15,false,一月,十五,壬子,鼠,
2032-02-26,2032,1,16,false,一月,十六,壬子,鼠,
2032-02-27,2032,1,17,false,一月,十七,壬子,鼠,
2032-02-28,2032,1,18,false,一月,十八,壬子,鼠,
2032-02-29,2032,1,19,false,一月,十九,壬子,鼠,
2032-03-01,2032,1,20,false,一月,二十,壬子,鼠,
2032-03-02,2032,1,21,false,一月,廿一,壬子,鼠,
2032-03-03,2032,1,22,false,一月,廿二,壬子,鼠,
2032-03-04,2032,1,23,false,一月,廿三,壬子,鼠,
2032-03-05,2032,1,24,false,一月,廿四,壬子,鼠,驚蟄
2032-03-06,2032,1,25,false,一月,廿五,壬子,鼠,
2032-03-07,2032,1,26,false,一月,廿六,壬子,鼠,
2032-03-08,2032,1,27,false,一月,廿七,壬子,鼠,
2032-03-09,2032,1,28,false,一月,廿八,壬子,鼠,
2032-03-10,2032,1,29,false,一月,廿九,壬子,鼠,
2032-03-11,2032,1,30,false,一月,三十,壬子,鼠,
2032-03-12,2032,2,1,false,二月,初一,壬子,鼠,
2032-03-13,2032,2,2,false,二月,初二,壬子,鼠,
2032-03-14,2032,2,3,false,二月,初三,壬子,鼠,
2032-03-15,2032,2,4,false,二月,初四,壬子,鼠,
2032-03-16,2032,2,5,false,二月,初五,壬子,鼠,
2032-03-17,2032,2,6,false,二月,初六,壬子,鼠,
2032-03-18,2032,2,7,false,二月,初七,壬子,鼠,
2032-03-19,2032,2,8,false,二月,初八,壬子,鼠,
2032-03-20,2032,2,9,false,二月,初九,壬子,鼠,春分
2032-03-21,2032,2,10,false,二月,初十,壬子,鼠,
2032-03-22,2032,2,11,false,二月,十一,壬子,鼠,
2032-03-23,2032,2,12,false,二月,十二,壬子,鼠,
2032-03-24,2032,2,13,false,二月,十三,壬子,鼠,
2032-03-25,2032,2,14,false,二月,十四,壬子,鼠,
2032-03-26,2032,2,15,false,二月,十五,壬子,鼠,
2032-03-27,2032,2,16,false,二月,十六,壬子,鼠,
2032-03-28,2032,2,17,false,二月,十七,壬子,鼠,
2032-03-29,2032,2,18,false,二月,十八,壬子,鼠,
2032-03-30,2032,2,19,false,二月,十九,壬子,鼠,
2032-03-31,2032,2,20,false,二月,二十,壬子,鼠,
2032-04-01,2032,2,21,false,二月,廿一,壬子,鼠,
2032-04-02,2032,2,22,false,二月,廿二,壬子,鼠,
2032-04-03,2032,2,23,false,二月,廿三,壬子,鼠,
2032-04-04,2032,2,24,false,二月,廿四,壬子,鼠,清明
2032-04-05,2032,2,25,false,二月,廿五,壬子,鼠,
2032-04-06,2032,2,26,false,二月,廿六,壬子,鼠,
2032-04-07,2032,2,27,false,二月,廿七,壬子,鼠,
2032-04-08,2032,2,28,false,二月,廿八,壬子,鼠,
2032-04-09,2032,2,29,false,二月,廿九,壬子,鼠,
2032-04-10,2032,3,1,false,三月,初一,壬子,鼠,
2032-04-11,2032,3,2,false,三月,初二,壬子,鼠,
2032-04-12,2032,3,3,false,三月,初三,壬子,鼠,
2032-04-13,2032,3,4,false,三月,初四,壬子,鼠,
2032-04-14,2032,3,5,false,三月,初五,壬子,鼠,
2032-04-15,2032,3,6,false,三月,初六,壬子,鼠,
2032-04-16,2032,3,7,false,三月,初七,壬子,鼠,
2032-04-17,2032,3,8,false,三月,初八,壬子,鼠,
2032-04-18,2032,3,9,false,三月,初九,壬子,鼠,
2032-04-19,2032,3,10,false,三月,初十,壬子,鼠,穀雨
2032-04-20,2032,3,11,false,三月,十一,壬子,鼠,
2032-04-21,2032,3,12,false,三月,十二,壬子,鼠,
2032-04-22,2032,3,13,false,三月,十三,壬子,鼠,
2032-04-23,2032,3,14,false,三月,十四,壬子,鼠,
2032-04-24,2032,3,15,false,三月,十五,壬子,鼠,
2032-04-25,2032,3,16,false,三月,十六,壬子,鼠,
2032-04-26,2032,3,17,false,三月,十七,壬子,鼠,
2032-04-27,2032,3,18,false,三月,十八,壬子,鼠,
2032-04-28,2032,3,19,false,三月,十九,壬子,鼠,
2032-04-29,2032,3,20,false,三月,二十,壬子,鼠,
2032-04-30,2032,3,21,false,三月,廿一,壬子,鼠,
2032-05-01,2032,3,22,false,三月,廿二,壬子,鼠,
2032-05-02,2032,3,23,false,三月,廿三,壬子,鼠,
2032-05-03,2032,3,24,false,三月,廿四,壬子,鼠,
2032-05-04,2032,3,25,false,三月,廿五,壬子,鼠,
2032-05-05,2032,3,26,false,三月,廿六,壬子,鼠,立夏
2032-05-06,2032,3,27,false,三月,廿七,壬子,鼠,
2032-05-07,2032,3,28,false,三月,廿八,壬子,鼠,
2032-05-08,2032,3,29,false,三月,廿九,壬子,鼠,
2032-05-09,2032,4,1,false,四月,初一,壬子,鼠,
2032-05-10,2032,4,2,false,四月,初二,壬子,鼠,
2032-05-11,2032,4,3,false,四月,初三,壬子,鼠,
2032-05-12,2032,4,4,false,四月,初四,壬子,鼠,
2032-05-13,2032,4,5,false,四月,初五,壬子,鼠,
2032-05-14,2032,4,6,false,四月,初六,壬子,鼠,
2032-05-15,2032,4,7,false,四月,初七,壬子,鼠,
2032-05-16,2032,4,8,false,四月,初八,壬子,鼠,
2032-05-17,2032,4,9,false,四月,初九,壬子,鼠,
2032-05-18,2032,4,10,false,四月,初十,壬子,鼠,
2032-05-19,2032,4,11,false,四月,十一,壬子,鼠,
2032-05-20,2032,4,12,false,四月,十二,壬子,鼠,小滿
2032-05-21,2032,4,13,false,四月,十三,壬子,鼠,
2032-05-22,2032,4,14,false,四月,十四,壬子,鼠,
2032-05-23,2032,4,15,false,四月,十五,壬子,鼠,
2032-05-24,2032,4,16,false,四月,十六,壬子,鼠,
2032-05-25,2032,4,17,false,四月,十七,壬子,鼠,
2032-05-26,2032,4,18,false,四月,十八,壬子,鼠,
2032-05-27,2032,4,19,false,四月,十九,壬子,鼠,
2032-05-28,2032,4,20,false,四月,二十,壬子,鼠,
2032-05-29,2032,4,21,false,四月,廿一,壬子,鼠,
2032-05-30,2032,4,22,false,四月,廿二,壬子,鼠,
2032-05-31,2032,4,23,false,四月,廿三,壬子,鼠,
2032-06-01,2032,4,24,false,四月,廿四,壬子,鼠,
2032-06-02,2032,4,25,false,四月,廿五,壬子,鼠,
2032-06-03,2032,4,26,false,四月,廿六,壬子,鼠,
2032-06-04,2032,4,27,false,四月,廿七,壬子,鼠,
2032-06-05,2032,4,28,false,四月,廿八,壬子,鼠,芒種
2032-06-06,2032,4,29,false,四月,廿九,壬子,鼠,
2032-06-07,2032,4,30,false,四月,三十,壬子,鼠,
2032-06-08,2032,5,1,false,五月,初一,壬子,鼠,
2032-06-09,2032,5,2,false,五月,初二,壬子,鼠,
2032-06-10,2032,5,3,false,五月,初三,壬子,鼠,
2032-06-11,2032,5,4,false,五月,初四,壬子,鼠,
2032-06-12,2032,5,5,false,五月,初五,壬子,鼠,
2032-06-13,2032,5,6,false,五月,初六,壬子,鼠,
2032-06-14,2032,5,7,false,五月,初七,壬子,鼠,
2032-06-15,2032,5,8,false,五月,初八,壬子,鼠,
2032-06-16,2032,5,9,false,五月,初九,壬子,鼠,
2032-06-17,2032,5,10,false,五月,初十,壬子,鼠,
2032-06-18,2032,5,11,false,五月,十一,壬子,鼠,
2032-06-19,2032,5,12,false,五月,十二,壬子,鼠,
2032-06-20,2032,5,13,false,五月,十三,壬子,鼠,
2032-06-21,2032,5,14,false,五月,十四,壬子,鼠,夏至
2032-06-22,2032,5,15,false,五月,十五,壬子,鼠,
2032-06-23,2032,5,16,false,五月,十六,壬子,鼠,
2032-06-24,2032,5,17,false,五月,十七,壬子,鼠,
2032-06-25,2032,5,18,false,五月,十八,壬子,鼠,
2032-06-26,2032,5,19,false,五月,十九,壬子,鼠,
2032-06-27,2032,5,20,false,五月,二十,壬子,鼠,
2032-06-28,2032,5,21,false,五月,廿一,壬子,鼠,
2032-06-29,2032,5,22,false,五月,廿二,壬子,鼠,
2032-06-30,2032,5,23,false,五月,廿三,壬子,鼠,
2032-07-01,2032,5,24,false,五月,廿四,壬子,鼠,
2032-07-02,2032,5,25,false,五月,廿五,壬子,鼠,
2032-07-03,2032,5,26,false,五月,廿六,壬子,鼠,
2032-07-04,2032,5,27,false,五月,廿七,壬子,鼠,
2032-07-05,2032,5,28,false,五月,廿八,壬子,鼠,
2032-07-06,2032,5,29,false,五月,廿九,壬子,鼠,小暑
2032-07-07,2032,6,1,false,六月,初一,壬子,鼠,
2032-07-08,2032,6,2,false,六月,初二,壬子,鼠,
2032-07-09,2032,6,3,false,六月,初三,壬子,鼠,
2032-07-10,2032,6,4,false,六月,初四,壬子,鼠,
2032-07-11,2032,6,5,false,六月,初五,壬子,鼠,
2032-07-12,2032,6,6,false,六月,初六,壬子,鼠,
2032-07-13,2032,6,7,false,六月,初七,壬子,鼠,
2032-07-14,2032,6,8,false,六月,初八,壬子,鼠,
2032-07-15,2032,6,9,false,六月,初九,壬子,鼠,
2032-07-16,2032,6,10,false,六月,初十,壬子,鼠,
2032-07-17,2032,6,11,false,六月,十一,壬子,鼠,
2032-07-18,2032,6,12,false,六月,十二,壬子,鼠,
2032-07-19,2032,6,13,false,六月,十三,壬子,鼠,
2032-07-20,2032,6,14,false,六月,十四,壬子,鼠,
2032-07-21,2032,6,15,false,六月,十五,壬子,鼠,
2032-07-22,2032,6,16,false,六月,十六,壬子,鼠,大暑
2032-07-23,2032,6,17,false,六月,十七,壬子,鼠,
2032-07-24,2032,6,18,false,六月,十八,壬子,鼠,
2032-07-25,2032,6,19,false,六月,十九,壬子,鼠,
2032-07-26,2032,6,20,false,六月,二十,壬子,鼠,
2032-07-27,2032,6,21,false,六月,廿一,壬子,鼠,
2032-07-28,2032,6,22,false,六月,廿二,壬子,鼠,
2032-07-29,2032,6,23,false,六月,廿三,壬子,鼠,
2032-07-30,2032,6,24,false,六月,廿四,壬子,鼠,
2032-07-31,2032,6,25,false,六月,廿五,壬子,鼠,
2032-08-01,2032,6,26,false,六月,廿六,壬子,鼠,
2032-08-02,2032,6,27,false,六月,廿七,壬子,鼠,
2032-08-03,2032,6,28,false,六月,廿八,壬子,鼠,
2032-08-04,2032,6,29,false,六月,廿九,壬子,鼠,
2032-08-05,2032,6,30,false,六月,三十,壬子,鼠,
2032-08-06,2032,7,1,false,七月,初一,壬子,鼠,
2032-08-07,2032,7,2,false,七月,初二,壬子,鼠,立秋
2032-08-08,2032,7,3,false,七月,初三,壬子,鼠,
2032-08-09,2032,7,4,false,七月,初四,壬子,鼠,
2032-08-10,2032,7,5,false,七月,初五,壬子,鼠,
2032-08-11,2032,7,6,false,七月,初六,壬子,鼠,
2032-08-12,2032,7,7,false,七月,初七,壬子,鼠,
2032-08-13,2032,7,8,false,七月,初八,壬子,鼠,
2032-08-14,2032,7,9,false,七月,初九,壬子,鼠,
2032-08-15,2032,7,10,false,七月,初十,壬子,鼠,
2032-08-16,2032,7,11,false,七月,十一,壬子,鼠,
2032-08-17,2032,7,12,false,七月,十二,壬子,鼠,
2032-08-18,2032,7,13,false,七月,十三,壬子,鼠,
2032-08-19,2032,7,14,false,七月,十四,壬子,鼠,
2032-08-20,2032,7,15,false,七月,十五,壬子,鼠,
2032-08-21,2032,7,16,false,七月,十六,壬子,鼠,
2032-08-22,2032,7,17,false,七月,十七,壬子,鼠,處暑
2032-08-23,2032,7,18,false,七月,十八,壬子,鼠,
2032-08-24,2032,7,19,false,七月,十九,壬子,鼠,
2032-08-25,2032,7,20,false,七月,二十,壬子,鼠,
2032-08-26,2032,7,21,false,七月,廿一,壬子,鼠,
2032-08-27,2032,7,22,false,七月,廿二,壬子,鼠,
2032-08-28,2032,7,23,false,七月,廿三,壬子,鼠,
2032-08-29,2032,7,24,false,七月,廿四,壬子,鼠,
2032-08-30,2032,7,25,false,七月,廿五,壬子,鼠,
2032-08-31,2032,7,26,false,七月,廿六,壬子,鼠,
2032-09-01,2032,7,27,false,七月,廿七,壬子,鼠,
2032-09-02,2032,7,28,false,七月,廿八,壬子,鼠,
2032-09-03,2032,7,29,false,七月,廿九,壬子,鼠,
2032-09-04,2032,7,30,false,七月,三十,壬子,鼠,
2032-09-05,2032,8,1,false,八月,初一,壬子,鼠,
2032-09-06,2032,8,2,false,八月,初二,壬子,鼠,
2032-09-07,2032,8,3,false,八月,初三,壬子,鼠,白露
2032-09-08,2032,8,4,false,八月,初四,壬子,鼠,
2032-09-09,2032,8,5,false,八月,初五,壬子,鼠,
2032-09-10,2032,8,6,false,八月,初六,壬子,鼠,
2032-09-11,2032,8,7,false,八月,初七,壬子,鼠,
2032-09-12,2032,8,8,false,八月,初八,壬子,鼠,
2032-09-13,2032,8,9,false,八月,初九,壬子,鼠,
2032-09-14,2032,8,10,false,八月,初十,壬子,鼠,
2032-09-15,2032,8,11,false,八月,十一,壬子,鼠,
2032-09-16,2032,8,12,false,八月,十二,壬子,鼠,
2032-09-17,2032,8,13,false,八月,十三,壬子,鼠,
2032-09-18,2032,8,14,false,八月,十四,壬子,鼠,
2032-09-19,2032,8,15,false,八月,十五,壬子,鼠,
2032-09-20,2032,8,16,false,八月,十六,壬子,鼠,
2032-09-21,2032,8,17,false,八月,十七,壬子,鼠,
2032-09-22,2032,8,18,false,八月,十八,壬子,鼠,秋分
2032-09-23,2032,8,19,false,八月,十九,壬子,鼠,
2032-09-24,2032,8,20,false,八月,二十,壬子,鼠,
2032-09-25,2032,8,21,false,八月,廿一,壬子,鼠,
2032-09-26,2032,8,22,false,八月,廿二,壬子,鼠,
2032-09-27,2032,8,23,false,八月,廿三,壬子,鼠,
2032-09-28,2032,8,24,false,八月,廿四,壬子,鼠,
2032-09-29,2032,8,25,false,八月,廿五,壬子,鼠,
2032-09-30,2032,8,26,false,八月,廿六,壬子,鼠,
2032-10-01,2032,8,27,false,八月,廿七,壬子,鼠,
2032-10-02,2032,8,28,false,八月,廿八,壬子,鼠,
2032-10-03,2032,8,29,false,八月,廿九,壬子,鼠,
2032-10-04,2032,9,1,false,九月,初一,壬子,鼠,
2032-10-05,2032,9,2,false,九月,初二,壬子,鼠,
2032-10-06,2032,9,3,false,九月,初三,壬子,鼠,
2032-10-07,2032,9,4,false,九月,初四,壬子,鼠,
2032-10-08,2032,9,5,false,九月,初五,壬子,鼠,寒露
2032-10-09,2032,9,6,false,九月,初六,壬子,鼠,
2032-10-10,2032,9,7,false,九月,初七,壬子,鼠,
2032-10-11,2032,9,8,false,九月,初八,壬子,鼠,
2032-10-12,2032,9,9,false,九月,初九,壬子,鼠,
2032-10-13,2032,9,10,false,九月,初十,壬子,鼠,
2032-10-14,2032,9,11,false,九月,十一,壬子,鼠,
2032-10-15,2032,9,12,false,九月,十二,壬子,鼠,
2032-10-16,2032,9,13,false,九月,十三,壬子,鼠,
2032-10-17,2032,9,14,false,九月,十四,壬子,鼠,
2032-10-18,2032,9,15,false,九月,十五,壬子,鼠,
2032-10-19,2032,9,16,false,九月,十六,壬子,鼠,
2032-10-20,2032,9,17,false,九月,十七,壬子,鼠,
2032-10-21,2032,9,18,false,九月,十八,壬子,鼠,
2032-10-22,2032,9,19,false,九月,十九,壬子,鼠,
2032-10-23,2032,9,20,false,九月,二十,壬子,鼠,霜降
2032-10-24,2032,9,21,false,九月,廿一,壬子,鼠,
2032-10-25,2032,9,22,false,九月,廿二,壬子,鼠,
2032-10-26,2032,9,23,false,九月,廿三,壬子,鼠,
2032-10-27,2032,9,24,false,九月,廿四,壬子,鼠,
2032-10-28,2032,9,25,false,九月,廿五,壬子,鼠,
2032-10-29,2032,9,26,false,九月,廿六,壬子,鼠,
2032-10-30,2032,9,27,false,九月,廿七,壬子,鼠,
2032-10-31,2032,9,28,false,九月,廿八,壬子,鼠,
2032-11-01,2032,9,29,false,九月,廿九,壬子,鼠,
2032-11-02,2032,9,30,false,九月,三十,壬子,鼠,
2032-11-03,2032,10,1,false,十月,初一,壬子,鼠,
2032-11-04,2032,10,2,false,十月,初二,壬子,鼠,
2032-11-05,2032,10,3,false,十月,初三,壬子,鼠,
2032-11-06,2032,10,4,false,十月,初四,壬子,鼠,
2032-11-07,2032,10,5,false,十月,初五,壬子,鼠,立冬
2032-11-08,2032,10,6,false,十月,初六,壬子,鼠,
2032-11-09,2032,10,7,false,十月,初七,壬子,鼠,
2032-11-10,2032,10,8,false,十月,初八,壬子,鼠,
2032-11-11,2032,10,9,false,十月,初九,壬子,鼠,
2032-11-12,2032,10,10,false,十月,初十,壬子,鼠,
2032-11-13,2032,10,11,false,十月,十一,壬子,鼠,
2032-11-14,2032,10,12,false,十月,十二,壬子,鼠,
2032-11-15,2032,10,13,false,十月,十三,壬子,鼠,
2032-11-16,2032,10,14,false,十月,十四,壬子,鼠,
2032-11-17,2032,10,15,false,十月,十五,壬子,鼠,
2032-11-18,2032,10,16,false,十月,十六,壬子,鼠,
2032-11-19,2032,10,17,false,十月,十七,壬子,鼠,
2032-11-20,2032,10,18,false,十月,十八,壬子,鼠,
2032-11-21,2032,10,19,false,十月,十九,壬子,鼠,
2032-11-22,2032,10,20,false,十月,二十,壬子,鼠,小雪
2032-11-23,2032,10,21,false,十月,廿一,壬子,鼠,
2032-11-24,2032,10,22,false,十月,廿二,壬子,鼠,
2032-11-25,2032,10,23,false,十月,廿三,壬子,鼠,
2032-11-26,2032,10,24,false,十月,廿四,壬子,鼠,
2032-11-27,2032,10,25,false,十月,廿五,壬子,鼠,
2032-11-28,2032,10,26,false,十月,廿六,壬子,鼠,
2032-11-29,2032,10,27,false,十月,廿七,壬子,鼠,
2032-11-30,2032,10,28,false,十月,廿八,壬子,鼠,
2032-12-01,2032,10,29,false,十月,廿九,壬子,鼠,
2032-12-02,2032,10,30,false,十月,三十,壬子,鼠,
2032-12-03,2032,11,1,false,十一月,初一,壬子,鼠,
2032-12-04,2032,11,2,false,十一月,初二,壬子,鼠,
2032-12-05,2032,11,3,false,十一月,初三,壬子,鼠,
2032-12-06,2032,11,4,false,十一月,初四,壬子,鼠,大雪
2032-12-07,2032,11,5,false,十一月,初五,壬子,鼠,
2032-12-08,2032,11,6,false,十一月,初六,壬子,鼠,
2032-12-09,2032,11,7,false,十一月,初七,壬子,鼠,
2032-12-10,2032,11,8,false,十一月,初八,壬子,鼠,
2032-12-11,2032,11,9,false,十一月,初九,壬子,鼠,
2032-12-12,2032,11,10,false,十一月,初十,壬子,鼠,
2032-12-13,2032,11,11,false,十一月,十一,壬子,鼠,
2032-12-14,2032,11,12,false,十一月,十二,壬子,鼠,
2032-12-15,2032,11,13,false,十一月,十三,壬子,鼠,
2032-12-16,2032,11,14,false,十一月,十四,壬子,鼠,
2032-12-17,2032,11,15,false,十一月,十五,壬子,鼠,
2032-12-18,2032,11,16,false,十一月,十六,壬子,鼠,
2032-12-19,2032,11,17,false,十一月,十七,壬子,鼠,
2032-12-20,2032,11,18,false,十一月,十八,壬子,鼠,
2032-12-21,2032,11,19,false,十一月,十九,壬子,鼠,冬至
2032-12-22,2032,11,20,false,十一月,二十,壬子,鼠,
2032-12-23,2032,11,21,false,十一月,廿一,壬子,鼠,
2032-12-24,2032,11,22,false,十一月,廿二,壬子,鼠,
2032-12-25,2032,11,23,false,十一月,廿三,壬子,鼠,
2032-12-26,2032,11,24,false,十一月,廿四,壬子,鼠,
2032-12-27,2032,11,25,false,十一月,廿五,壬子,鼠,
2032-12-28,2032,11,26,false,十一月,廿六,壬子,鼠,
2032-12-29,2032,11,27,false,十一月,廿七,壬子,鼠,
2032-12-30,2032,11,28,false,十一月,廿八,壬子,鼠,
2032-12-31,2032,11,29,false,十一月,廿九,壬子,鼠,
2033-01-01,2032,12,1,false,十二月,初一,壬子,鼠,
2033-01-02,2032,12,2,false,十二月,初二,壬子,鼠,
2033-01-03,2032,12,3,false,十二月,初三,壬子,鼠,
2033-01-04,2032,12,4,false,十二月,初四,壬子,鼠,
2033-01-05,2032,12,5,false,十二月,初五,壬子,鼠,小寒
2033-01-06,2032,12,6,false,十二月,初六,壬子,鼠,
2033-01-07,2032,12,7,false,十二月,初七,壬子,鼠,
2033-01-08,2032,12,8,false,十二月,初八,壬子,鼠,
2033-01-09,2032,12,9,false,十二月,初九,壬子,鼠,
2033-01-10,2032,12,10,false,十二月,初十,壬子,鼠,
2033-01-11,2032,12,11,false,十二月,十一,壬子,鼠,
2033-01-12,2032,12,12,false,十二月,十二,壬子,鼠,
2033-01-13,2032,12,13,false,十二月,十三,壬子,鼠,
2033-01-14,2032,12,14,false,十二月,十四,壬子,鼠,
2033-01-15,2032,12,15,false,十二月,十五,壬子,鼠,
2033-01-16,2032,12,16,false,十二月,十六,壬子,鼠,
2033-01-17,2032,12,17,false,十二月,十七,壬子,鼠,
2033-01-18,2032,12,18,false,十二月,十八,壬子,鼠,
2033-01-19,2032,12,19,false,十二月,十九,壬子,鼠,
2033-01-20,2032,12,20,false,十二月,二十,壬子,鼠,大寒
2033-01-21,2032,12,21,false,十二月,廿一,壬子,鼠,
2033-01-22,2032,12,22,false,十二月,廿二,壬子,鼠,
2033-01-23,2032,12,23,false,十二月,廿三,壬子,鼠,
2033-01-24,2032,12,24,false,十二月,廿四,壬子,鼠,
2033-01-25,2032,12,25,false,十二月,廿五,壬子,鼠,
2033-01-26,2032,12,26,false,十二月,廿六,壬子,鼠,
2033-01-27,2032,12,27,false,十二月,廿七,壬子,鼠,
2033-01-28,2032,12,28,false,十二月,廿八,壬子,鼠,
2033-01-29,2032,12,29,false,十二月,廿九,壬子,鼠,
2033-01-30,2032,12,30,false,十二月,三十,壬子,鼠,
2033-01-31,2033,1,1,false,一月,初一,癸丑,牛,
2033-02-01,2033,1,2,false,一月,初二,癸丑,牛,
2033-02-02,2033,1,3,false,一月,初三,癸丑,牛,
2033-02-03,2033,1,4,false,一月,初四,癸丑,牛,立春
2033-02-04,2033,1,5,false,一月,初五,癸丑,牛,
2033-02-05,2033,1,6,false,一月,初六,癸丑,牛,
2033-02-06,2033,1,7,false,一月,初七,癸丑,牛,
2033-02-07,2033,1,8,false,一月,初八,癸丑,牛,
2033-02-08,2033,1,9,false,一月,初九,癸丑,牛,
2033-02-09,2033,1,10,false,一月,初十,癸丑,牛,
2033-02-10,2033,1,11,false,一月,十一,癸丑,牛,
2033-02-11,2033,1,12,false,一月,十二,癸丑,牛,
2033-02-12,2033,1,13,false,一月,十三,癸丑,牛,
2033-02-13,2033,1,14,false,一月,十四,癸丑,牛,
2033-02-14,2033,1,15,false,一月,十五,癸丑,牛,
2033-02-15,2033,1,16,false,一月,十六,癸丑,牛,
2033-02-16,2033,1,17,false,一月,十七,癸丑,牛,
2033-02-17,2033,1,18,false,一月,十八,癸丑,牛,
2033-02-18,2033,1,19,false,一月,十九,癸丑,牛,雨水
2033-02-19,2033,1,20,false,一月,二十,癸丑,牛,
2033-02-20,2033,1,21,false,一月,廿一,癸丑,牛,
2033-02-21,2033,1,22,false,一月,廿二,癸丑,牛,
2033-02-22,2033,1,23,false,一月,廿三,癸丑,牛,
2033-02-23,2033,1,24,false,一月,廿四,癸丑,牛,
2033-02-24,2033,1,25,false,一月,廿五,癸丑,牛,
2033-02-25,2033,1,26,false,一月,廿六,癸丑,牛,
2033-02-26,2033,1,27,false,一月,廿七,癸丑,牛,
2033-02-27,2033,1,28,false,一月,廿八,癸丑,牛,
2033-02-28,2033,1,29,false,一月,廿九,癸丑,牛,
2033-03-01,2033,2,1,false,二月,初一,癸丑,牛,
2033-03-02,2033,2,2,false,二月,初二,癸丑,牛,
2033-03-03,2033,2,3,false,二月,初三,癸丑,牛,
2033-03-04,2033,2,4,false,二月,初四,癸丑,牛,
2033-03-05,2033,2,5,false,二月,初五,癸丑,牛,驚蟄
2033-03-06,2033,2,6,false,二月,初六,癸丑,牛,
2033-03-07,2033,2,7,false,二月,初七,癸丑,牛,
2033-03-08,2033,2,8,false,二月,初八,癸丑,牛,
2033-03-09,2033,2,9,false,二月,初九,癸丑,牛,
2033-03-10,2033,2,10,false,二月,初十,癸丑,牛,
2033-03-11,2033,2,11,false,二月,十一,癸丑,牛,
2033-03-12,2033,2,12,false,二月,十二,癸丑,牛,
2033-03-13,2033,2,13,false,二月,十三,癸丑,牛,
2033-03-14,2033,2,14,false,二月,十四,癸丑,牛,
2033-03-15,2033,2,15,false,二月,十五,癸丑,牛,
2033-03-16,2033,2,16,false,二月,十六,癸丑,牛,
2033-03-17,2033,2,17,false,二月,十七,癸丑,牛,
2033-03-18,2033,2,18,false,二月,十八,癸丑,牛,
2033-03-19,2033,2,19,false,二月,十九,癸丑,牛,
2033-03-20,2033,2,20,false,二月,二十,癸丑,牛,春分
2033-03-21,2033,2,21,false,二月,廿一,癸丑,牛,
2033-03-22,2033,2,22,false,二月,廿二,癸丑,牛,
2033-03-23,2033,2,23,false,二月,廿三,癸丑,牛,
2033-03-24,2033,2,24,false,二月,廿四,癸丑,牛,
2033-03-25,2033,2,25,false,二月,廿五,癸丑,牛,
2033-03-26,2033,2,26,false,二月,廿六,癸丑,牛,
2033-03-27,2033,2,27,false,二月,廿七,癸丑,牛,
2033-03-28,2033,2,28,false,二月,廿八,癸丑,牛,
2033-03-29,2033,2,29,false,二月,廿九,癸丑,牛,
2033-03-30,2033,2,30,false,二月,三十,癸丑,牛,
2033-03-31,2033,3,1,false,三月,初一,癸丑,牛,
2033-04-01,2033,3,2,false,三月,初二,癸丑,牛,
2033-04-02,2033,3,3,false,三月,初三,癸丑,牛,
2033-04-03,2033,3,4,false,三月,初四,癸丑,牛,
2033-04-04,2033,3,5,false,三月,初五,癸丑,牛,清明
2033-04-05,2033,3,6,false,三月,初六,癸丑,牛,
2033-04-06,2033,3,7,false,三月,初七,癸丑,牛,
2033-04-07,2033,3,8,false,三月,初八,癸丑,牛,
2033-04-08,2033,3,9,false,三月,初九,癸丑,牛,
2033-04-09,2033,3,10,false,三月,初十,癸丑,牛,
2033-04-10,2033,3,11,false,三月,十一,癸丑,牛,
2033-04-11,2033,3,12,false,三月,十二,癸丑,牛,
2033-04-12,2033,3,13,false,三月,十三,癸丑,牛,
2033-04-13,2033,3,14,false,三月,十四,癸丑,牛,
2033-04-14,2033,3,15,false,三月,十五,癸丑,牛,
2033-04-15,2033,3,16,false,三月,十六,癸丑,牛,
2033-04-16,2033,3,17,false,三月,十七,癸丑,牛,
2033-04-17,2033,3,18,false,三月,十八,癸丑,牛,
2033-04-18,2033,3,19,false,三月,十九,癸丑,牛,
2033-04-19,2033,3,20,false,三月,二十,癸丑,牛,
2033-04-20,2033,3,21,false,三月,廿一,癸丑,牛,穀雨
2033-04-21,2033,3,22,false,三月,廿二,癸丑,牛,
2033-04-22,2033,3,23,false,三月,廿三,癸丑,牛,
2033-04-23,2033,3,24,false,三月,廿四,癸丑,牛,
2033-04-24,2033,3,25,false,三月,廿五,癸丑,牛,
2033-04-25,2033,3,26,false,三月,廿六,癸丑,牛,
2033-04-26,2033,3,27,false,三月,廿七,癸丑,牛,
2033-04-27,2033,3,28,false,三月,廿八,癸丑,牛,
2033-04-28,2033,3,29,false,三月,廿九,癸丑,牛,
2033-04-29,2033,4,1,false,四月,初一,癸丑,牛,
2033-04-30,2033,4,2,false,四月,初二,癸丑,牛,
2033-05-01,2033,4,3,false,四月,初三,癸丑,牛,
2033-05-02,2033,4,4,false,四月,初四,癸丑,牛,
2033-05-03,2033,4,5,false,四月,初五,癸丑,牛,
2033-05-04,2033,4,6,false,四月,初六,癸丑,牛,
2033-05-05,2033,4,7,false,四月,初七,癸丑,牛,立夏
2033-05-06,2033,4,8,false,四月,初八,癸丑,牛,
2033-05-07,2033,4,9,false,四月,初九,癸丑,牛,
2033-05-08,2033,4,10,false,四月,初十,癸丑,牛,
2033-05-09,2033,4,11,false,四月,十一,癸丑,牛,
2033-05-10,2033,4,12,false,四月,十二,癸丑,牛,
2033-05-11,2033,4,13,false,四月,十三,癸丑,牛,
2033-05-12,2033,4,14,false,四月,十四,癸丑,牛,
2033-05-13,2033,4,15,false,四月,十五,癸丑,牛,
2033-05-14,2033,4,16,false,四月,十六,癸丑,牛,
2033-05-15,2033,4,17,false,四月,十七,癸丑,牛,
2033-05-16,2033,4,18,false,四月,十八,癸丑,牛,
2033-05-17,2033,4,19,false,四月,十九,癸丑,牛,
2033-05-18,2033,4,20,false,四月,二十,癸丑,牛,
2033-05-19,2033,4,21,false,四月,廿一,癸丑,牛,
2033-05-20,2033,4,22,false,四月,廿二,癸丑,牛,
2033-05-21,2033,4,23,false,四月,廿三,癸丑,牛,小滿
2033-05-22,2033,4,24,false,四月,廿四,癸丑,牛,
2033-05-23,2033,4,25,false,四月,廿五,癸丑,牛,
2033-05-24,2033,4,26,false,四月,廿六,癸丑,牛,
2033-05-25,2033,4,27,false,四月,廿七,癸丑,牛,
2033-05-26,2033,4,28,false,四月,廿八,癸丑,牛,
2033-05-27,2033,4,29,false,四月,廿九,癸丑,牛,
2033-05-28,2033,5,1,false,五月,初一,癸丑,牛,
2033-05-29,2033,5,2,false,五月,初二,癸丑,牛,
2033-05-30,2033,5,3,false,五月,初三,癸丑,牛,
2033-05-31,2033,5,4,false,五月,初四,癸丑,牛,
2033-06-01,2033,5,5,false,五月,初五,癸丑,牛,
2033-06-02,2033,5,6,false,五月,初六,癸丑,牛,
2033-06-03,2033,5,7,false,五月,初七,癸丑,牛,
2033-06-04,2033,5,8,false,五月,初八,癸丑,牛,
2033-06-05,2033,5,9,false,五月,初九,癸丑,牛,芒種
2033-06-06,2033,5,10,false,五月,初十,癸丑,牛,
2033-06-07,2033,5,11,false,五月,十一,癸丑,牛,
2033-06-08,2033,5,12,false,五月,十二,癸丑,牛,
2033-06-09,2033,5,13,false,五月,十三,癸丑,牛,
2033-06-10,2033,5,14,false,五月,十四,癸丑,牛,
2033-06-11,2033,5,15,false,五月,十五,癸丑,牛,
2033-06-12,2033,5,16,false,五月,十六,癸丑,牛,
2033-06-13,2033,5,17,false,五月,十七,癸丑,牛,
2033-06-14,2033,5,18,false,五月,十八,癸丑,牛,
2033-06-15,2033,5,19,false,五月,十九,癸丑,牛,
2033-06-16,2033,5,20,false,五月,二十,癸丑,牛,
2033-06-17,2033,5,21,false,五月,廿一,癸丑,牛,
2033-06-18,2033,5,22,false,五月,廿二,癸丑,牛,
2033-06-19,2033,5,23,false,五月,廿三,癸丑,牛,
2033-06-20,2033,5,24,false,五月,廿四,癸丑,牛,
2033-06-21,2033,5,25,false,五月,廿五,癸丑,牛,夏至
2033-06-22,2033,5,26,false,五月,廿六,癸丑,牛,
2033-06-23,2033,5,27,false,五月,廿七,癸丑,牛,
2033-06-24,2033,5,28,false,五月,廿八,癸丑,牛,
2033-06-25,2033,5,29,false,五月,廿九,癸丑,牛,
2033-06-26,2033,5,30,false,五月,三十,癸丑,牛,
2033-06-27,2033,6,1,false,六月,初一,癸丑,牛,
2033-06-28,2033,6,2,false,六月,初二,癸丑,牛,
2033-06-29,2033,6,3,false,六月,初三,癸丑,牛,
2033-06-30,2033,6,4,false,六月,初四,癸丑,牛,
2033-07-01,2033,6,5,false,六月,初五,癸丑,牛,
2033-07-02,2033,6,6,false,六月,初六,癸丑,牛,
2033-07-03,2033,6,7,false,六月,初七,癸丑,牛,
2033-07-04,2033,6,8,false,六月,初八,癸丑,牛,
2033-07-05,2033,6,9,false,六月,初九,癸丑,牛,
2033-07-06,2033,6,10,false,六月,初十,癸丑,牛,
2033-07-07,2033,6,11,false,六月,十一,癸丑,牛,小暑
2033-07-08,2033,6,12,false,六月,十二,癸丑,牛,
2033-07-09,2033,6,13,false,六月,十三,癸丑,牛,
2033-07-10,2033,6,14,false,六月,十四,癸丑,牛,
2033-07-11,2033,6,15,false,六月,十五,癸丑,牛,
2033-07-12,2033,6,16,false,六月,十六,癸丑,牛,
2033-07-13,2033,6,17,false,六月,十七,癸丑,牛,
2033-07-14,2033,6,18,false,六月,十八,癸丑,牛,
2033-07-15,2033,6,19,false,六月,十九,癸丑,牛,
2033-07-16,2033,6,20,false,六月,二十,癸丑,牛,
2033-07-17,2033,6,21,false,六月,廿一,癸丑,牛,
2033-07-18,2033,6,22,false,六月,廿二,癸丑,牛,
2033-07-19,2033,6,23,false,六月,廿三,癸丑,牛,
2033-07-20,2033,6,24,false,六月,廿四,癸丑,牛,
2033-07-21,2033,6,25,false,六月,廿五,癸丑,牛,
2033-07-22,2033,6,26,false,六月,廿六,癸丑,牛,大暑
2033-07-23,2033,6,27,false,六月,廿七,癸丑,牛,
2033-07-24,2033,6,28,false,六月,廿八,癸丑,牛,
2033-07-25,2033,6,29,false,六月,廿九,癸丑,牛,
2033-07-26,2033,7,1,false,七月,初一,癸丑,牛,
2033-07-27,2033,7,2,false,七月,初二,癸丑,牛,
2033-07-28,2033,7,3,false,七月,初三,癸丑,牛,
2033-07-29,2033,7,4,false,七月,初四,癸丑,牛,
2033-07-30,2033,7,5,false,七月,初五,癸丑,牛,
2033-07-31,2033,7,6,false,七月,初六,癸丑,牛,
2033-08-01,2033,7,7,false,七月,初七,癸丑,牛,
2033-08-02,2033,7,8,false,七月,初八,癸丑,牛,
2033-08-03,2033,7,9,false,七月,初九,癸丑,牛,
2033-08-04,2033,7,10,false,七月,初十,癸丑,牛,
2033-08-05,2033,7,11,false,七月,十一,癸丑,牛,
2033-08-06,2033,7,12,false,七月,十二,癸丑,牛,
2033-08-07,2033,7,13,false,七月,十三,癸丑,牛,立秋
2033-08-08,2033,7,14,false,七月,十四,癸丑,牛,
2033-08-09,2033,7,15,false,七月,十五,癸丑,牛,
2033-08-10,2033,7,16,false,七月,十六,癸丑,牛,
2033-08-11,2033,7,17,false,七月,十七,癸丑,牛,
2033-08-12,2033,7,18,false,七月,十八,癸丑,牛,
2033-08-13,2033,7,19,false,七月,十九,癸丑,牛,
2033-08-14,2033,7,20,false,七月,二十,癸丑,牛,
2033-08-15,2033,7,21,false,七月,廿一,癸丑,牛,
2033-08-16,2033,7,22,false,七月,廿二,癸丑,牛,
2033-08-17,2033,7,23,false,七月,廿三,癸丑,牛,
2033-08-18,2033,7,24,false,七月,廿四,癸丑,牛,
2033-08-19,2033,7,25,false,七月,廿五,癸丑,牛,
2033-08-20,2033,7,26,false,七月,廿六,癸丑,牛,
2033-08-21,2033,7,27,false,七月,廿七,癸丑,牛,
2033-08-22,2033,7,28,false,七月,廿八,癸丑,牛,
2033-08-23,2033,7,29,false,七月,廿九,癸丑,牛,處暑
2033-08-24,2033,7,30,false,七月,三十,癸丑,牛,
2033-08-25,2033,8,1,false,八月,初一,癸丑,牛,
2033-08-26,2033,8,2,false,八月,初二,癸丑,牛,
2033-08-27,2033,8,3,false,八月,初三,癸丑,牛,
2033-08-28,2033,8,4,false,八月,初四,癸丑,牛,
2033-08-29,2033,8,5,false,八月,初五,癸丑,牛,
2033-08-30,2033,8,6,false,八月,初六,癸丑,牛,
2033-08-31,2033,8,7,false,八月,初七,癸丑,牛,
2033-09-01,2033,8,8,false,八月,初八,癸丑,牛,
2033-09-02,2033,8,9,false,八月,初九,癸丑,牛,
2033-09-03,2033,8,10,false,八月,初十,癸丑,牛,
2033-09-04,2033,8,11,false,八月,十一,癸丑,牛,
2033-09-05,2033,8,12,false,八月,十二,癸丑,牛,
2033-09-06,2033,8,13,false,八月,十三,癸丑,牛,
2033-09-07,2033,8,14,false,八月,十四,癸丑,牛,白露
2033-09-08,2033,8,15,false,八月,十五,癸丑,牛,
2033-09-09,2033,8,16,false,八月,十六,癸丑,牛,
2033-09-10,2033,8,17,false,八月,十七,癸丑,牛,
2033-09-11,2033,8,18,false,八月,十八,癸丑,牛,
2033-09-12,2033,8,19,false,八月,十九,癸丑,牛,
2033-09-13,2033,8,20,false,八月,二十,癸丑,牛,
2033-09-14,2033,8,21,false,八月,廿一,癸丑,牛,
2033-09-15,2033,8,22,false,八月,廿二,癸丑,牛,
2033-09-16,2033,8,23,false,八月,廿三,癸丑,牛,
2033-09-17,2033,8,24,false,八月,廿四,癸丑,牛,
2033-09-18,2033,8,25,false,八月,廿五,癸丑,牛,
2033-09-19,2033,8,26,false,八月,廿六,癸丑,牛,
2033-09-20,2033,8,27,false,八月,廿七,癸丑,牛,
2033-09-21,2033,8,28,false,八月,廿八,癸丑,牛,
2033-09-22,2033,8,29,false,八月,廿九,癸丑,牛,
2033-09-23,2033,9,1,false,九月,初一,癸丑,牛,秋分
2033-09-24,2033,9,2,false,九月,初二,癸丑,牛,
2033-09-25,2033,9,3,false,九月,初三,癸丑,牛,
2033-09-26,2033,9,4,false,九月,初四,癸丑,牛,
2033-09-27,2033,9,5,false,九月,初五,癸丑,牛,
2033-09-28,2033,9,6,false,九月,初六,癸丑,牛,
2033-09-29,2033,9,7,false,九月,初七,癸丑,牛,
2033-09-30,2033,9,8,false,九月,初八,癸丑,牛,
2033-10-01,2033,9,9,false,九月,初九,癸丑,牛,
2033-10-02,2033,9,10,false,九月,初十,癸丑,牛,
2033-10-03,2033,9,11,false,九月,十一,癸丑,牛,
2033-10-04,2033,9,12,false,九月,十二,癸丑,牛,
2033-10-05,2033,9,13,false,九月,十三,癸丑,牛,
2033-10-06,2033,9,14,false,九月,十四,癸丑,牛,
2033-10-07,2033,9,15,false,九月,十五,癸丑,牛,
2033-10-08,2033,9,16,false,九月,十六,癸丑,牛,寒露
2033-10-09,2033,9,17,false,九月,十七,癸丑,牛,
2033-10-10,2033,9,18,false,九月,十八,癸丑,牛,
2033-10-11,2033,9,19,false,九月,十九,癸丑,牛,
2033-10-12,2033,9,20,false,九月,二十,癸丑,牛,
2033-10-13,2033,9,21,false,九月,廿一,癸丑,牛,
2033-10-14,2033,9,22,false,九月,廿二,癸丑,牛,
2033-10-15,2033,9,23,false,九月,廿三,癸丑,牛,
2033-10-16,2033,9,24,false,九月,廿四,癸丑,牛,
2033-10-17,2033,9,25,false,九月,廿五,癸丑,牛,
2033-10-18,2033,9,26,false,九月,廿六,癸丑,牛,
2033-10-19,2033,9,27,false,九月,廿七,癸丑,牛,
2033-10-20,2033,9,28,false,九月,廿八,癸丑,牛,
2033-10-21,2033,9,29,false,九月,廿九,癸丑,牛,
2033-10-22,2033,9,30,false,九月,三十,癸丑,牛,
2033-10-23,2033,10,1,false,十月,初一,癸丑,牛,霜降
2033-10-24,2033,10,2,false,十月,初二,癸丑,牛,
2033-10-25,2033,10,3,false,十月,初三,癸丑,牛,
2033-10-26,2033,10,4,false,十月,初四,癸丑,牛,
2033-10-27,2033,10,5,false,十月,初五,癸丑,牛,
2033-10-28,2033,10,6,false,十月,初六,癸丑,牛,
2033-10-29,2033,10,7,false,十月,初七,癸丑,牛,
2033-10-30,2033,10,8,false,十月,初八,癸丑,牛,
2033-10-31,2033,10,9,false,十月,初九,癸丑,牛,
2033-11-01,2033,10,10,false,十月,初十,癸丑,牛,
2033-11-02,2033,10,11,false,十月,十一,癸丑,牛,
2033-11-03,2033,10,12,false,十月,十二,癸丑,牛,
2033-11-04,2033,10,13,false,十月,十三,癸丑,牛,
2033-11-05,2033,10,14,false,十月,十四,癸丑,牛,
2033-11-06,2033,10,15,false,十月,十五,癸丑,牛,
2033-11-07,2033,10,16,false,十月,十六,癸丑,牛,立冬
2033-11-08,2033,10,17,false,十月,十七,癸丑,牛,
2033-11-09,2033,10,18,false,十月,十八,癸丑,牛,
2033-11-10,2033,10,19,false,十月,十九,癸丑,牛,
2033-11-11,2033,10,20,false,十月,二十,癸丑,牛,
2033-11-12,2033,10,21,false,十月,廿一,癸丑,牛,
2033-11-13,2033,10,22,false,十月,廿二,癸丑,牛,
2033-11-14,2033,10,23,false,十月,廿三,癸丑,牛,
2033-11-15,2033,10,24,false,十月,廿四,癸丑,牛,
2033-11-16,2033,10,25,false,十月,廿五,癸丑,牛,
2033-11-17,2033,10,26,false,十月,廿六,癸丑,牛,
2033-11-18,2033,10,27,false,十月,廿七,癸丑,牛,
2033-11-19,2033,10,28,false,十月,廿八,癸丑,牛,
2033-11-20,2033,10,29,false,十月,廿九,癸丑,牛,
2033-11-21,2033,10,30,false,十月,三十,癸丑,牛,
2033-11-22,2033,11,1,false,十一月,初一,癸丑,牛,小雪
2033-11-23,2033,11,2,false,十一月,初二,癸丑,牛,
2033-11-24,2033,11,3,false,十一月,初三,癸丑,牛,
2033-11-25,2033,11,4,false,十一月,初四,癸丑,牛,
2033-11-26,2033,11,5,false,十一月,初五,癸丑,牛,
2033-11-27,2033,11,6,false,十一月,初六,癸丑,牛,
2033-11-28,2033,11,7,false,十一月,初七,癸丑,牛,
2033-11-29,2033,11,8,false,十一月,初八,癸丑,牛,
2033-11-30,2033,11,9,false,十一月,初九,癸丑,牛,
2033-12-01,2033,11,10,false,十一月,初十,癸丑,牛,
2033-12-02,2033,11,11,false,十一月,十一,癸丑,牛,
2033-12-03,2033,11,12,false,十一月,十二,癸丑,牛,
2033-12-04,2033,11,13,false,十一月,十三,癸丑,牛,
2033-12-05,2033,11,14,false,十一月,十四,癸丑,牛,
2033-12-06,2033,11,15,false,十一月,十五,癸丑,牛,
2033-12-07,2033,11,16,false,十一月,十六,癸丑,牛,大雪
2033-12-08,2033,11,17,false,十一月,十七,癸丑,牛,
2033-12-09,2033,11,18,false,十一月,十八,癸丑,牛,
2033-12-10,2033,11,19,false,十一月,十九,癸丑,牛,
2033-12-11,2033,11,20,false,十一月,二十,癸丑,牛,
2033-12-12,2033,11,21,false,十一月,廿一,癸丑,牛,
2033-12-13,2033,11,22,false,十一月,廿二,癸丑,牛,
2033-12-14,2033,11,23,false,十一月,廿三,癸丑,牛,
2033-12-15,2033,11,24,false,十一月,廿四,癸丑,牛,
2033-12-16,2033,11,25,false,十一月,廿五,癸丑,牛,
2033-12-17,2033,11,26,false,十一月,廿六,癸丑,牛,
2033-12-18,2033,11,27,false,十一月,廿七,癸丑,牛,
2033-12-19,2033,11,28,false,十一月,廿八,癸丑,牛,
2033-12-20,2033,11,29,false,十一月,廿九,癸丑,牛,
2033-12-21,2033,11,30,false,十一月,三十,癸丑,牛,冬至
2033-12-22,2033,11,1,true,閏十一月,初一,癸丑,牛,
2033-12-23,2033,11,2,true,閏十一月,初二,癸丑,牛,
2033-12-24,2033,11,3,true,閏十一月,初三,癸丑,牛,
2033-12-25,2033,11,4,true,閏十一月,初四,癸丑,牛,
2033-12-26,2033,11,5,true,閏十一月,初五,癸丑,牛,
2033-12-27,2033,11,6,true,閏十一月,初六,癸丑,牛,
2033-12-28,2033,11,7,true,閏十一月,初七,癸丑,牛,
2033-12-29,2033,11,8,true,閏十一月,初八,癸丑,牛,
2033-12-30,2033,11,9,true,閏十一月,初九,癸丑,牛,
2033-12-31,2033,11,10,true,閏十一月,初十,癸丑,牛,
2034-01-01,2033,11,11,true,閏十一月,十一,癸丑,牛,
2034-01-02,2033,11,12,true,閏十一月,十二,癸丑,牛,
2034-01-03,2033,11,13,true,閏十一月,十三,癸丑,牛,
2034-01-04,2033,11,14,true,閏十一月,十四,癸丑,牛,
2034-01-05,2033,11,15,true,閏十一月,十五,癸丑,牛,小寒
2034-01-06,2033,11,16,true,閏十一月,十六,癸丑,牛,
2034-01-07,2033,11,17,true,閏十一月,十七,癸丑,牛,
2034-01-08,2033,11,18,true,閏十一月,十八,癸丑,牛,
2034-01-09,2033,11,19,true,閏十一月,十九,癸丑,牛,
2034-01-10,2033,11,20,true,閏十一月,二十,癸丑,牛,
2034-01-11,2033,11,21,true,閏十一月,廿一,癸丑,牛,
2034-01-12,2033,11,22,true,閏十一月,廿二,癸丑,牛,
2034-01-13,2033,11,23,true,閏十一月,廿三,癸丑,牛,
2034-01-14,2033,11,24,true,閏十一月,廿四,癸丑,牛,
2034-01-15,2033,11,25,true,閏十一月,廿五,癸丑,牛,
2034-01-16,2033,11,26,true,閏十一月,廿六,癸丑,牛,
2034-01-17,2033,11,27,true,閏十一月,廿七,癸丑,牛,
2034-01-18,2033,11,28,true,閏十一月,廿八,癸丑,牛,
2034-01-19,2033,11,29,true,閏十一月,廿九,癸丑,牛,
2034-01-20,2033,12,1,false,十二月,初一,癸丑,牛,大寒
2034-01-21,2033,12,2,false,十二月,初二,癸丑,牛,
2034-01-22,2033,12,3,false,十二月,初三,癸丑,牛,
2034-01-23,2033,12,4,false,十二月,初四,癸丑,牛,
2034-01-24,2033,12,5,false,十二月,初五,癸丑,牛,
2034-01-25,2033,12,6,false,十二月,初六,癸丑,牛,
2034-01-26,2033,12,7,false,十二月,初七,癸丑,牛,
2034-01-27,2033,12,8,false,十二月,初八,癸丑,牛,
2034-01-28,2033,12,9,false,十二月,初九,癸丑,牛,
2034-01-29,2033,12,10,false,十二月,初十,癸丑,牛,
2034-01-30,2033,12,11,false,十二月,十一,癸丑,牛,
2034-01-31,2033,12,12,false,十二月,十二,癸丑,牛,
2034-02-01,2033,12,13,false,十二月,十三,癸丑,牛,
2034-02-02,2033,12,14,false,十二月,十四,癸丑,牛,
2034-02-03,2033,12,15,false,十二月,十五,癸丑,牛,
2034-02-04,2033,12,16,false,十二月,十六,癸丑,牛,立春
2034-02-05,2033,12,17,false,十二月,十七,癸丑,牛,
2034-02-06,2033,12,18,false,十二月,十八,癸丑,牛,
2034-02-07,2033,12,19,false,十二月,十九,癸丑,牛,
2034-02-08,2033,12,20,false,十二月,二十,癸丑,牛,
2034-02-09,2033,12,21,false,十二月,廿一,癸丑,牛,
2034-02-10,2033,12,22,false,十二月,廿二,癸丑,牛,
2034-02-11,2033,12,23,false,十二月,廿三,癸丑,牛,
2034-02-12,2033,12,24,false,十二月,廿四,癸丑,牛,
2034-02-13,2033,12,25,false,十二月,廿五,癸丑,牛,
2034-02-14,2033,12,26,false,十二月,廿六,癸丑,牛,
2034-02-15,2033,12,27,false,十二月,廿七,癸丑,牛,
2034-02-16,2033,12,28,false,十二月,廿八,癸丑,牛,
2034-02-17,2033,12,29,false,十二月,廿九,癸丑,牛,
2034-02-18,2033,12,30,false,十二月,三十,癸丑,牛,雨水
2034-02-19,2034,1,1,false,一月,初一,甲寅,虎,
2034-02-20,2034,1,2,false,一月,初二,甲寅,虎,
2034-02-21,2034,1,3,false,一月,初三,甲寅,虎,
2034-02-22,2034,1,4,false,一月,初四,甲寅,虎,
2034-02-23,2034,1,5,false,一月,初五,甲寅,虎,
2034-02-24,2034,1,6,false,一月,初六,甲寅,虎,
2034-02-25,2034,1,7,false,一月,初七,甲寅,虎,
2034-02-26,2034,1,8,false,一月,初八,甲寅,虎,
2034-02-27,2034,1,9,false,一月,初九,甲寅,虎,
2034-02-28,2034,1,10,false,一月,初十,甲寅,虎,
2034-03-01,2034,1,11,false,一月,十一,甲寅,虎,
2034-03-02,2034,1,12,false,一月,十二,甲寅,虎,
2034-03-03,2034,1,13,false,一月,十三,甲寅,虎,
2034-03-04,2034,1,14,false,一月,十四,甲寅,虎,
2034-03-05,2034,1,15,false,一月,十五,甲寅,虎,驚蟄
2034-03-06,2034,1,16,false,一月,十六,甲寅,虎,
2034-03-07,2034,1,17,false,一月,十七,甲寅,虎,
2034-03-08,2034,1,18,false,一月,十八,甲寅,虎,
2034-03-09,2034,1,19,false,一月,十九,甲寅,虎,
2034-03-10,2034,1,20,false,一月,二十,甲寅,虎,
2034-03-11,2034,1,21,false,一月,廿一,甲寅,虎,
2034-03-12,2034,1,22,false,一月,廿二,甲寅,虎,
2034-03-13,2034,1,23,false,一月,廿三,甲寅,虎,
2034-03-14,2034,1,24,false,一月,廿四,甲寅,虎,
2034-03-15,2034,1,25,false,一月,廿五,甲寅,虎,
2034-03-16,2034,1,26,false,一月,廿六,甲寅,虎,
2034-03-17,2034,1,27,false,一月,廿七,甲寅,虎,
2034-03-18,2034,1,28,false,一月,廿八,甲寅,虎,
2034-03-19,2034,1,29,false,一月,廿九,甲寅,虎,
2034-03-20,2034,2,1,false,二月,初一,甲寅,虎,春分
2034-03-21,2034,2,2,false,二月,初二,甲寅,虎,
2034-03-22,2034,2,3,false,二月,初三,甲寅,虎,
2034-03-23,2034,2,4,false,二月,初四,甲寅,虎,
2034-03-24,2034,2,5,false,二月,初五,甲寅,虎,
2034-03-25,2034,2,6,false,二月,初六,甲寅,虎,
2034-03-26,2034,2,7,false,二月,初七,甲寅,虎,
2034-03-27,2034,2,8,false,二月,初八,甲寅,虎,
2034-03-28,2034,2,9,false,二月,初九,甲寅,虎,
2034-03-29,2034,2,10,false,二月,初十,甲寅,虎,
2034-03-30,2034,2,11,false,二月,十一,甲寅,虎,
2034-03-31,2034,2,12,false,二月,十二,甲寅,虎,
2034-04-01,2034,2,13,false,二月,十三,甲寅,虎,
2034-04-02,2034,2,14,false,二月,十四,甲寅,虎,
2034-04-03,2034,2,15,false,二月,十五,甲寅,虎,
2034-04-04,2034,2,16,false,二月,十六,甲寅,虎,
2034-04-05,2034,2,17,false,二月,十七,甲寅,虎,清明
2034-04-06,2034,2,18,false,二月,十八,甲寅,虎,
2034-04-07,2034,2,19,false,二月,十九,甲寅,虎,
2034-04-08,2034,2,20,false,二月,二十,甲寅,虎,
2034-04-09,2034,2,21,false,二月,廿一,甲寅,虎,
2034-04-10,2034,2,22,false,二月,廿二,甲寅,虎,
2034-04-11,2034,2,23,false,二月,廿三,甲寅,虎,
2034-04-12,2034,2,24,false,二月,廿四,甲寅,虎,
2034-04-13,2034,2,25,false,二月,廿五,甲寅,虎,
2034-04-14,2034,2,26,false,二月,廿六,甲寅,虎,
2034-04-15,2034,2,27,false,二月,廿七,甲寅,虎,
2034-04-16,2034,2,28,false,二月,廿八,甲寅,虎,
2034-04-17,2034,2,29,false,二月,廿九,甲寅,虎,
2034-04-18,2034,2,30,false,二月,三十,甲寅,虎,
2034-04-19,2034,3,1,false,三月,初一,甲寅,虎,
2034-04-20,2034,3,2,false,三月,初二,甲寅,虎,穀雨
2034-04-21,2034,3,3,false,三月,初三,甲寅,虎,
2034-04-22,2034,3,4,false,三月,初四,甲寅,虎,
2034-04-23,2034,3,5,false,三月,初五,甲寅,虎,
2034-04-24,2034,3,6,false,三月,初六,甲寅,虎,
2034-04-25,2034,3,7,false,三月,初七,甲寅,虎,
2034-04-26,2034,3,8,false,三月,初八,甲寅,虎,
2034-04-27,2034,3,9,false,三月,初九,甲寅,虎,
2034-04-28,2034,3,10,false,三月,初十,甲寅,虎,
2034-04-29,2034,3,11,false,三月,十一,甲寅,虎,
2034-04-30,2034,3,12,false,三月,十二,甲寅,虎,
2034-05-01,2034,3,13,false,三月,十三,甲寅,虎,
2034-05-02,2034,3,14,false,三月,十四,甲寅,虎,
2034-05-03,2034,3,15,false,三月,十五,甲寅,虎,
2034-05-04,2034,3,16,false,三月,十六,甲寅,虎,
2034-05-05,2034,3,17,false,三月,十七,甲寅,虎,立夏
2034-05-06,2034,3,18,false,三月,十八,甲寅,虎,
2034-05-07,2034,3,19,false,三月,十九,甲寅,虎,
2034-05-08,2034,3,20,false,三月,二十,甲寅,虎,
2034-05-09,2034,3,21,false,三月,廿一,甲寅,虎,
2034-05-10,2034,3,22,false,三月,廿二,甲寅,虎,
2034-05-11,2034,3,23,false,三月,廿三,甲寅,虎,
2034-05-12,2034,3,24,false,三月,廿四,甲寅,虎,
2034-05-13,2034,3,25,false,三月,廿五,甲寅,虎,
2034-05-14,2034,3,26,false,三月,廿六,甲寅,虎,
2034-05-15,2034,3,27,false,三月,廿七,甲寅,虎,
2034-05-16,2034,3,28,false,三月,廿八,甲寅,虎,
2034-05-17,2034,3,29,false,三月,廿九,甲寅,虎,
2034-05-18,2034,4,1,false,四月,初一,甲寅,虎,
2034-05-19,2034,4,2,false,四月,初二,甲寅,虎,
2034-05-20,2034,4,3,false,四月,初三,甲寅,虎,
2034-05-21,2034,4,4,false,四月,初四,甲寅,虎,小滿
2034-05-22,2034,4,5,false,四月,初五,甲寅,虎,
2034-05-23,2034,4,6,false,四月,初六,甲寅,虎,
2034-05-24,2034,4,7,false,四月,初七,甲寅,虎,
2034-05-25,2034,4,8,false,四月,初八,甲寅,虎,
2034-05-26,2034,4,9,false,四月,初九,甲寅,虎,
2034-05-27,2034,4,10,false,四月,初十,甲寅,虎,
2034-05-28,2034,4,11,false,四月,十一,甲寅,虎,
2034-05-29,2034,4,12,false,四月,十二,甲寅,虎,
2034-05-30,2034,4,13,false,四月,十三,甲寅,虎,
2034-05-31,2034,4,14,false,四月,十四,甲寅,虎,
2034-06-01,2034,4,15,false,四月,十五,甲寅,虎,
2034-06-02,2034,4,16,false,四月,十六,甲寅,虎,
2034-06-03,2034,4,17,false,四月,十七,甲寅,虎,
2034-06-04,2034,4,18,false,四月,十八,甲寅,虎,
2034-06-05,2034,4,19,false,四月,十九,甲寅,虎,芒種
2034-06-06,2034,4,20,false,四月,二十,甲寅,虎,
2034-06-07,2034,4,21,false,四月,廿一,甲寅,虎,
2034-06-08,2034,4,22,false,四月,廿二,甲寅,虎,
2034-06-09,2034,4,23,false,四月,廿三,甲寅,虎,
2034-06-10,2034,4,24,false,四月,廿四,甲寅,虎,
2034-06-11,2034,4,25,false,四月,廿五,甲寅,虎,
2034-06-12,2034,4,26,false,四月,廿六,甲寅,虎,
2034-06-13,2034,4,27,false,四月,廿七,甲寅,虎,
2034-06-14,2034,4,28,false,四月,廿八,甲寅,虎,
2034-06-15,2034,4,29,false,四月,廿九,甲寅,虎,
2034-06-16,2034,5,1,false,五月,初一,甲寅,虎,
2034-06-17,2034,5,2,false,五月,初二,甲寅,虎,
2034-06-18,2034,5,3,false,五月,初三,甲寅,虎,
2034-06-19,2034,5,4,false,五月,初四,甲寅,虎,
2034-06-20,2034,5,5,false,五月,初五,甲寅,虎,
2034-06-21,2034,5,6,false,五月,初六,甲寅,虎,夏至
2034-06-22,2034,5,7,false,五月,初七,甲寅,虎,
2034-06-23,2034,5,8,false,五月,初八,甲寅,虎,
2034-06-24,2034,5,9,false,五月,初九,甲寅,虎,
2034-06-25,2034,5,10,false,五月,初十,甲寅,虎,
2034-06-26,2034,5,11,false,五月,十一,甲寅,虎,
2034-06-27,2034,5,12,false,五月,十二,甲寅,虎,
2034-06-28,2034,5,13,false,五月,十三,甲寅,虎,
2034-06-29,2034,5,14,false,五月,十四,甲寅,虎,
2034-06-30,2034,5,15,false,五月,十五,甲寅,虎,
2034-07-01,2034,5,16,false,五月,十六,甲寅,虎,
2034-07-02,2034,5,17,false,五月,十七,甲寅,虎,
2034-07-03,2034,5,18,false,五月,十八,甲寅,虎,
2034-07-04,2034,5,19,false,五月,十九,甲寅,虎,
2034-07-05,2034,5,20,false,五月,二十,甲寅,虎,
2034-07-06,2034,5,21,false,五月,廿一,甲寅,虎,
2034-07-07,2034,5,22,false,五月,廿二,甲寅,虎,小暑
2034-07-08,2034,5,23,false,五月,廿三,甲寅,虎,
2034-07-09,2034,5,24,false,五月,廿四,甲寅,虎,
2034-07-10,2034,5,25,false,五月,廿五,甲寅,虎,
2034-07-11,2034,5,26,false,五月,廿六,甲寅,虎,
2034-07-12,2034,5,27,false,五月,廿七,甲寅,虎,
2034-07-13,2034,5,28,false,五月,廿八,甲寅,虎,
2034-07-14,2034,5,29,false,五月,廿九,甲寅,虎,
2034-07-15,2034,5,30,false,五月,三十,甲寅,虎,
2034-07-16,2034,6,1,false,六月,初一,甲寅,虎,
2034-07-17,2034,6,2,false,六月,初二,甲寅,虎,
2034-07-18,2034,6,3,false,六月,初三,甲寅,虎,
2034-07-19,2034,6,4,false,六月,初四,甲寅,虎,
2034-07-20,2034,6,5,false,六月,初五,甲寅,虎,
2034-07-21,2034,6,6,false,六月,初六,甲寅,虎,
2034-07-22,2034,6,7,false,六月,初七,甲寅,虎,
2034-07-23,2034,6,8,false,六月,初八,甲寅,虎,大暑
2034-07-24,2034,6,9,false,六月,初九,甲寅,虎,
2034-07-25,2034,6,10,false,六月,初十,甲寅,虎,
2034-07-26,2034,6,11,false,六月,十一,甲寅,虎,
2034-07-27,2034,6,12,false,六月,十二,甲寅,虎,
2034-07-28,2034,6,13,false,六月,十三,甲寅,虎,
2034-07-29,2034,6,14,false,六月,十四,甲寅,虎,
2034-07-30,2034,6,15,false,六月,十五,甲寅,虎,
2034-07-31,2034,6,16,false,六月,十六,甲寅,虎,
2034-08-01,2034,6,17,false,六月,十七,甲寅,虎,
2034-08-02,2034,6,18,false,六月,十八,甲寅,虎,
2034-08-03,2034,6,19,false,六月,十九,甲寅,虎,
2034-08-04,2034,6,20,false,六月,二十,甲寅,虎,
2034-08-05,2034,6,21,false,六月,廿一,甲寅,虎,
2034-08-06,2034,6,22,false,六月,廿二,甲寅,虎,
2034-08-07,2034,6,23,false,六月,廿三,甲寅,虎,立秋
2034-08-08,2034,6,24,false,六月,廿四,甲寅,虎,
2034-08-09,2034,6,25,false,六月,廿五,甲寅,虎,
2034-08-10,2034,6,26,false,六月,廿六,甲寅,虎,
2034-08-11,2034,6,27,false,六月,廿七,甲寅,虎,
2034-08-12,2034,6,28,false,六月,廿八,甲寅,虎,
2034-08-13,2034,6,29,false,六月,廿九,甲寅,虎,
2034-08-14,2034,7,1,false,七月,初一,甲寅,虎,
2034-08-15,2034,7,2,false,七月,初二,甲寅,虎,
2034-08-16,2034,7,3,false,七月,初三,甲寅,虎,
2034-08-17,2034,7,4,false,七月,初四,甲寅,虎,
2034-08-18,2034,7,5,false,七月,初五,甲寅,虎,
2034-08-19,2034,7,6,false,七月,初六,甲寅,虎,
2034-08-20,2034,7,7,false,七月,初七,甲寅,虎,
2034-08-21,2034,7,8,false,七月,初八,甲寅,虎,
2034-08-22,2034,7,9,false,七月,初九,甲寅,虎,
2034-08-23,2034,7,10,false,七月,初十,甲寅,虎,處暑
2034-08-24,2034,7,11,false,七月,十一,甲寅,虎,
2034-08-25,2034,7,12,false,七月,十二,甲寅,虎,
2034-08-26,2034,7,13,false,七月,十三,甲寅,虎,
2034-08-27,2034,7,14,false,七月,十四,甲寅,虎,
2034-08-28,2034,7,15,false,七月,十五,甲寅,虎,
2034-08-29,2034,7,16,false,七月,十六,甲寅,虎,
2034-08-30,2034,7,17,false,七月,十七,甲寅,虎,
2034-08-31,2034,7,18,false,七月,十八,甲寅,虎,
2034-09-01,2034,7,19,false,七月,十九,甲寅,虎,
2034-09-02,2034,7,20,false,七月,二十,甲寅,虎,
2034-09-03,2034,7,21,false,七月,廿一,甲寅,虎,
2034-09-04,2034,7,22,false,七月,廿二,甲寅,虎,
2034-09-05,2034,7,23,false,七月,廿三,甲寅,虎,
2034-09-06,2034,7,24,false,七月,廿四,甲寅,虎,
2034-09-07,2034,7,25,false,七月,廿五,甲寅,虎,白露
2034-09-08,2034,7,26,false,七月,廿六,甲寅,虎,
2034-09-09,2034,7,27,false,七月,廿七,甲寅,虎,
2034-09-10,2034,7,28,false,七月,廿八,甲寅,虎,
2034-09-11,2034,7,29,false,七月,廿九,甲寅,虎,
2034-09-12,2034,7,30,false,七月,三十,甲寅,虎,
2034-09-13,2034,8,1,false,八月,初一,甲寅,虎,
2034-09-14,2034,8,2,false,八月,初二,甲寅,虎,
2034-09-15,2034,8,3,false,八月,初三,甲寅,虎,
2034-09-16,2034,8,4,false,八月,初四,甲寅,虎,
2034-09-17,2034,8,5,false,八月,初五,甲寅,虎,
2034-09-18,2034,8,6,false,八月,初六,甲寅,虎,
2034-09-19,2034,8,7,false,八月,初七,甲寅,虎,
2034-09-20,2034,8,8,false,八月,初八,甲寅,虎,
2034-09-21,2034,8,9,false,八月,初九,甲寅,虎,
2034-09-22,2034,8,10,false,八月,初十,甲寅,虎,
2034-09-23,2034,8,11,false,八月,十一,甲寅,虎,秋分
2034-09-24,2034,8,12,false,八月,十二,甲寅,虎,
2034-09-25,2034,8,13,false,八月,十三,甲寅,虎,
2034-09-26,2034,8,14,false,八月,十四,甲寅,虎,
2034-09-27,2034,8,15,false,八月,十五,甲寅,虎,
2034-09-28,2034,8,16,false,八月,十六,甲寅,虎,
2034-09-29,2034,8,17,false,八月,十七,甲寅,虎,
2034-09-30,2034,8,18,false,八月,十八,甲寅,虎,
2034-10-01,2034,8,19,false,八月,十九,甲寅,虎,
2034-10-02,2034,8,20,false,八月,二十,甲寅,虎,
2034-10-03,2034,8,21,false,八月,廿一,甲寅,虎,
2034-10-04,2034,8,22,false,八月,廿二,甲寅,虎,
2034-10-05,2034,8,23,false,八月,廿三,甲寅,虎,
2034-10-06,2034,8,24,false,八月,廿四,甲寅,虎,
2034-10-07,2034,8,25,false,八月,廿五,甲寅,虎,
2034-10-08,2034,8,26,false,八月,廿六,甲寅,虎,寒露
2034-10-09,2034,8,27,false,八月,廿七,甲寅,虎,
2034-10-10,2034,8,28,false,八月,廿八,甲寅,虎,
2034-10-11,2034,8,29,false,八月,廿九,甲寅,虎,
2034-10-12,2034,9,1,false,九月,初一,甲寅,虎,
2034-10-13,2034,9,2,false,九月,初二,甲寅,虎,
2034-10-14,2034,9,3,false,九月,初三,甲寅,虎,
2034-10-15,2034,9,4,false,九月,初四,甲寅,虎,
2034-10-16,2034,9,5,false,九月,初五,甲寅,虎,
2034-10-17,2034,9,6,false,九月,初六,甲寅,虎,
2034-10-18,2034,9,7,false,九月,初七,甲寅,虎,
2034-10-19,2034,9,8,false,九月,初八,甲寅,虎,
2034-10-20,2034,9,9,false,九月,初九,甲寅,虎,
2034-10-21,2034,9,10,false,九月,初十,甲寅,虎,
2034-10-22,2034,9,11,false,九月,十一,甲寅,虎,
2034-10-23,2034,9,12,false,九月,十二,甲寅,虎,霜降
2034-10-24,2034,9,13,false,九月,十三,甲寅,虎,
2034-10-25,2034,9,14,false,九月,十四,甲寅,虎,
2034-10-26,2034,9,15,false,九月,十五,甲寅,虎,
2034-10-27,2034,9,16,false,九月,十六,甲寅,虎,
2034-10-28,2034,9,17,false,九月,十七,甲寅,虎,
2034-10-29,2034,9,18,false,九月,十八,甲寅,虎,
2034-10-30,2034,9,19,false,九月,十九,甲寅,虎,
2034-10-31,2034,9,20,false,九月,二十,甲寅,虎,
2034-11-01,2034,9,21,false,九月,廿一,甲寅,虎,
2034-11-02,2034,9,22,false,九月,廿二,甲寅,虎,
2034-11-03,2034,9,23,false,九月,廿三,甲寅,虎,
2034-11-04,2034,9,24,false,九月,廿四,甲寅,虎,
2034-11-05,2034,9,25,false,九月,廿五,甲寅,虎,
2034-11-06,2034,9,26,false,九月,廿六,甲寅,虎,
2034-11-07,2034,9,27,false,九月,廿七,甲寅,虎,立冬
2034-11-08,2034,9,28,false,九月,廿八,甲寅,虎,
2034-11-09,2034,9,29,false,九月,廿九,甲寅,虎,
2034-11-10,2034,9,30,false,九月,三十,甲寅,虎,
2034-11-11,2034,10,1,false,十月,初一,甲寅,虎,
2034-11-12,2034,10,2,false,十月,初二,甲寅,虎,
2034-11-13,2034,10,3,false,十月,初三,甲寅,虎,
2034-11-14,2034,10,4,false,十月,初四,甲寅,虎,
2034-11-15,2034,10,5,false,十月,初五,甲寅,虎,
2034-11-16,2034,10,6,false,十月,初六,甲寅,虎,
2034-11-17,2034,10,7,false,十月,初七,甲寅,虎,
2034-11-18,2034,10,8,false,十月,初八,甲寅,虎,
2034-11-19,2034,10,9,false,十月,初九,甲寅,虎,
2034-11-20,2034,10,10,false,十月,初十,甲寅,虎,
2034-11-21,2034,10,11,false,十月,十一,甲寅,虎,
2034-11-22,2034,10,12,false,十月,十二,甲寅,虎,小雪
2034-11-23,2034,10,13,false,十月,十三,甲寅,虎,
2034-11-24,2034,10,14,false,十月,十四,甲寅,虎,
2034-11-25,2034,10,15,false,十月,十五,甲寅,虎,
2034-11-26,2034,10,16,false,十月,十六,甲寅,虎,
2034-11-27,2034,10,17,false,十月,十七,甲寅,虎,
2034-11-28,2034,10,18,false,十月,十八,甲寅,虎,
2034-11-29,2034,10,19,false,十月,十九,甲寅,虎,
2034-11-30,2034,10,20,false,十月,二十,甲寅,虎,
2034-12-01,2034,10,21,false,十月,廿一,甲寅,虎,
2034-12-02,2034,10,22,false,十月,廿二,甲寅,虎,
2034-12-03,2034,10,23,false,十月,廿三,甲寅,虎,
2034-12-04,2034,10,24,false,十月,廿四,甲寅,虎,
2034-12-05,2034,10,25,false,十月,廿五,甲寅,虎,
2034-12-06,2034,10,26,false,十月,廿六,甲寅,虎,
2034-12-07,2034,10,27,false,十月,廿七,甲寅,虎,大雪
2034-12-08,2034,10,28,false,十月,廿八,甲寅,虎,
2034-12-09,2034,10,29,false,十月,廿九,甲寅,虎,
2034-12-10,2034,10,30,false,十月,三十,甲寅,虎,
2034-12-11,2034,11,1,false,十一月,初一,甲寅,虎,
2034-12-12,2034,11,2,false,十一月,初二,甲寅,虎,
2034-12-13,2034,11,3,false,十一月,初三,甲寅,虎,
2034-12-14,2034,11,4,false,十一月,初四,甲寅,虎,
2034-12-15,2034,11,5,false,十一月,初五,甲寅,虎,
2034-12-16,2034,11,6,false,十一月,初六,甲寅,虎,
2034-12-17,2034,11,7,false,十一月,初七,甲寅,虎,
2034-12-18,2034,11,8,false,十一月,初八,甲寅,虎,
2034-12-19,2034,11,9,false,十一月,初九,甲寅,虎,
2034-12-20,2034,11,10,false,十一月,初十,甲寅,虎,
2034-12-21,2034,11,11,false,十一月,十一,甲寅,虎,
2034-12-22,2034,11,12,false,十一月,十二,甲寅,虎,冬至
2034-12-23,2034,11,13,false,十一月,十三,甲寅,虎,
2034-12-24,2034,11,14,false,十一月,十四,甲寅,虎,
2034-12-25,2034,11,15,false,十一月,十五,甲寅,虎,
2034-12-26,2034,11,16,false,十一月,十六,甲寅,虎,
2034-12-27,2034,11,17,false,十一月,十七,甲寅,虎,
2034-12-28,2034,11,18,false,十一月,十八,甲寅,虎,
2034-12-29,2034,11,19,false,十一月,十九,甲寅,虎,
2034-12-30,2034,11,20,false,十一月,二十,甲寅,虎,
2034-12-31,2034,11,21,false,十一月,廿一,甲寅,虎,
2035-01-01,2034,11,22,false,十一月,廿二,甲寅,虎,
2035-01-02,2034,11,23,false,十一月,廿三,甲寅,虎,
2035-01-03,2034,11,24,false,十一月,廿四,甲寅,虎,
2035-01-04,2034,11,25,false,十一月,廿五,甲寅,虎,
2035-01-05,2034,11,26,false,十一月,廿六,甲寅,虎,小寒
2035-01-06,2034,11,27,false,十一月,廿七,甲寅,虎,
2035-01-07,2034,11,28,false,十一月,廿八,甲寅,虎,
2035-01-08,2034,11,29,false,十一月,廿九,甲寅,虎,
2035-01-09,2034,12,1,false,十二月,初一,甲寅,虎,
2035-01-10,2034,12,2,false,十二月,初二,甲寅,虎,
2035-01-11,2034,12,3,false,十二月,初三,甲寅,虎,
2035-01-12,2034,12,4,false,十二月,初四,甲寅,虎,
2035-01-13,2034,12,5,false,十二月,初五,甲寅,虎,
2035-01-14,2034,12,6,false,十二月,初六,甲寅,虎,
2035-01-15,2034,12,7,false,十二月,初七,甲寅,虎,
2035-01-16,2034,12,8,false,十二月,初八,甲寅,虎,
2035-01-17,2034,12,9,false,十二月,初九,甲寅,虎,
2035-01-18,2034,12,10,false,十二月,初十,甲寅,虎,
2035-01-19,2034,12,11,false,十二月,十一,甲寅,虎,
2035-01-20,2034,12,12,false,十二月,十二,甲寅,虎,大寒
2035-01-21,2034,12,13,false,十二月,十三,甲寅,虎,
2035-01-22,2034,12,14,false,十二月,十四,甲寅,虎,
2035-01-23,2034,12,15,false,十二月,十五,甲寅,虎,
2035-01-24,2034,12,16,false,十二月,十六,甲寅,虎,
2035-01-25,2034,12,17,false,十二月,十七,甲寅,虎,
2035-01-26,2034,12,18,false,十二月,十八,甲寅,虎,
2035-01-27,2034,12,19,false,十二月,十九,甲寅,虎,
2035-01-28,2034,12,20,false,十二月,二十,甲寅,虎,
2035-01-29,2034,12,21,false,十二月,廿一,甲寅,虎,
2035-01-30,2034,12,22,false,十二月,廿二,甲寅,虎,
2035-01-31,2034,12,23,false,十二月,廿三,甲寅,虎,
2035-02-01,2034,12,24,false,十二月,廿四,甲寅,虎,
2035-02-02,2034,12,25,false,十二月,廿五,甲寅,虎,
2035-02-03,2034,12,26,false,十二月,廿六,甲寅,虎,
2035-02-04,2034,12,27,false,十二月,廿七,甲寅,虎,立春
2035-02-05,2034,12,28,false,十二月,廿八,甲寅,虎,
2035-02-06,2034,12,29,false,十二月,廿九,甲寅,虎,
2035-02-07,2034,12,30,false,十二月,三十,甲寅,虎,
2035-02-08,2035,1,1,false,一月,初一,乙卯,兔,
2035-02-09,2035,1,2,false,一月,初二,乙卯,兔,
2035-02-10,2035,1,3,false,一月,初三,乙卯,兔,
2035-02-11,2035,1,4,false,一月,初四,乙卯,兔,
2035-02-12,2035,1,5,false,一月,初五,乙卯,兔,
2035-02-13,2035,1,6,false,一月,初六,乙卯,兔,
2035-02-14,2035,1,7,false,一月,初七,乙卯,兔,
2035-02-15,2035,1,8,false,一月,初八,乙卯,兔,
2035-02-16,2035,1,9,false,一月,初九,乙卯,兔,
2035-02-17,2035,1,10,false,一月,初十,乙卯,兔,
2035-02-18,2035,1,11,false,一月,十一,乙卯,兔,
2035-02-19,2035,1,12,false,一月,十二,乙卯,兔,雨水
2035-02-20,2035,1,13,false,一月,十三,乙卯,兔,
2035-02-21,2035,1,14,false,一月,十四,乙卯,兔,
2035-02-22,2035,1,15,false,一月,十五,乙卯,兔,
2035-02-23,2035,1,16,false,一月,十六,乙卯,兔,
2035-02-24,2035,1,17,false,一月,十七,乙卯,兔,
2035-02-25,2035,1,18,false,一月,十八,乙卯,兔,
2035-02-26,2035,1,19,false,一月,十九,乙卯,兔,
2035-02-27,2035,1,20,false,一月,二十,乙卯,兔,
2035-02-28,2035,1,21,false,一月,廿一,乙卯,兔,
2035-03-01,2035,1,22,false,一月,廿二,乙卯,兔,
2035-03-02,2035,1,23,false,一月,廿三,乙卯,兔,
2035-03-03,2035,1,24,false,一月,廿四,乙卯,兔,
2035-03-04,2035,1,25,false,一月,廿五,乙卯,兔,
2035-03-05,2035,1,26,false,一月,廿六,乙卯,兔,
2035-03-06,2035,1,27,false,一月,廿七,乙卯,兔,驚蟄
2035-03-07,2035,1,28,false,一月,廿八,乙卯,兔,
2035-03-08,2035,1,29,false,一月,廿九,乙卯,兔,
2035-03-09,2035,1,30,false,一月,三十,乙卯,兔,
2035-03-10,2035,2,1,false,二月,初一,乙卯,兔,
2035-03-11,2035,2,2,false,二月,初二,乙卯,兔,
2035-03-12,2035,2,3,false,二月,初三,乙卯,兔,
2035-03-13,2035,2,4,false,二月,初四,乙卯,兔,
2035-03-14,2035,2,5,false,二月,初五,乙卯,兔,
2035-03-15,2035,2,6,false,二月,初六,乙卯,兔,
2035-03-16,2035,2,7,false,二月,初七,乙卯,兔,
2035-03-17,2035,2,8,false,二月,初八,乙卯,兔,
2035-03-18,2035,2,9,false,二月,初九,乙卯,兔,
2035-03-19,2035,2,10,false,二月,初十,乙卯,兔,
2035-03-20,2035,2,11,false,二月,十一,乙卯,兔,
2035-03-21,2035,2,12,false,二月,十二,乙卯,兔,春分
2035-03-22,2035,2,13,false,二月,十三,乙卯,兔,
2035-03-23,2035,2,14,false,二月,十四,乙卯,兔,
2035-03-24,2035,2,15,false,二月,十五,乙卯,兔,
2035-03-25,2035,2,16,false,二月,十六,乙卯,兔,
2035-03-26,2035,2,17,false,二月,十七,乙卯,兔,
2035-03-27,2035,2,18,false,二月,十八,乙卯,兔,
2035-03-28,2035,2,19,false,二月,十九,乙卯,兔,
2035-03-29,2035,2,20,false,二月,二十,乙卯,兔,
2035-03-30,2035,2,21,false,二月,廿一,乙卯,兔,
2035-03-31,2035,2,22,false,二月,廿二,乙卯,兔,
2035-04-01,2035,2,23,false,二月,廿三,乙卯,兔,
2035-04-02,2035,2,24,false,二月,廿四,乙卯,兔,
2035-04-03,2035,2,25,false,二月,廿五,乙卯,兔,
2035-04-04,2035,2,26,false,二月,廿六,乙卯,兔,
2035-04-05,2035,2,27,false,二月,廿七,乙卯,兔,清明
2035-04-06,2035,2,28,false,二月,廿八,乙卯,兔,
2035-04-07,2035,2,29,false,二月,廿九,乙卯,兔,
2035-04-08,2035,3,1,false,三月,初一,乙卯,兔,
2035-04-09,2035,3,2,false,三月,初二,乙卯,兔,
2035-04-10,2035,3,3,false,三月,初三,乙卯,兔,
2035-04-11,2035,3,4,false,三月,初四,乙卯,兔,
2035-04-12,2035,3,5,false,三月,初五,乙卯,兔,
2035-04-13,2035,3,6,false,三月,初六,乙卯,兔,
2035-04-14,2035,3,7,false,三月,初七,乙卯,兔,
2035-04-15,2035,3,8,false,三月,初八,乙卯,兔,
2035-04-16,2035,3,9,false,三月,初九,乙卯,兔,
2035-04-17,2035,3,10,false,三月,初十,乙卯,兔,
2035-04-18,2035,3,11,false,三月,十一,乙卯,兔,
2035-04-19,2035,3,12,false,三月,十二,乙卯,兔,
2035-04-20,2035,3,13,false,三月,十三,乙卯,兔,穀雨
2035-04-21,2035,3,14,false,三月,十四,乙卯,兔,
2035-04-22,2035,3,15,false,三月,十五,乙卯,兔,
2035-04-23,2035,3,16,false,三月,十六,乙卯,兔,
2035-04-24,2035,3,17,false,三月,十七,乙卯,兔,
2035-04-25,2035,3,18,false,三月,十八,乙卯,兔,
2035-04-26,2035,3,19,false,三月,十九,乙卯,兔,
2035-04-27,2035,3,20,false,三月,二十,乙卯,兔,
2035-04-28,2035,3,21,false,三月,廿一,乙卯,兔,
2035-04-29,2035,3,22,false,三月,廿二,乙卯,兔,
2035-04-30,2035,3,23,false,三月,廿三,乙卯,兔,
2035-05-01,2035,3,24,false,三月,廿四,乙卯,兔,
2035-05-02,2035,3,25,false,三月,廿五,乙卯,兔,
2035-05-03,2035,3,26,false,三月,廿六,乙卯,兔,
2035-05-04,2035,3,27,false,三月,廿七,乙卯,兔,
2035-05-05,2035,3,28,false,三月,廿八,乙卯,兔,立夏
2035-05-06,2035,3,29,false,三月,廿九,乙卯,兔,
2035-05-07,2035,3,30,false,三月,三十,乙卯,兔,
2035-05-08,2035,4,1,false,四月,初一,乙卯,兔,
2035-05-09,2035,4,2,false,四月,初二,乙卯,兔,
2035-05-10,2035,4,3,false,四月,初三,乙卯,兔,
2035-05-11,2035,4,4,false,四月,初四,乙卯,兔,
2035-05-12,2035,4,5,false,四月,初五,乙卯,兔,
2035-05-13,2035,4,6,false,四月,初六,乙卯,兔,
2035-05-14,2035,4,7,false,四月,初七,乙卯,兔,
2035-05-15,2035,4,8,false,四月,初八,乙卯,兔,
2035-05-16,2035,4,9,false,四月,初九,乙卯,兔,
2035-05-17,2035,4,10,false,四月,初十,乙卯,兔,
2035-05-18,2035,4,11,false,四月,十一,乙卯,兔,
2035-05-19,2035,4,12,false,四月,十二,乙卯,兔,
2035-05-20,2035,4,13,false,四月,十三,乙卯,兔,
2035-05-21,2035,4,14,false,四月,十四,乙卯,兔,小滿
2035-05-22,2035,4,15,false,四月,十五,乙卯,兔,
2035-05-23,2035,4,16,false,四月,十六,乙卯,兔,
2035-05-24,2035,4,17,false,四月,十七,乙卯,兔,
2035-05-25,2035,4,18,false,四月,十八,乙卯,兔,
2035-05-26,2035,4,19,false,四月,十九,乙卯,兔,
2035-05-27,2035,4,20,false,四月,二十,乙卯,兔,
2035-05-28,2035,4,21,false,四月,廿一,乙卯,兔,
2035-05-29,2035,4,22,false,四月,廿二,乙卯,兔,
2035-05-30,2035,4,23,false,四月,廿三,乙卯,兔,
2035-05-31,2035,4,24,false,四月,廿四,乙卯,兔,
2035-06-01,2035,4,25,false,四月,廿五,乙卯,兔,
2035-06-02,2035,4,26,false,四月,廿六,乙卯,兔,
2035-06-03,2035,4,27,false,四月,廿七,乙卯,兔,
2035-06-04,2035,4,28,false,四月,廿八,乙卯,兔,
2035-06-05,2035,4,29,false,四月,廿九,乙卯,兔,
2035-06-06,2035,5,1,false,五月,初一,乙卯,兔,芒種
2035-06-07,2035,5,2,false,五月,初二,乙卯,兔,
2035-06-08,2035,5,3,false,五月,初三,乙卯,兔,
2035-06-09,2035,5,4,false,五月,初四,乙卯,兔,
2035-06-10,2035,5,5,false,五月,初五,乙卯,兔,
2035-06-11,2035,5,6,false,五月,初六,乙卯,兔,
2035-06-12,2035,5,7,false,五月,初七,乙卯,兔,
2035-06-13,2035,5,8,false,五月,初八,乙卯,兔,
2035-06-14,2035,5,9,false,五月,初九,乙卯,兔,
2035-06-15,2035,5,10,false,五月,初十,乙卯,兔,
2035-06-16,2035,5,11,false,五月,十一,乙卯,兔,
2035-06-17,2035,5,12,false,五月,十二,乙卯,兔,
2035-06-18,2035,5,13,false,五月,十三,乙卯,兔,
2035-06-19,2035,5,14,false,五月,十四,乙卯,兔,
2035-06-20,2035,5,15,false,五月,十五,乙卯,兔,
2035-06-21,2035,5,16,false,五月,十六,乙卯,兔,夏至
2035-06-22,2035,5,17,false,五月,十七,乙卯,兔,
2035-06-23,2035,5,18,false,五月,十八,乙卯,兔,
2035-06-24,2035,5,19,false,五月,十九,乙卯,兔,
2035-06-25,2035,5,20,false,五月,二十,乙卯,兔,
2035-06-26,2035,5,21,false,五月,廿一,乙卯,兔,
2035-06-27,2035,5,22,false,五月,廿二,乙卯,兔,
2035-06-28,2035,5,23,false,五月,廿三,乙卯,兔,
2035-06-29,2035,5,24,false,五月,廿四,乙卯,兔,
2035-06-30,2035,5,25,false,五月,廿五,乙卯,兔,
2035-07-01,2035,5,26,false,五月,廿六,乙卯,兔,
2035-07-02,2035,5,27,false,五月,廿七,乙卯,兔,
2035-07-03,2035,5,28,false,五月,廿八,乙卯,兔,
2035-07-04,2035,5,29,false,五月,廿九,乙卯,兔,
2035-07-05,2035,6,1,false,六月,初一,乙卯,兔,
2035-07-06,2035,6,2,false,六月,初二,乙卯,兔,
2035-07-07,2035,6,3,false,六月,初三,乙卯,兔,小暑
2035-07-08,2035,6,4,false,六月,初四,乙卯,兔,
2035-07-09,2035,6,5,false,六月,初五,乙卯,兔,
2035-07-10,2035,6,6,false,六月,初六,乙卯,兔,
2035-07-11,2035,6,7,false,六月,初七,乙卯,兔,
2035-07-12,2035,6,8,false,六月,初八,乙卯,兔,
2035-07-13,2035,6,9,false,六月,初九,乙卯,兔,
2035-07-14,2035,6,10,false,六月,初十,乙卯,兔,
2035-07-15,2035,6,11,false,六月,十一,乙卯,兔,
2035-07-16,2035,6,12,false,六月,十二,乙卯,兔,
2035-07-17,2035,6,13,false,六月,十三,乙卯,兔,
2035-07-18,2035,6,14,false,六月,十四,乙卯,兔,
2035-07-19,2035,6,15,false,六月,十五,乙卯,兔,
2035-07-20,2035,6,16,false,六月,十六,乙卯,兔,
2035-07-21,2035,6,17,false,六月,十七,乙卯,兔,
2035-07-22,2035,6,18,false,六月,十八,乙卯,兔,
2035-07-23,2035,6,19,false,六月,十九,乙卯,兔,大暑
2035-07-24,2035,6,20,false,六月,二十,乙卯,兔,
2035-07-25,2035,6,21,false,六月,廿一,乙卯,兔,
2035-07-26,2035,6,22,false,六月,廿二,乙卯,兔,
2035-07-27,2035,6,23,false,六月,廿三,乙卯,兔,
2035-07-28,2035,6,24,false,六月,廿四,乙卯,兔,
2035-07-29,2035,6,25,false,六月,廿五,乙卯,兔,
2035-07-30,2035,6,26,false,六月,廿六,乙卯,兔,
2035-07-31,2035,6,27,false,六月,廿七,乙卯,兔,
2035-08-01,2035,6,28,false,六月,廿八,乙卯,兔,
2035-08-02,2035,6,29,false,六月,廿九,乙卯,兔,
2035-08-03,2035,6,30,false,六月,三十,乙卯,兔,
2035-08-04,2035,7,1,false,七月,初一,乙卯,兔,
2035-08-05,2035,7,2,false,七月,初二,乙卯,兔,
2035-08-06,2035,7,3,false,七月,初三,乙卯,兔,
2035-08-07,2035,7,4,false,七月,初四,乙卯,兔,立秋
2035-08-08,2035,7,5,false,七月,初五,乙卯,兔,
2035-08-09,2035,7,6,false,七月,初六,乙卯,兔,
2035-08-10,2035,7,7,false,七月,初七,乙卯,兔,
2035-08-11,2035,7,8,false,七月,初八,乙卯,兔,
2035-08-12,2035,7,9,false,七月,初九,乙卯,兔,
2035-08-13,2035,7,10,false,七月,初十,乙卯,兔,
2035-08-14,2035,7,11,false,七月,十一,乙卯,兔,
2035-08-15,2035,7,12,false,七月,十二,乙卯,兔,
2035-08-16,2035,7,13,false,七月,十三,乙卯,兔,
2035-08-17,2035,7,14,false,七月,十四,乙卯,兔,
2035-08-18,2035,7,15,false,七月,十五,乙卯,兔,
2035-08-19,2035,7,16,false,七月,十六,乙卯,兔,
2035-08-20,2035,7,17,false,七月,十七,乙卯,兔,
2035-08-21,2035,7,18,false,七月,十八,乙卯,兔,
2035-08-22,2035,7,19,false,七月,十九,乙卯,兔,
2035-08-23,2035,7,20,false,七月,二十,乙卯,兔,處暑
2035-08-24,2035,7,21,false,七月,廿一,乙卯,兔,
2035-08-25,2035,7,22,false,七月,廿二,乙卯,兔,
2035-08-26,2035,7,23,false,七月,廿三,乙卯,兔,
2035-08-27,2035,7,24,false,七月,廿四,乙卯,兔,
2035-08-28,2035,7,25,false,七月,廿五,乙卯,兔,
2035-08-29,2035,7,26,false,七月,廿六,乙卯,兔,
2035-08-30,2035,7,27,false,七月,廿七,乙卯,兔,
2035-08-31,2035,7,28,false,七月,廿八,乙卯,兔,
2035-09-01,2035,7,29,false,七月,廿九,乙卯,兔,
2035-09-02,2035,8,1,false,八月,初一,乙卯,兔,
2035-09-03,2035,8,2,false,八月,初二,乙卯,兔,
2035-09-04,2035,8,3,false,八月,初三,乙卯,兔,
2035-09-05,2035,8,4,false,八月,初四,乙卯,兔,
2035-09-06,2035,8,5,false,八月,初五,乙卯,兔,
2035-09-07,2035,8,6,false,八月,初六,乙卯,兔,
2035-09-08,2035,8,7,false,八月,初七,乙卯,兔,白露
2035-09-09,2035,8,8,false,八月,初八,乙卯,兔,
2035-09-10,2035,8,9,false,八月,初九,乙卯,兔,
2035-09-11,2035,8,10,false,八月,初十,乙卯,兔,
2035-09-12,2035,8,11,false,八月,十一,乙卯,兔,
2035-09-13,2035,8,12,false,八月,十二,乙卯,兔,
2035-09-14,2035,8,13,false,八月,十三,乙卯,兔,
2035-09-15,2035,8,14,false,八月,十四,乙卯,兔,
2035-09-16,2035,8,15,false,八月,十五,乙卯,兔,
2035-09-17,2035,8,16,false,八月,十六,乙卯,兔,
2035-09-18,2035,8,17,false,八月,十七,乙卯,兔,
2035-09-19,2035,8,18,false,八月,十八,乙卯,兔,
2035-09-20,2035,8,19,false,八月,十九,乙卯,兔,
2035-09-21,2035,8,20,false,八月,二十,乙卯,兔,
2035-09-22,2035,8,21,false,八月,廿一,乙卯,兔,
2035-09-23,2035,8,22,false,八月,廿二,乙卯,兔,秋分
2035-09-24,2035,8,23,false,八月,廿三,乙卯,兔,
2035-09-25,2035,8,24,false,八月,廿四,乙卯,兔,
2035-09-26,2035,8,25,false,八月,廿五,乙卯,兔,
2035-09-27,2035,8,26,false,八月,廿六,乙卯,兔,
2035-09-28,2035,8,27,false,八月,廿七,乙卯,兔,
2035-09-29,2035,8,28,false,八月,廿八,乙卯,兔,
2035-09-30,2035,8,29,false,八月,廿九,乙卯,兔,
2035-10-01,2035,9,1,false,九月,初一,乙卯,兔,
2035-10-02,2035,9,2,false,九月,初二,乙卯,兔,
2035-10-03,2035,9,3,false,九月,初三,乙卯,兔,
2035-10-04,2035,9,4,false,九月,初四,乙卯,兔,
2035-10-05,2035,9,5,false,九月,初五,乙卯,兔,
2035-10-06,2035,9,6,false,九月,初六,乙卯,兔,
2035-10-07,2035,9,7,false,九月,初七,乙卯,兔,
2035-10-08,2035,9,8,false,九月,初八,乙卯,兔,寒露
2035-10-09,2035,9,9,false,九月,初九,乙卯,兔,
2035-10-10,2035,9,10,false,九月,初十,乙卯,兔,
2035-10-11,2035,9,11,false,九月,十一,乙卯,兔,
2035-10-12,2035,9,12,false,九月,十二,乙卯,兔,
2035-10-13,2035,9,13,false,九月,十三,乙卯,兔,
2035-10-14,2035,9,14,false,九月,十四,乙卯,兔,
2035-10-15,2035,9,15,false,九月,十五,乙卯,兔,
2035-10-16,2035,9,16,false,九月,十六,乙卯,兔,
2035-10-17,2035,9,17,false,九月,十七,乙卯,兔,
2035-10-18,2035,9,18,false,九月,十八,乙卯,兔,
2035-10-19,2035,9,19,false,九月,十九,乙卯,兔,
2035-10-20,2035,9,20,false,九月,二十,乙卯,兔,
2035-10-21,2035,9,21,false,九月,廿一,乙卯,兔,
2035-10-22,2035,9,22,false,九月,廿二,乙卯,兔,
2035-10-23,2035,9,23,false,九月,廿三,乙卯,兔,霜降
2035-10-24,2035,9,24,false,九月,廿四,乙卯,兔,
2035-10-25,2035,9,25,false,九月,廿五,乙卯,兔,
2035-10-26,2035,9,26,false,九月,廿六,乙卯,兔,
2035-10-27,2035,9,27,false,九月,廿七,乙卯,兔,
2035-10-28,2035,9,28,false,九月,廿八,乙卯,兔,
2035-10-29,2035,9,29,false,九月,廿九,乙卯,兔,
2035-10-30,2035,9,30,false,九月,三十,乙卯,兔,
2035-10-31,2035,10,1,false,十月,初一,乙卯,兔,
2035-11-01,2035,10,2,false,十月,初二,乙卯,兔,
2035-11-02,2035,10,3,false,十月,初三,乙卯,兔,
2035-11-03,2035,10,4,false,十月,初四,乙卯,兔,
2035-11-04,2035,10,5,false,十月,初五,乙卯,兔,
2035-11-05,2035,10,6,false,十月,初六,乙卯,兔,
2035-11-06,2035,10,7,false,十月,初七,乙卯,兔,
2035-11-07,2035,10,8,false,十月,初八,乙卯,兔,立冬
2035-11-08,2035,10,9,false,十月,初九,乙卯,兔,
2035-11-09,2035,10,10,false,十月,初十,乙卯,兔,
2035-11-10,2035,10,11,false,十月,十一,乙卯,兔,
2035-11-11,2035,10,12,false,十月,十二,乙卯,兔,
2035-11-12,2035,10,13,false,十月,十三,乙卯,兔,
2035-11-13,2035,10,14,false,十月,十四,乙卯,兔,
2035-11-14,2035,10,15,false,十月,十五,乙卯,兔,
2035-11-15,2035,10,16,false,十月,十六,乙卯,兔,
2035-11-16,2035,10,17,false,十月,十七,乙卯,兔,
2035-11-17,2035,10,18,false,十月,十八,乙卯,兔,
2035-11-18,2035,10,19,false,十月,十九,乙卯,兔,
2035-11-19,2035,10,20,false,十月,二十,乙卯,兔,
2035-11-20,2035,10,21,false,十月,廿一,乙卯,兔,
2035-11-21,2035,10,22,false,十月,廿二,乙卯,兔,
2035-11-22,2035,10,23,false,十月,廿三,乙卯,兔,小雪
2035-11-23,2035,10,24,false,十月,廿四,乙卯,兔,
2035-11-24,2035,10,25,false,十月,廿五,乙卯,兔,
2035-11-25,2035,10,26,false,十月,廿六,乙卯,兔,
2035-11-26,2035,10,27,false,十月,廿七,乙卯,兔,
2035-11-27,2035,10,28,false,十月,廿八,乙卯,兔,
2035-11-28,2035,10,29,false,十月,廿九,乙卯,兔,
2035-11-29,2035,10,30,false,十月,三十,乙卯,兔,
2035-11-30,2035,11,1,false,十一月,初一,乙卯,兔,
2035-12-01,2035,11,2,false,十一月,初二,乙卯,兔,
2035-12-02,2035,11,3,false,十一月,初三,乙卯,兔,
2035-12-03,2035,11,4,false,十一月,初四,乙卯,兔,
2035-12-04,2035,11,5,false,十一月,初五,乙卯,兔,
2035-12-05,2035,11,6,false,十一月,初六,乙卯,兔,
2035-12-06,2035,11,7,false,十一月,初七,乙卯,兔,
2035-12-07,2035,11,8,false,十一月,初八,乙卯,兔,大雪
2035-12-08,2035,11,9,false,十一月,初九,乙卯,兔,
2035-12-09,2035,11,10,false,十一月,初十,乙卯,兔,
2035-12-10,2035,11,11,false,十一月,十一,乙卯,兔,
2035-12-11,2035,11,12,false,十一月,十二,乙卯,兔,
2035-12-12,2035,11,13,false,十一月,十三,乙卯,兔,
2035-12-13,2035,11,14,false,十一月,十四,乙卯,兔,
2035-12-14,2035,11,15,false,十一月,十五,乙卯,兔,
2035-12-15,2035,11,16,false,十一月,十六,乙卯,兔,
2035-12-16,2035,11,17,false,十一月,十七,乙卯,兔,
2035-12-17,2035,11,18,false,十一月,十八,乙卯,兔,
2035-12-18,2035,11,19,false,十一月,十九,乙卯,兔,
2035-12-19,2035,11,20,false,十一月,二十,乙卯,兔,
2035-12-20,2035,11,21,false,十一月,廿一,乙卯,兔,
2035-12-21,2035,11,22,false,十一月,廿二,乙卯,兔,
2035-12-22,2035,11,23,false,十一月,廿三,乙卯,兔,冬至
2035-12-23,2035,11,24,false,十一月,廿四,乙卯,兔,
2035-12-24,2035,11,25,false,十一月,廿五,乙卯,兔,
2035-12-25,2035,11,26,false,十一月,廿六,乙卯,兔,
2035-12-26,2035,11,27,false,十一月,廿七,乙卯,兔,
2035-12-27,2035,11,28,false,十一月,廿八,乙卯,兔,
2035-12-28,2035,11,29,false,十一月,廿九,乙卯,兔,
2035-12-29,2035,12,1,false,十二月,初一,乙卯,兔,
2035-12-30,2035,12,2,false,十二月,初二,乙卯,兔,
2035-12-31,2035,12,3,false,十二月,初三,乙卯,兔,
2036-01-01,2035,12,4,false,十二月,初四,乙卯,兔,
2036-01-02,2035,12,5,false,十二月,初五,乙卯,兔,
2036-01-03,2035,12,6,false,十二月,初六,乙卯,兔,
2036-01-04,2035,12,7,false,十二月,初七,乙卯,兔,
2036-01-05,2035,12,8,false,十二月,初八,乙卯,兔,
2036-01-06,2035,12,9,false,十二月,初九,乙卯,兔,小寒
2036-01-07,2035,12,10,false,十二月,初十,乙卯,兔,
2036-01-08,2035,12,11,false,十二月,十一,乙卯,兔,
2036-01-09,2035,12,12,false,十二月,十二,乙卯,兔,
2036-01-10,2035,12,13,false,十二月,十三,乙卯,兔,
2036-01-11,2035,12,14,false,十二月,十四,乙卯,兔,
2036-01-12,2035,12,15,false,十二月,十五,乙卯,兔,
2036-01-13,2035,12,16,false,十二月,十六,乙卯,兔,
2036-01-14,2035,12,17,false,十二月,十七,乙卯,兔,
2036-01-15,2035,12,18,false,十二月,十八,乙卯,兔,
2036-01-16,2035,12,19,false,十二月,十九,乙卯,兔,
2036-01-17,2035,12,20,false,十二月,二十,乙卯,兔,
2036-01-18,2035,12,21,false,十二月,廿一,乙卯,兔,
2036-01-19,2035,12,22,false,十二月,廿二,乙卯,兔,
2036-01-20,2035,12,23,false,十二月,廿三,乙卯,兔,大寒
2036-01-21,2035,12,24,false,十二月,廿四,乙卯,兔,
2036-01-22,2035,12,25,false,十二月,廿五,乙卯,兔,
2036-01-23,2035,12,26,false,十二月,廿六,乙卯,兔,
2036-01-24,2035,12,27,false,十二月,廿七,乙卯,兔,
2036-01-25,2035,12,28,false,十二月,廿八,乙卯,兔,
2036-01-26,2035,12,29,false,十二月,廿九,乙卯,兔,
2036-01-27,2035,12,30,false,十二月,三十,乙卯,兔,
2036-01-28,2036,1,1,false,一月,初一,丙辰,龍,
2036-01-29,2036,1,2,false,一月,初二,丙辰,龍,
2036-01-30,2036,1,3,false,一月,初三,丙辰,龍,
2036-01-31,2036,1,4,false,一月,初四,丙辰,龍,
2036-02-01,2036,1,5,false,一月,初五,丙辰,龍,
2036-02-02,2036,1,6,false,一月,初六,丙辰,龍,
2036-02-03,2036,1,7,false,一月,初七,丙辰,龍,
2036-02-04,2036,1,8,false,一月,初八,丙辰,龍,立春
2036-02-05,2036,1,9,false,一月,初九,丙辰,龍,
2036-02-06,2036,1,10,false,一月,初十,丙辰,龍,
2036-02-07,2036,1,11,false,一月,十一,丙辰,龍,
2036-02-08,2036,1,12,false,一月,十二,丙辰,龍,
2036-02-09,2036,1,13,false,一月,十三,丙辰,龍,
2036-02-10,2036,1,14,false,一月,十四,丙辰,龍,
2036-02-11,2036,1,15,false,一月,十五,丙辰,龍,
2036-02-12,2036,1,16,false,一月,十六,丙辰,龍,
2036-02-13,2036,1,17,false,一月,十七,丙辰,龍,
2036-02-14,2036,1,18,false,一月,十八,丙辰,龍,
2036-02-15,2036,1,19,false,一月,十九,丙辰,龍,
2036-02-16,2036,1,20,false,一月,二十,丙辰,龍,
2036-02-17,2036,1,21,false,一月,廿一,丙辰,龍,
2036-02-18,2036,1,22,false,一月,廿二,丙辰,龍,
2036-02-19,2036,1,23,false,一月,廿三,丙辰,龍,雨水
2036-02-20,2036,1,24,false,一月,廿四,丙辰,龍,
2036-02-21,2036,1,25,false,一月,廿五,丙辰,龍,
2036-02-22,2036,1,26,false,一月,廿六,丙辰,龍,
2036-02-23,2036,1,27,false,一月,廿七,丙辰,龍,
2036-02-24,2036,1,28,false,一月,廿八,丙辰,龍,
2036-02-25,2036,1,29,false,一月,廿九,丙辰,龍,
2036-02-26,2036,1,30,false,一月,三十,丙辰,龍,
2036-02-27,2036,2,1,false,二月,初一,丙辰,龍,
2036-02-28,2036,2,2,false,二月,初二,丙辰,龍,
2036-02-29,2036,2,3,false,二月,初三,丙辰,龍,
2036-03-01,2036,2,4,false,二月,初四,丙辰,龍,
2036-03-02,2036,2,5,false,二月,初五,丙辰,龍,
2036-03-03,2036,2,6,false,二月,初六,丙辰,龍,
2036-03-04,2036,2,7,false,二月,初七,丙辰,龍,
2036-03-05,2036,2,8,false,二月,初八,丙辰,龍,驚蟄
2036-03-06,2036,2,9,false,二月,初九,丙辰,龍,
2036-03-07,2036,2,10,false,二月,初十,丙辰,龍,
2036-03-08,2036,2,11,false,二月,十一,丙辰,龍,
2036-03-09,2036,2,12,false,二月,十二,丙辰,龍,
2036-03-10,2036,2,13,false,二月,十三,丙辰,龍,
2036-03-11,2036,2,14,false,二月,十四,丙辰,龍,
2036-03-12,2036,2,15,false,二月,十五,丙辰,龍,
2036-03-13,2036,2,16,false,二月,十六,丙辰,龍,
2036-03-14,2036,2,17,false,二月,十七,丙辰,龍,
2036-03-15,2036,2,18,false,二月,十八,丙辰,龍,
2036-03-16,2036,2,19,false,二月,十九,丙辰,龍,
2036-03-17,2036,2,20,false,二月,二十,丙辰,龍,
2036-03-18,2036,2,21,false,二月,廿一,丙辰,龍,
2036-03-19,2036,2,22,false,二月,廿二,丙辰,龍,
2036-03-20,2036,2,23,false,二月,廿三,丙辰,龍,春分
2036-03-21,2036,2,24,false,二月,廿四,丙辰,龍,
2036-03-22,2036,2,25,false,二月,廿五,丙辰,龍,
2036-03-23,2036,2,26,false,二月,廿六,丙辰,龍,
2036-03-24,2036,2,27,false,二月,廿七,丙辰,龍,
2036-03-25,2036,2,28,false,二月,廿八,丙辰,龍,
2036-03-26,2036,2,29,false,二月,廿九,丙辰,龍,
2036-03-27,2036,2,30,false,二月,三十,丙辰,龍,
2036-03-28,2036,3,1,false,三月,初一,丙辰,龍,
2036-03-29,2036,3,2,false,三月,初二,丙辰,龍,
2036-03-30,2036,3,3,false,三月,初三,丙辰,龍,
2036-03-31,2036,3,4,false,三月,初四,丙辰,龍,
2036-04-01,2036,3,5,false,三月,初五,丙辰,龍,
2036-04-02,2036,3,6,false,三月,初六,丙辰,龍,
2036-04-03,2036,3,7,false,三月,初七,丙辰,龍,
2036-04-04,2036,3,8,false,三月,初八,丙辰,龍,清明
2036-04-05,2036,3,9,false,三月,初九,丙辰,龍,
2036-04-06,2036,3,10,false,三月,初十,丙辰,龍,
2036-04-07,2036,3,11,false,三月,十一,丙辰,龍,
2036-04-08,2036,3,12,false,三月,十二,丙辰,龍,
2036-04-09,2036,3,13,false,三月,十三,丙辰,龍,
2036-04-10,2036,3,14,false,三月,十四,丙辰,龍,
2036-04-11,2036,3,15,false,三月,十五,丙辰,龍,
2036-04-12,2036,3,16,false,三月,十六,丙辰,龍,
2036-04-13,2036,3,17,false,三月,十七,丙辰,龍,
2036-04-14,2036,3,18,false,三月,十八,丙辰,龍,
2036-04-15,2036,3,19,false,三月,十九,丙辰,龍,
2036-04-16,2036,3,20,false,三月,二十,丙辰,龍,
2036-04-17,2036,3,21,false,三月,廿一,丙辰,龍,
2036-04-18,2036,3,22,false,三月,廿二,丙辰,龍,
2036-04-19,2036,3,23,false,三月,廿三,丙辰,龍,穀雨
2036-04-20,2036,3,24,false,三月,廿四,丙辰,龍,
2036-04-21,2036,3,25,false,三月,廿五,丙辰,龍,
2036-04-22,2036,3,26,false,三月,廿六,丙辰,龍,
2036-04-23,2036,3,27,false,三月,廿七,丙辰,龍,
2036-04-24,2036,3,28,false,三月,廿八,丙辰,龍,
2036-04-25,2036,3,29,false,三月,廿九,丙辰,龍,
2036-04-26,2036,4,1,false,四月,初一,丙辰,龍,
2036-04-27,2036,4,2,false,四月,初二,丙辰,龍,
2036-04-28,2036,4,3,false,四月,初三,丙辰,龍,
2036-04-29,2036,4,4,false,四月,初四,丙辰,龍,
2036-04-30,2036,4,5,false,四月,初五,丙辰,龍,
2036-05-01,2036,4,6,false,四月,初六,丙辰,龍,
2036-05-02,2036,4,7,false,四月,初七,丙辰,龍,
2036-05-03,2036,4,8,false,四月,初八,丙辰,龍,
2036-05-04,2036,4,9,false,四月,初九,丙辰,龍,
2036-05-05,2036,4,10,false,四月,初十,丙辰,龍,立夏
2036-05-06,2036,4,11,false,四月,十一,丙辰,龍,
2036-05-07,2036,4,12,false,四月,十二,丙辰,龍,
2036-05-08,2036,4,13,false,四月,十三,丙辰,龍,
2036-05-09,2036,4,14,false,四月,十四,丙辰,龍,
2036-05-10,2036,4,15,false,四月,十五,丙辰,龍,
2036-05-11,2036,4,16,false,四月,十六,丙辰,龍,
2036-05-12,2036,4,17,false,四月,十七,丙辰,龍,
2036-05-13,2036,4,18,false,四月,十八,丙辰,龍,
2036-05-14,2036,4,19,false,四月,十九,丙辰,龍,
2036-05-15,2036,4,20,false,四月,二十,丙辰,龍,
2036-05-16,2036,4,21,false,四月,廿一,丙辰,龍,
2036-05-17,2036,4,22,false,四月,廿二,丙辰,龍,
2036-05-18,2036,4,23,false,四月,廿三,丙辰,龍,
2036-05-19,2036,4,24,false,四月,廿四,丙辰,龍,
2036-05-20,2036,4,25,false,四月,廿五,丙辰,龍,小滿
2036-05-21,2036,4,26,false,四月,廿六,丙辰,龍,
2036-05-22,2036,4,27,false,四月,廿七,丙辰,龍,
2036-05-23,2036,4,28,false,四月,廿八,丙辰,龍,
2036-05-24,2036,4,29,false,四月,廿九,丙辰,龍,
2036-05-25,2036,4,30,false,四月,三十,丙辰,龍,
2036-05-26,2036,5,1,false,五月,初一,丙辰,龍,
2036-05-27,2036,5,2,false,五月,初二,丙辰,龍,
2036-05-28,2036,5,3,false,五月,初三,丙辰,龍,
2036-05-29,2036,5,4,false,五月,初四,丙辰,龍,
2036-05-30,2036,5,5,false,五月,初五,丙辰,龍,
2036-05-31,2036,5,6,false,五月,初六,丙辰,龍,
2036-06-01,2036,5,7,false,五月,初七,丙辰,龍,
2036-06-02,2036,5,8,false,五月,初八,丙辰,龍,
2036-06-03,2036,5,9,false,五月,初九,丙辰,龍,
2036-06-04,2036,5,10,false,五月,初十,丙辰,龍,
2036-06-05,2036,5,11,false,五月,十一,丙辰,龍,芒種
2036-06-06,2036,5,12,false,五月,十二,丙辰,龍,
2036-06-07,2036,5,13,false,五月,十三,丙辰,龍,
2036-06-08,2036,5,14,false,五月,十四,丙辰,龍,
2036-06-09,2036,5,15,false,五月,十五,丙辰,龍,
2036-06-10,2036,5,16,false,五月,十六,丙辰,龍,
2036-06-11,2036,5,17,false,五月,十七,丙辰,龍,
2036-06-12,2036,5,18,false,五月,十八,丙辰,龍,
2036-06-13,2036,5,19,false,五月,十九,丙辰,龍,
2036-06-14,2036,5,20,false,五月,二十,丙辰,龍,
2036-06-15,2036,5,21,false,五月,廿一,丙辰,龍,
2036-06-16,2036,5,22,false,五月,廿二,丙辰,龍,
2036-06-17,2036,5,23,false,五月,廿三,丙辰,龍,
2036-06-18,2036,5,24,false,五月,廿四,丙辰,龍,
2036-06-19,2036,5,25,false,五月,廿五,丙辰,龍,
2036-06-20,2036,5,26,false,五月,廿六,丙辰,龍,
2036-06-21,2036,5,27,false,五月,廿七,丙辰,龍,夏至
2036-06-22,2036,5,28,false,五月,廿八,丙辰,龍,
2036-06-23,2036,5,29,false,五月,廿九,丙辰,龍,
2036-06-24,2036,6,1,false,六月,初一,丙辰,龍,
2036-06-25,2036,6,2,false,六月,初二,丙辰,龍,
2036-06-26,2036,6,3,false,六月,初三,丙辰,龍,
2036-06-27,2036,6,4,false,六月,初四,丙辰,龍,
2036-06-28,2036,6,5,false,六月,初五,丙辰,龍,
2036-06-29,2036,6,6,false,六月,初六,丙辰,龍,
2036-06-30,2036,6,7,false,六月,初七,丙辰,龍,
2036-07-01,2036,6,8,false,六月,初八,丙辰,龍,
2036-07-02,2036,6,9,false,六月,初九,丙辰,龍,
2036-07-03,2036,6,10,false,六月,初十,丙辰,龍,
2036-07-04,2036,6,11,false,六月,十一,丙辰,龍,
2036-07-05,2036,6,12,false,六月,十二,丙辰,龍,
2036-07-06,2036,6,13,false,六月,十三,丙辰,龍,小暑
2036-07-07,2036,6,14,false,六月,十四,丙辰,龍,
2036-07-08,2036,6,15,false,六月,十五,丙辰,龍,
2036-07-09,2036,6,16,false,六月,十六,丙辰,龍,
2036-07-10,2036,6,17,false,六月,十七,丙辰,龍,
2036-07-11,2036,6,18,false,六月,十八,丙辰,龍,
2036-07-12,2036,6,19,false,六月,十九,丙辰,龍,
2036-07-13,2036,6,20,false,六月,二十,丙辰,龍,
2036-07-14,2036,6,21,false,六月,廿一,丙辰,龍,
2036-07-15,2036,6,22,false,六月,廿二,丙辰,龍,
2036-07-16,2036,6,23,false,六月,廿三,丙辰,龍,
2036-07-17,2036,6,24,false,六月,廿四,丙辰,龍,
2036-07-18,2036,6,25,false,六月,廿五,丙辰,龍,
2036-07-19,2036,6,26,false,六月,廿六,丙辰,龍,
2036-07-20,2036,6,27,false,六月,廿七,丙辰,龍,
2036-07-21,2036,6,28,false,六月,廿八,丙辰,龍,
2036-07-22,2036,6,29,false,六月,廿九,丙辰,龍,大暑
2036-07-23,2036,6,1,true,閏六月,初一,丙辰,龍,
2036-07-24,2036,6,2,true,閏六月,初二,丙辰,龍,
2036-07-25,2036,6,3,true,閏六月,初三,丙辰,龍,
2036-07-26,2036,6,4,true,閏六月,初四,丙辰,龍,
2036-07-27,2036,6,5,true,閏六月,初五,丙辰,龍,
2036-07-28,2036,6,6,true,閏六月,初六,丙辰,龍,
2036-07-29,2036,6,7,true,閏六月,初七,丙辰,龍,
2036-07-30,2036,6,8,true,閏六月,初八,丙辰,龍,
2036-07-31,2036,6,9,true,閏六月,初九,丙辰,龍,
2036-08-01,2036,6,10,true,閏六月,初十,丙辰,龍,
2036-08-02,2036,6,11,true,閏六月,十一,丙辰,龍,
2036-08-03,2036,6,12,true,閏六月,十二,丙辰,龍,
2036-08-04,2036,6,13,true,閏六月,十三,丙辰,龍,
2036-08-05,2036,6,14,true,閏六月,十四,丙辰,龍,
2036-08-06,2036,6,15,true,閏六月,十五,丙辰,龍,
2036-08-07,2036,6,16,true,閏六月,十六,丙辰,龍,立秋
2036-08-08,2036,6,17,true,閏六月,十七,丙辰,龍,
2036-08-09,2036,6,18,true,閏六月,十八,丙辰,龍,
2036-08-10,2036,6,19,true,閏六月,十九,丙辰,龍,
2036-08-11,2036,6,20,true,閏六月,二十,丙辰,龍,
2036-08-12,2036,6,21,true,閏六月,廿一,丙辰,龍,
2036-08-13,2036,6,22,true,閏六月,廿二,丙辰,龍,
2036-08-14,2036,6,23,true,閏六月,廿三,丙辰,龍,
2036-08-15,2036,6,24,true,閏六月,廿四,丙辰,龍,
2036-08-16,2036,6,25,true,閏六月,廿五,丙辰,龍,
2036-08-17,2036,6,26,true,閏六月,廿六,丙辰,龍,
2036-08-18,2036,6,27,true,閏六月,廿七,丙辰,龍,
2036-08-19,2036,6,28,true,閏六月,廿八,丙辰,龍,
2036-08-20,2036,6,29,true,閏六月,廿九,丙辰,龍,
2036-08-21,2036,6,30,true,閏六月,三十,丙辰,龍,
2036-08-22,2036,7,1,false,七月,初一,丙辰,龍,處暑
2036-08-23,2036,7,2,false,七月,初二,丙辰,龍,
2036-08-24,2036,7,3,false,七月,初三,丙辰,龍,
2036-08-25,2036,7,4,false,七月,初四,丙辰,龍,
2036-08-26,2036,7,5,false,七月,初五,丙辰,龍,
2036-08-27,2036,7,6,false,七月,初六,丙辰,龍,
2036-08-28,2036,7,7,false,七月,初七,丙辰,龍,
2036-08-29,2036,7,8,false,七月,初八,丙辰,龍,
2036-08-30,2036,7,9,false,七月,初九,丙辰,龍,
2036-08-31,2036,7,10,false,七月,初十,丙辰,龍,
2036-09-01,2036,7,11,false,七月,十一,丙辰,龍,
2036-09-02,2036,7,12,false,七月,十二,丙辰,龍,
2036-09-03,2036,7,13,false,七月,十三,丙辰,龍,
2036-09-04,2036,7,14,false,七月,十四,丙辰,龍,
2036-09-05,2036,7,15,false,七月,十五,丙辰,龍,
2036-09-06,2036,7,16,false,七月,十六,丙辰,龍,
2036-09-07,2036,7,17,false,七月,十七,丙辰,龍,白露
2036-09-08,2036,7,18,false,七月,十八,丙辰,龍,
2036-09-09,2036,7,19,false,七月,十九,丙辰,龍,
2036-09-10,2036,7,20,false,七月,二十,丙辰,龍,
2036-09-11,2036,7,21,false,七月,廿一,丙辰,龍,
2036-09-12,2036,7,22,false,七月,廿二,丙辰,龍,
2036-09-13,2036,7,23,false,七月,廿三,丙辰,龍,
2036-09-14,2036,7,24,false,七月,廿四,丙辰,龍,
2036-09-15,2036,7,25,false,七月,廿五,丙辰,龍,
2036-09-16,2036,7,26,false,七月,廿六,丙辰,龍,
2036-09-17,2036,7,27,false,七月,廿七,丙辰,龍,
2036-09-18,2036,7,28,false,七月,廿八,丙辰,龍,
2036-09-19,2036,7,29,false,七月,廿九,丙辰,龍,
2036-09-20,2036,8,1,false,八月,初一,丙辰,龍,
2036-09-21,2036,8,2,false,八月,初二,丙辰,龍,
2036-09-22,2036,8,3,false,八月,初三,丙辰,龍,秋分
2036-09-23,2036,8,4,false,八月,初四,丙辰,龍,
2036-09-24,2036,8,5,false,八月,初五,丙辰,龍,
2036-09-25,2036,8,6,false,八月,初六,丙辰,龍,
2036-09-26,2036,8,7,false,八月,初七,丙辰,龍,
2036-09-27,2036,8,8,false,八月,初八,丙辰,龍,
2036-09-28,2036,8,9,false,八月,初九,丙辰,龍,
2036-09-29,2036,8,10,false,八月,初十,丙辰,龍,
2036-09-30,2036,8,11,false,八月,十一,丙辰,龍,
2036-10-01,2036,8,12,false,八月,十二,丙辰,龍,
2036-10-02,2036,8,13,false,八月,十三,丙辰,龍,
2036-10-03,2036,8,14,false,八月,十四,丙辰,龍,
2036-10-04,2036,8,15,false,八月,十五,丙辰,龍,
2036-10-05,2036,8,16,false,八月,十六,丙辰,龍,
2036-10-06,2036,8,17,false,八月,十七,丙辰,龍,
2036-10-07,2036,8,18,false,八月,十八,丙辰,龍,
2036-10-08,2036,8,19,false,八月,十九,丙辰,龍,寒露
2036-10-09,2036,8,20,false,八月,二十,丙辰,龍,
2036-10-10,2036,8,21,false,八月,廿一,丙辰,龍,
2036-10-11,2036,8,22,false,八月,廿二,丙辰,龍,
2036-10-12,2036,8,23,false,八月,廿三,丙辰,龍,
2036-10-13,2036,8,24,false,八月,廿四,丙辰,龍,
2036-10-14,2036,8,25,false,八月,廿五,丙辰,龍,
2036-10-15,2036,8,26,false,八月,廿六,丙辰,龍,
2036-10-16,2036,8,27,false,八月,廿七,丙辰,龍,
2036-10-17,2036,8,28,false,八月,廿八,丙辰,龍,
2036-10-18,2036,8,29,false,八月,廿九,丙辰,龍,
2036-10-19,2036,9,1,false,九月,初一,丙辰,龍,
2036-10-20,2036,9,2,false,九月,初二,丙辰,龍,
2036-10-21,2036,9,3,false,九月,初三,丙辰,龍,
2036-10-22,2036,9,4,false,九月,初四,丙辰,龍,
2036-10-23,2036,9,5,false,九月,初五,丙辰,龍,霜降
2036-10-24,2036,9,6,false,九月,初六,丙辰,龍,
2036-10-25,2036,9,7,false,九月,初七,丙辰,龍,
2036-10-26,2036,9,8,false,九月,初八,丙辰,龍,
2036-10-27,2036,9,9,false,九月,初九,丙辰,龍,
2036-10-28,2036,9,10,false,九月,初十,丙辰,龍,
2036-10-29,2036,9,11,false,九月,十一,丙辰,龍,
2036-10-30,2036,9,12,false,九月,十二,丙辰,龍,
2036-10-31,2036,9,13,false,九月,十三,丙辰,龍,
2036-11-01,2036,9,14,false,九月,十四,丙辰,龍,
2036-11-02,2036,9,15,false,九月,十五,丙辰,龍,
2036-11-03,2036,9,16,false,九月,十六,丙辰,龍,
2036-11-04,2036,9,17,false,九月,十七,丙辰,龍,
2036-11-05,2036,9,18,false,九月,十八,丙辰,龍,
2036-11-06,2036,9,19,false,九月,十九,丙辰,龍,
2036-11-07,2036,9,20,false,九月,二十,丙辰,龍,立冬
2036-11-08,2036,9,21,false,九月,廿一,丙辰,龍,
2036-11-09,2036,9,22,false,九月,廿二,丙辰,龍,
2036-11-10,2036,9,23,false,九月,廿三,丙辰,龍,
2036-11-11,2036,9,24,false,九月,廿四,丙辰,龍,
2036-11-12,2036,9,25,false,九月,廿五,丙辰,龍,
2036-11-13,2036,9,26,false,九月,廿六,丙辰,龍,
2036-11-14,2036,9,27,false,九月,廿七,丙辰,龍,
2036-11-15,2036,9,28,false,九月,廿八,丙辰,龍,
2036-11-16,2036,9,29,false,九月,廿九,丙辰,龍,
2036-11-17,2036,9,30,false,九月,三十,丙辰,龍,
2036-11-18,2036,10,1,false,十月,初一,丙辰,龍,
2036-11-19,2036,10,2,false,十月,初二,丙辰,龍,
2036-11-20,2036,10,3,false,十月,初三,丙辰,龍,
2036-11-21,2036,10,4,false,十月,初四,丙辰,龍,
2036-11-22,2036,10,5,false,十月,初五,丙辰,龍,小雪
2036-11-23,2036,10,6,false,十月,初六,丙辰,龍,
2036-11-24,2036,10,7,false,十月,初七,丙辰,龍,
2036-11-25,2036,10,8,false,十月,初八,丙辰,龍,
2036-11-26,2036,10,9,false,十月,初九,丙辰,龍,
2036-11-27,2036,10,10,false,十月,初十,丙辰,龍,
2036-11-28,2036,10,11,false,十月,十一,丙辰,龍,
2036-11-29,2036,10,12,false,十月,十二,丙辰,龍,
2036-11-30,2036,10,13,false,十月,十三,丙辰,龍,
2036-12-01,2036,10,14,false,十月,十四,丙辰,龍,
2036-12-02,2036,10,15,false,十月,十五,丙辰,龍,
2036-12-03,2036,10,16,false,十月,十六,丙辰,龍,
2036-12-04,2036,10,17,false,十月,十七,丙辰,龍,
2036-12-05,2036,10,18,false,十月,十八,丙辰,龍,
2036-12-06,2036,10,19,false,十月,十九,丙辰,龍,大雪
2036-12-07,2036,10,20,false,十月,二十,丙辰,龍,
2036-12-08,2036,10,21,false,十月,廿一,丙辰,龍,
2036-12-09,2036,10,22,false,十月,廿二,丙辰,龍,
2036-12-10,2036,10,23,false,十月,廿三,丙辰,龍,
2036-12-11,2036,10,24,false,十月,廿四,丙辰,龍,
2036-12-12,2036,10,25,false,十月,廿五,丙辰,龍,
2036-12-13,2036,10,26,false,十月,廿六,丙辰,龍,
2036-12-14,2036,10,27,false,十月,廿七,丙辰,龍,
2036-12-15,2036,10,28,false,十月,廿八,丙辰,龍,
2036-12-16,2036,10,29,false,十月,廿九,丙辰,龍,
2036-12-17,2036,11,1,false,十一月,初一,丙辰,龍,
2036-12-18,2036,11,2,false,十一月,初二,丙辰,龍,
2036-12-19,2036,11,3,false,十一月,初三,丙辰,龍,
2036-12-20,2036,11,4,false,十一月,初四,丙辰,龍,
2036-12-21,2036,11,5,false,十一月,初五,丙辰,龍,冬至
2036-12-22,2036,11,6,false,十一月,初六,丙辰,龍,
2036-12-23,2036,11,7,false,十一月,初七,丙辰,龍,
2036-12-24,2036,11,8,false,十一月,初八,丙辰,龍,
2036-12-25,2036,11,9,false,十一月,初九,丙辰,龍,
2036-12-26,2036,11,10,false,十一月,初十,丙辰,龍,
2036-12-27,2036,11,11,false,十一月,十一,丙辰,龍,
2036-12-28,2036,11,12,false,十一月,十二,丙辰,龍,
2036-12-29,2036,11,13,false,十一月,十三,丙辰,龍,
2036-12-30,2036,11,14,false,十一月,十四,丙辰,龍,
2036-12-31,2036,11,15,false,十一月,十五,丙辰,龍,
2037-01-01,2036,11,16,false,十一月,十六,丙辰,龍,
2037-01-02,2036,11,17,false,十一月,十七,丙辰,龍,
2037-01-03,2036,11,18,false,十一月,十八,丙辰,龍,
2037-01-04,2036,11,19,false,十一月,十九,丙辰,龍,
2037-01-05,2036,11,20,false,十一月,二十,丙辰,龍,小寒
2037-01-06,2036,11,21,false,十一月,廿一,丙辰,龍,
2037-01-07,2036,11,22,false,十一月,廿二,丙辰,龍,
2037-01-08,2036,11,23,false,十一月,廿三,丙辰,龍,
2037-01-09,2036,11,24,false,十一月,廿四,丙辰,龍,
2037-01-10,2036,11,25,false,十一月,廿五,丙辰,龍,
2037-01-11,2036,11,26,false,十一月,廿六,丙辰,龍,
2037-01-12,2036,11,27,false,十一月,廿七,丙辰,龍,
2037-01-13,2036,11,28,false,十一月,廿八,丙辰,龍,
2037-01-14,2036,11,29,false,十一月,廿九,丙辰,龍,
2037-01-15,2036,11,30,false,十一月,三十,丙辰,龍,
2037-01-16,2036,12,1,false,十二月,初一,丙辰,龍,
2037-01-17,2036,12,2,false,十二月,初二,丙辰,龍,
2037-01-18,2036,12,3,false,十二月,初三,丙辰,龍,
2037-01-19,2036,12,4,false,十二月,初四,丙辰,龍,
2037-01-20,2036,12,5,false,十二月,初五,丙辰,龍,大寒
2037-01-21,2036,12,6,false,十二月,初六,丙辰,龍,
2037-01-22,2036,12,7,false,十二月,初七,丙辰,龍,
2037-01-23,2036,12,8,false,十二月,初八,丙辰,龍,
2037-01-24,2036,12,9,false,十二月,初九,丙辰,龍,
2037-01-25,2036,12,10,false,十二月,初十,丙辰,龍,
2037-01-26,2036,12,11,false,十二月,十一,丙辰,龍,
2037-01-27,2036,12,12,false,十二月,十二,丙辰,龍,
2037-01-28,2036,12,13,false,十二月,十三,丙辰,龍,
2037-01-29,2036,12,14,false,十二月,十四,丙辰,龍,
2037-01-30,2036,12,15,false,十二月,十五,丙辰,龍,
2037-01-31,2036,12,16,false,十二月,十六,丙辰,龍,
2037-02-01,2036,12,17,false,十二月,十七,丙辰,龍,
2037-02-02,2036,12,18,false,十二月,十八,丙辰,龍,
2037-02-03,2036,12,19,false,十二月,十九,丙辰,龍,立春
2037-02-04,2036,12,20,false,十二月,二十,丙辰,龍,
2037-02-05,2036,12,21,false,十二月,廿一,丙辰,龍,
2037-02-06,2036,12,22,false,十二月,廿二,丙辰,龍,
2037-02-07,2036,12,23,false,十二月,廿三,丙辰,龍,
2037-02-08,2036,12,24,false,十二月,廿四,丙辰,龍,
2037-02-09,2036,12,25,false,十二月,廿五,丙辰,龍,
2037-02-10,2036,12,26,false,十二月,廿六,丙辰,龍,
2037-02-11,2036,12,27,false,十二月,廿七,丙辰,龍,
2037-02-12,2036,12,28,false,十二月,廿八,丙辰,龍,
2037-02-13,2036,12,29,false,十二月,廿九,丙辰,龍,
2037-02-14,2036,12,30,false,十二月,三十,丙辰,龍,
2037-02-15,2037,1,1,false,一月,初一,丁巳,蛇,
2037-02-16,2037,1,2,false,一月,初二,丁巳,蛇,
2037-02-17,2037,1,3,false,一月,初三,丁巳,蛇,
2037-02-18,2037,1,4,false,一月,初四,丁巳,蛇,雨水
2037-02-19,2037,1,5,false,一月,初五,丁巳,蛇,
2037-02-20,2037,1,6,false,一月,初六,丁巳,蛇,
2037-02-21,2037,1,7,false,一月,初七,丁巳,蛇,
2037-02-22,2037,1,8,false,一月,初八,丁巳,蛇,
2037-02-23,2037,1,9,false,一月,初九,丁巳,蛇,
2037-02-24,2037,1,10,false,一月,初十,丁巳,蛇,
2037-02-25,2037,1,11,false,一月,十一,丁巳,蛇,
2037-02-26,2037,1,12,false,一月,十二,丁巳,蛇,
2037-02-27,2037,1,13,false,一月,十三,丁巳,蛇,
2037-02-28,2037,1,14,false,一月,十四,丁巳,蛇,
2037-03-01,2037,1,15,false,一月,十五,丁巳,蛇,
2037-03-02,2037,1,16,false,一月,十六,丁巳,蛇,
2037-03-03,2037,1,17,false,一月,十七,丁巳,蛇,
2037-03-04,2037,1,18,false,一月,十八,丁巳,蛇,
2037-03-05,2037,1,19,false,一月,十九,丁巳,蛇,驚蟄
2037-03-06,2037,1,20,false,一月,二十,丁巳,蛇,
2037-03-07,2037,1,21,false,一月,廿一,丁巳,蛇,
2037-03-08,2037,1,22,false,一月,廿二,丁巳,蛇,
2037-03-09,2037,1,23,false,一月,廿三,丁巳,蛇,
2037-03-10,2037,1,24,false,一月,廿四,丁巳,蛇,
2037-03-11,2037,1,25,false,一月,廿五,丁巳,蛇,
2037-03-12,2037,1,26,false,一月,廿六,丁巳,蛇,
2037-03-13,2037,1,27,false,一月,廿七,丁巳,蛇,
2037-03-14,2037,1,28,false,一月,廿八,丁巳,蛇,
2037-03-15,2037,1,29,false,一月,廿九,丁巳,蛇,
2037-03-16,2037,1,30,false,一月,三十,丁巳,蛇,
2037-03-17,2037,2,1,false,二月,初一,丁巳,蛇,
2037-03-18,2037,2,2,false,二月,初二,丁巳,蛇,
2037-03-19,2037,2,3,false,二月,初三,丁巳,蛇,
2037-03-20,2037,2,4,false,二月,初四,丁巳,蛇,春分
2037-03-21,2037,2,5,false,二月,初五,丁巳,蛇,
2037-03-22,2037,2,6,false,二月,初六,丁巳,蛇,
2037-03-23,2037,2,7,false,二月,初七,丁巳,蛇,
2037-03-24,2037,2,8,false,二月,初八,丁巳,蛇,
2037-03-25,2037,2,9,false,二月,初九,丁巳,蛇,
2037-03-26,2037,2,10,false,二月,初十,丁巳,蛇,
2037-03-27,2037,2,11,false,二月,十一,丁巳,蛇,
2037-03-28,2037,2,12,false,二月,十二,丁巳,蛇,
2037-03-29,2037,2,13,false,二月,十三,丁巳,蛇,
2037-03-30,2037,2,14,false,二月,十四,丁巳,蛇,
2037-03-31,2037,2,15,false,二月,十五,丁巳,蛇,
2037-04-01,2037,2,16,false,二月,十六,丁巳,蛇,
2037-04-02,2037,2,17,false,二月,十七,丁巳,蛇,
2037-04-03,2037,2,18,false,二月,十八,丁巳,蛇,
2037-04-04,2037,2,19,false,二月,十九,丁巳,蛇,清明
2037-04-05,2037,2,20,false,二月,二十,丁巳,蛇,
2037-04-06,2037,2,21,false,二月,廿一,丁巳,蛇,
2037-04-07,2037,2,22,false,二月,廿二,丁巳,蛇,
2037-04-08,2037,2,23,false,二月,廿三,丁巳,蛇,
2037-04-09,2037,2,24,false,二月,廿四,丁巳,蛇,
2037-04-10,2037,2,25,false,二月,廿五,丁巳,蛇,
2037-04-11,2037,2,26,false,二月,廿六,丁巳,蛇,
2037-04-12,2037,2,27,false,二月,廿七,丁巳,蛇,
2037-04-13,2037,2,28,false,二月,廿八,丁巳,蛇,
2037-04-14,2037,2,29,false,二月,廿九,丁巳,蛇,
2037-04-15,2037,2,30,false,二月,三十,丁巳,蛇,
2037-04-16,2037,3,1,false,三月,初一,丁巳,蛇,
2037-04-17,2037,3,2,false,三月,初二,丁巳,蛇,
2037-04-18,2037,3,3,false,三月,初三,丁巳,蛇,
2037-04-19,2037,3,4,false,三月,初四,丁巳,蛇,
2037-04-20,2037,3,5,false,三月,初五,丁巳,蛇,穀雨
2037-04-21,2037,3,6,false,三月,初六,丁巳,蛇,
2037-04-22,2037,3,7,false,三月,初七,丁巳,蛇,
2037-04-23,2037,3,8,false,三月,初八,丁巳,蛇,
2037-04-24,2037,3,9,false,三月,初九,丁巳,蛇,
2037-04-25,2037,3,10,false,三月,初十,丁巳,蛇,
2037-04-26,2037,3,11,false,三月,十一,丁巳,蛇,
2037-04-27,2037,3,12,false,三月,十二,丁巳,蛇,
2037-04-28,2037,3,13,false,三月,十三,丁巳,蛇,
2037-04-29,2037,3,14,false,三月,十四,丁巳,蛇,
2037-04-30,2037,3,15,false,三月,十五,丁巳,蛇,
2037-05-01,2037,3,16,false,三月,十六,丁巳,蛇,
2037-05-02,2037,3,17,false,三月,十七,丁巳,蛇,
2037-05-03,2037,3,18,false,三月,十八,丁巳,蛇,
2037-05-04,2037,3,19,false,三月,十九,丁巳,蛇,
2037-05-05,2037,3,20,false,三月,二十,丁巳,蛇,立夏
2037-05-06,2037,3,21,false,三月,廿一,丁巳,蛇,
2037-05-07,2037,3,22,false,三月,廿二,丁巳,蛇,
2037-05-08,2037,3,23,false,三月,廿三,丁巳,蛇,
2037-05-09,2037,3,24,false,三月,廿四,丁巳,蛇,
2037-05-10,2037,3,25,false,三月,廿五,丁巳,蛇,
2037-05-11,2037,3,26,false,三月,廿六,丁巳,蛇,
2037-05-12,2037,3,27,false,三月,廿七,丁巳,蛇,
2037-05-13,2037,3,28,false,三月,廿八,丁巳,蛇,
2037-05-14,2037,3,29,false,三月,廿九,丁巳,蛇,
2037-05-15,2037,4,1,false,四月,初一,丁巳,蛇,
2037-05-16,2037,4,2,false,四月,初二,丁巳,蛇,
2037-05-17,2037,4,3,false,四月,初三,丁巳,蛇,
2037-05-18,2037,4,4,false,四月,初四,丁巳,蛇,
2037-05-19,2037,4,5,false,四月,初五,丁巳,蛇,
2037-05-20,2037,4,6,false,四月,初六,丁巳,蛇,
2037-05-21,2037,4,7,false,四月,初七,丁巳,蛇,小滿
2037-05-22,2037,4,8,false,四月,初八,丁巳,蛇,
2037-05-23,2037,4,9,false,四月,初九,丁巳,蛇,
2037-05-24,2037,4,10,false,四月,初十,丁巳,蛇,
2037-05-25,2037,4,11,false,四月,十一,丁巳,蛇,
2037-05-26,2037,4,12,false,四月,十二,丁巳,蛇,
2037-05-27,2037,4,13,false,四月,十三,丁巳,蛇,
2037-05-28,2037,4,14,false,四月,十四,丁巳,蛇,
2037-05-29,2037,4,15,false,四月,十五,丁巳,蛇,
2037-05-30,2037,4,16,false,四月,十六,丁巳,蛇,
2037-05-31,2037,4,17,false,四月,十七,丁巳,蛇,
2037-06-01,2037,4,18,false,四月,十八,丁巳,蛇,
2037-06-02,2037,4,19,false,四月,十九,丁巳,蛇,
2037-06-03,2037,4,20,false,四月,二十,丁巳,蛇,
2037-06-04,2037,4,21,false,四月,廿一,丁巳,蛇,
2037-06-05,2037,4,22,false,四月,廿二,丁巳,蛇,芒種
2037-06-06,2037,4,23,false,四月,廿三,丁巳,蛇,
2037-06-07,2037,4,24,false,四月,廿四,丁巳,蛇,
2037-06-08,2037,4,25,false,四月,廿五,丁巳,蛇,
2037-06-09,2037,4,26,false,四月,廿六,丁巳,蛇,
2037-06-10,2037,4,27,false,四月,廿七,丁巳,蛇,
2037-06-11,2037,4,28,false,四月,廿八,丁巳,蛇,
2037-06-12,2037,4,29,false,四月,廿九,丁巳,蛇,
2037-06-13,2037,4,30,false,四月,三十,丁巳,蛇,
2037-06-14,2037,5,1,false,五月,初一,丁巳,蛇,
2037-06-15,2037,5,2,false,五月,初二,丁巳,蛇,
2037-06-16,2037,5,3,false,五月,初三,丁巳,蛇,
2037-06-17,2037,5,4,false,五月,初四,丁巳,蛇,
2037-06-18,2037,5,5,false,五月,初五,丁巳,蛇,
2037-06-19,2037,5,6,false,五月,初六,丁巳,蛇,
2037-06-20,2037,5,7,false,五月,初七,丁巳,蛇,
2037-06-21,2037,5,8,false,五月,初八,丁巳,蛇,夏至
2037-06-22,2037,5,9,false,五月,初九,丁巳,蛇,
2037-06-23,2037,5,10,false,五月,初十,丁巳,蛇,
2037-06-24,2037,5,11,false,五月,十一,丁巳,蛇,
2037-06-25,2037,5,12,false,五月,十二,丁巳,蛇,
2037-06-26,2037,5,13,false,五月,十三,丁巳,蛇,
2037-06-27,2037,5,14,false,五月,十四,丁巳,蛇,
2037-06-28,2037,5,15,false,五月,十五,丁巳,蛇,
2037-06-29,2037,5,16,false,五月,十六,丁巳,蛇,
2037-06-30,2037,5,17,false,五月,十七,丁巳,蛇,
2037-07-01,2037,5,18,false,五月,十八,丁巳,蛇,
2037-07-02,2037,5,19,false,五月,十九,丁巳,蛇,
2037-07-03,2037,5,20,false,五月,二十,丁巳,蛇,
2037-07-04,2037,5,21,false,五月,廿一,丁巳,蛇,
2037-07-05,2037,5,22,false,五月,廿二,丁巳,蛇,
2037-07-06,2037,5,23,false,五月,廿三,丁巳,蛇,
2037-07-07,2037,5,24,false,五月,廿四,丁巳,蛇,小暑
2037-07-08,2037,5,25,false,五月,廿五,丁巳,蛇,
2037-07-09,2037,5,26,false,五月,廿六,丁巳,蛇,
2037-07-10,2037,5,27,false,五月,廿七,丁巳,蛇,
2037-07-11,2037,5,28,false,五月,廿八,丁巳,蛇,
2037-07-12,2037,5,29,false,五月,廿九,丁巳,蛇,
2037-07-13,2037,6,1,false,六月,初一,丁巳,蛇,
2037-07-14,2037,6,2,false,六月,初二,丁巳,蛇,
2037-07-15,2037,6,3,false,六月,初三,丁巳,蛇,
2037-07-16,2037,6,4,false,六月,初四,丁巳,蛇,
2037-07-17,2037,6,5,false,六月,初五,丁巳,蛇,
2037-07-18,2037,6,6,false,六月,初六,丁巳,蛇,
2037-07-19,2037,6,7,false,六月,初七,丁巳,蛇,
2037-07-20,2037,6,8,false,六月,初八,丁巳,蛇,
2037-07-21,2037,6,9,false,六月,初九,丁巳,蛇,
2037-07-22,2037,6,10,false,六月,初十,丁巳,蛇,大暑
2037-07-23,2037,6,11,false,六月,十一,丁巳,蛇,
2037-07-24,2037,6,12,false,六月,十二,丁巳,蛇,
2037-07-25,2037,6,13,false,六月,十三,丁巳,蛇,
2037-07-26,2037,6,14,false,六月,十四,丁巳,蛇,
2037-07-27,2037,6,15,false,六月,十五,丁巳,蛇,
2037-07-28,2037,6,16,false,六月,十六,丁巳,蛇,
2037-07-29,2037,6,17,false,六月,十七,丁巳,蛇,
2037-07-30,2037,6,18,false,六月,十八,丁巳,蛇,
2037-07-31,2037,6,19,false,六月,十九,丁巳,蛇,
2037-08-01,2037,6,20,false,六月,二十,丁巳,蛇,
2037-08-02,2037,6,21,false,六月,廿一,丁巳,蛇,
2037-08-03,2037,6,22,false,六月,廿二,丁巳,蛇,
2037-08-04,2037,6,23,false,六月,廿三,丁巳,蛇,
2037-08-05,2037,6,24,false,六月,廿四,丁巳,蛇,
2037-08-06,2037,6,25,false,六月,廿五,丁巳,蛇,
2037-08-07,2037,6,26,false,六月,廿六,丁巳,蛇,立秋
2037-08-08,2037,6,27,false,六月,廿七,丁巳,蛇,
2037-08-09,2037,6,28,false,六月,廿八,丁巳,蛇,
2037-08-10,2037,6,29,false,六月,廿九,丁巳,蛇,
2037-08-11,2037,7,1,false,七月,初一,丁巳,蛇,
2037-08-12,2037,7,2,false,七月,初二,丁巳,蛇,
2037-08-13,2037,7,3,false,七月,初三,丁巳,蛇,
2037-08-14,2037,7,4,false,七月,初四,丁巳,蛇,
2037-08-15,2037,7,5,false,七月,初五,丁巳,蛇,
2037-08-16,2037,7,6,false,七月,初六,丁巳,蛇,
2037-08-17,2037,7,7,false,七月,初七,丁巳,蛇,
2037-08-18,2037,7,8,false,七月,初八,丁巳,蛇,
2037-08-19,2037,7,9,false,七月,初九,丁巳,蛇,
2037-08-20,2037,7,10,false,七月,初十,丁巳,蛇,
2037-08-21,2037,7,11,false,七月,十一,丁巳,蛇,
2037-08-22,2037,7,12,false,七月,十二,丁巳,蛇,
2037-08-23,2037,7,13,false,七月,十三,丁巳,蛇,處暑
2037-08-24,2037,7,14,false,七月,十四,丁巳,蛇,
2037-08-25,2037,7,15,false,七月,十五,丁巳,蛇,
2037-08-26,2037,7,16,false,七月,十六,丁巳,蛇,
2037-08-27,2037,7,17,false,七月,十七,丁巳,蛇,
2037-08-28,2037,7,18,false,七月,十八,丁巳,蛇,
2037-08-29,2037,7,19,false,七月,十九,丁巳,蛇,
2037-08-30,2037,7,20,false,七月,二十,丁巳,蛇,
2037-08-31,2037,7,21,false,七月,廿一,丁巳,蛇,
2037-09-01,2037,7,22,false,七月,廿二,丁巳,蛇,
2037-09-02,2037,7,23,false,七月,廿三,丁巳,蛇,
2037-09-03,2037,7,24,false,七月,廿四,丁巳,蛇,
2037-09-04,2037,7,25,false,七月,廿五,丁巳,蛇,
2037-09-05,2037,7,26,false,七月,廿六,丁巳,蛇,
2037-09-06,2037,7,27,false,七月,廿七,丁巳,蛇,
2037-09-07,2037,7,28,false,七月,廿八,丁巳,蛇,白露
2037-09-08,2037,7,29,false,七月,廿九,丁巳,蛇,
2037-09-09,2037,7,30,false,七月,三十,丁巳,蛇,
2037-09-10,2037,8,1,false,八月,初一,丁巳,蛇,
2037-09-11,2037,8,2,false,八月,初二,丁巳,蛇,
2037-09-12,2037,8,3,false,八月,初三,丁巳,蛇,
2037-09-13,2037,8,4,false,八月,初四,丁巳,蛇,
2037-09-14,2037,8,5,false,八月,初五,丁巳,蛇,
2037-09-15,2037,8,6,false,八月,初六,丁巳,蛇,
2037-09-16,2037,8,7,false,八月,初七,丁巳,蛇,
2037-09-17,2037,8,8,false,八月,初八,丁巳,蛇,
2037-09-18,2037,8,9,false,八月,初九,丁巳,蛇,
2037-09-19,2037,8,10,false,八月,初十,丁巳,蛇,
2037-09-20,2037,8,11,false,八月,十一,丁巳,蛇,
2037-09-21,2037,8,12,false,八月,十二,丁巳,蛇,
2037-09-22,2037,8,13,false,八月,十三,丁巳,蛇,
2037-09-23,2037,8,14,false,八月,十四,丁巳,蛇,秋分
2037-09-24,2037,8,15,false,八月,十五,丁巳,蛇,
2037-09-25,2037,8,16,false,八月,十六,丁巳,蛇,
2037-09-26,2037,8,17,false,八月,十七,丁巳,蛇,
2037-09-27,2037,8,18,false,八月,十八,丁巳,蛇,
2037-09-28,2037,8,19,false,八月,十九,丁巳,蛇,
2037-09-29,2037,8,20,false,八月,二十,丁巳,蛇,
2037-09-30,2037,8,21,false,八月,廿一,丁巳,蛇,
2037-10-01,2037,8,22,false,八月,廿二,丁巳,蛇,
2037-10-02,2037,8,23,false,八月,廿三,丁巳,蛇,
2037-10-03,2037,8,24,false,八月,廿四,丁巳,蛇,
2037-10-04,2037,8,25,false,八月,廿五,丁巳,蛇,
2037-10-05,2037,8,26,false,八月,廿六,丁巳,蛇,
2037-10-06,2037,8,27,false,八月,廿七,丁巳,蛇,
2037-10-07,2037,8,28,false,八月,廿八,丁巳,蛇,
2037-10-08,2037,8,29,false,八月,廿九,丁巳,蛇,寒露
2037-10-09,2037,9,1,false,九月,初一,丁巳,蛇,
2037-10-10,2037,9,2,false,九月,初二,丁巳,蛇,
2037-10-11,2037,9,3,false,九月,初三,丁巳,蛇,
2037-10-12,2037,9,4,false,九月,初四,丁巳,蛇,
2037-10-13,2037,9,5,false,九月,初五,丁巳,蛇,
2037-10-14,2037,9,6,false,九月,初六,丁巳,蛇,
2037-10-15,2037,9,7,false,九月,初七,丁巳,蛇,
2037-10-16,2037,9,8,false,九月,初八,丁巳,蛇,
2037-10-17,2037,9,9,false,九月,初九,丁巳,蛇,
2037-10-18,2037,9,10,false,九月,初十,丁巳,蛇,
2037-10-19,2037,9,11,false,九月,十一,丁巳,蛇,
2037-10-20,2037,9,12,false,九月,十二,丁巳,蛇,
2037-10-21,2037,9,13,false,九月,十三,丁巳,蛇,
2037-10-22,2037,9,14,false,九月,十四,丁巳,蛇,
2037-10-23,2037,9,15,false,九月,十五,丁巳,蛇,霜降
2037-10-24,2037,9,16,false,九月,十六,丁巳,蛇,
2037-10-25,2037,9,17,false,九月,十七,丁巳,蛇,
2037-10-26,2037,9,18,false,九月,十八,丁巳,蛇,
2037-10-27,2037,9,19,false,九月,十九,丁巳,蛇,
2037-10-28,2037,9,20,false,九月,二十,丁巳,蛇,
2037-10-29,2037,9,21,false,九月,廿一,丁巳,蛇,
2037-10-30,2037,9,22,false,九月,廿二,丁巳,蛇,
2037-10-31,2037,9,23,false,九月,廿三,丁巳,蛇,
2037-11-01,2037,9,24,false,九月,廿四,丁巳,蛇,
2037-11-02,2037,9,25,false,九月,廿五,丁巳,蛇,
2037-11-03,2037,9,26,false,九月,廿六,丁巳,蛇,
2037-11-04,2037,9,27,false,九月,廿七,丁巳,蛇,
2037-11-05,2037,9,28,false,九月,廿八,丁巳,蛇,
2037-11-06,2037,9,29,false,九月,廿九,丁巳,蛇,
2037-11-07,2037,10,1,false,十月,初一,丁巳,蛇,立冬
2037-11-08,2037,10,2,false,十月,初二,丁巳,蛇,
2037-11-09,2037,10,3,false,十月,初三,丁巳,蛇,
2037-11-10,2037,10,4,false,十月,初四,丁巳,蛇,
2037-11-11,2037,10,5,false,十月,初五,丁巳,蛇,
2037-11-12,2037,10,6,false,十月,初六,丁巳,蛇,
2037-11-13,2037,10,7,false,十月,初七,丁巳,蛇,
2037-11-14,2037,10,8,false,十月,初八,丁巳,蛇,
2037-11-15,2037,10,9,false,十月,初九,丁巳,蛇,
2037-11-16,2037,10,10,false,十月,初十,丁巳,蛇,
2037-11-17,2037,10,11,false,十月,十一,丁巳,蛇,
2037-11-18,2037,10,12,false,十月,十二,丁巳,蛇,
2037-11-19,2037,10,13,false,十月,十三,丁巳,蛇,
2037-11-20,2037,10,14,false,十月,十四,丁巳,蛇,
2037-11-21,2037,10,15,false,十月,十五,丁巳,蛇,
2037-11-22,2037,10,16,false,十月,十六,丁巳,蛇,小雪
2037-11-23,2037,10,17,false,十月,十七,丁巳,蛇,
2037-11-24,2037,10,18,false,十月,十八,丁巳,蛇,
2037-11-25,2037,10,19,false,十月,十九,丁巳,蛇,
2037-11-26,2037,10,20,false,十月,二十,丁巳,蛇,
2037-11-27,2037,10,21,false,十月,廿一,丁巳,蛇,
2037-11-28,2037,10,22,false,十月,廿二,丁巳,蛇,
2037-11-29,2037,10,23,false,十月,廿三,丁巳,蛇,
2037-11-30,2037,10,24,false,十月,廿四,丁巳,蛇,
2037-12-01,2037,10,25,false,十月,廿五,丁巳,蛇,
2037-12-02,2037,10,26,false,十月,廿六,丁巳,蛇,
2037-12-03,2037,10,27,false,十月,廿七,丁巳,蛇,
2037-12-04,2037,10,28,false,十月,廿八,丁巳,蛇,
2037-12-05,2037,10,29,false,十月,廿九,丁巳,蛇,
2037-12-06,2037,10,30,false,十月,三十,丁巳,蛇,
2037-12-07,2037,11,1,false,十一月,初一,丁巳,蛇,大雪
2037-12-08,2037,11,2,false,十一月,初二,丁巳,蛇,
2037-12-09,2037,11,3,false,十一月,初三,丁巳,蛇,
2037-12-10,2037,11,4,false,十一月,初四,丁巳,蛇,
2037-12-11,2037,11,5,false,十一月,初五,丁巳,蛇,
2037-12-12,2037,11,6,false,十一月,初六,丁巳,蛇,
2037-12-13,2037,11,7,false,十一月,初七,丁巳,蛇,
2037-12-14,2037,11,8,false,十一月,初八,丁巳,蛇,
2037-12-15,2037,11,9,false,十一月,初九,丁巳,蛇,
2037-12-16,2037,11,10,false,十一月,初十,丁巳,蛇,
2037-12-17,2037,11,11,false,十一月,十一,丁巳,蛇,
2037-12-18,2037,11,12,false,十一月,十二,丁巳,蛇,
2037-12-19,2037,11,13,false,十一月,十三,丁巳,蛇,
2037-12-20,2037,11,14,false,十一月,十四,丁巳,蛇,
2037-12-21,2037,11,15,false,十一月,十五,丁巳,蛇,冬至
2037-12-22,2037,11,16,false,十一月,十六,丁巳,蛇,
2037-12-23,2037,11,17,false,十一月,十七,丁巳,蛇,
2037-12-24,2037,11,18,false,十一月,十八,丁巳,蛇,
2037-12-25,2037,11,19,false,十一月,十九,丁巳,蛇,
2037-12-26,2037,11,20,false,十一月,二十,丁巳,蛇,
2037-12-27,2037,11,21,false,十一月,廿一,丁巳,蛇,
2037-12-28,2037,11,22,false,十一月,廿二,丁巳,蛇,
2037-12-29,2037,11,23,false,十一月,廿三,丁巳,蛇,
2037-12-30,2037,11,24,false,十一月,廿四,丁巳,蛇,
2037-12-31,2037,11,25,false,十一月,廿五,丁巳,蛇,
2038-01-01,2037,11,26,false,十一月,廿六,丁巳,蛇,
2038-01-02,2037,11,27,false,十一月,廿七,丁巳,蛇,
2038-01-03,2037,11,28,false,十一月,廿八,丁巳,蛇,
2038-01-04,2037,11,29,false,十一月,廿九,丁巳,蛇,
2038-01-05,2037,12,1,false,十二月,初一,丁巳,蛇,小寒
2038-01-06,2037,12,2,false,十二月,初二,丁巳,蛇,
2038-01-07,2037,12,3,false,十二月,初三,丁巳,蛇,
2038-01-08,2037,12,4,false,十二月,初四,丁巳,蛇,
2038-01-09,2037,12,5,false,十二月,初五,丁巳,蛇,
2038-01-10,2037,12,6,false,十二月,初六,丁巳,蛇,
2038-01-11,2037,12,7,false,十二月,初七,丁巳,蛇,
2038-01-12,2037,12,8,false,十二月,初八,丁巳,蛇,
2038-01-13,2037,12,9,false,十二月,初九,丁巳,蛇,
2038-01-14,2037,12,10,false,十二月,初十,丁巳,蛇,
2038-01-15,2037,12,11,false,十二月,十一,丁巳,蛇,
2038-01-16,2037,12,12,false,十二月,十二,丁巳,蛇,
2038-01-17,2037,12,13,false,十二月,十三,丁巳,蛇,
2038-01-18,2037,12,14,false,十二月,十四,丁巳,蛇,
2038-01-19,2037,12,15,false,十二月,十五,丁巳,蛇,
2038-01-20,2037,12,16,false,十二月,十六,丁巳,蛇,大寒
2038-01-21,2037,12,17,false,十二月,十七,丁巳,蛇,
2038-01-22,2037,12,18,false,十二月,十八,丁巳,蛇,
2038-01-23,2037,12,19,false,十二月,十九,丁巳,蛇,
2038-01-24,2037,12,20,false,十二月,二十,丁巳,蛇,
2038-01-25,2037,12,21,false,十二月,廿一,丁巳,蛇,
2038-01-26,2037,12,22,false,十二月,廿二,丁巳,蛇,
2038-01-27,2037,12,23,false,十二月,廿三,丁巳,蛇,
2038-01-28,2037,12,24,false,十二月,廿四,丁巳,蛇,
2038-01-29,2037,12,25,false,十二月,廿五,丁巳,蛇,
2038-01-30,2037,12,26,false,十二月,廿六,丁巳,蛇,
2038-01-31,2037,12,27,false,十二月,廿七,丁巳,蛇,
2038-02-01,2037,12,28,false,十二月,廿八,丁巳,蛇,
2038-02-02,2037,12,29,false,十二月,廿九,丁巳,蛇,
2038-02-03,2037,12,30,false,十二月,三十,丁巳,蛇,
2038-02-04,2038,1,1,false,一月,初一,戊午,馬,立春
2038-02-05,2038,1,2,false,一月,初二,戊午,馬,
2038-02-06,2038,1,3,false,一月,初三,戊午,馬,
2038-02-07,2038,1,4,false,一月,初四,戊午,馬,
2038-02-08,2038,1,5,false,一月,初五,戊午,馬,
2038-02-09,2038,1,6,false,一月,初六,戊午,馬,
2038-02-10,2038,1,7,false,一月,初七,戊午,馬,
2038-02-11,2038,1,8,false,一月,初八,戊午,馬,
2038-02-12,2038,1,9,false,一月,初九,戊午,馬,
2038-02-13,2038,1,10,false,一月,初十,戊午,馬,
2038-02-14,2038,1,11,false,一月,十一,戊午,馬,
2038-02-15,2038,1,12,false,一月,十二,戊午,馬,
2038-02-16,2038,1,13,false,一月,十三,戊午,馬,
2038-02-17,2038,1,14,false,一月,十四,戊午,馬,
2038-02-18,2038,1,15,false,一月,十五,戊午,馬,雨水
2038-02-19,2038,1,16,false,一月,十六,戊午,馬,
2038-02-20,2038,1,17,false,一月,十七,戊午,馬,
2038-02-21,2038,1,18,false,一月,十八,戊午,馬,
2038-02-22,2038,1,19,false,一月,十九,戊午,馬,
2038-02-23,2038,1,20,false,一月,二十,戊午,馬,
2038-02-24,2038,1,21,false,一月,廿一,戊午,馬,
2038-02-25,2038,1,22,false,一月,廿二,戊午,馬,
2038-02-26,2038,1,23,false,一月,廿三,戊午,馬,
2038-02-27,2038,1,24,false,一月,廿四,戊午,馬,
2038-02-28,2038,1,25,false,一月,廿五,戊午,馬,
2038-03-01,2038,1,26,false,一月,廿六,戊午,馬,
2038-03-02,2038,1,27,false,一月,廿七,戊午,馬,
2038-03-03,2038,1,28,false,一月,廿八,戊午,馬,
2038-03-04,2038,1,29,false,一月,廿九,戊午,馬,
2038-03-05,2038,1,30,false,一月,三十,戊午,馬,驚蟄
2038-03-06,2038,2,1,false,二月,初一,戊午,馬,
2038-03-07,2038,2,2,false,二月,初二,戊午,馬,
2038-03-08,2038,2,3,false,二月,初三,戊午,馬,
2038-03-09,2038,2,4,false,二月,初四,戊午,馬,
2038-03-10,2038,2,5,false,二月,初五,戊午,馬,
2038-03-11,2038,2,6,false,二月,初六,戊午,馬,
2038-03-12,2038,2,7,false,二月,初七,戊午,馬,
2038-03-13,2038,2,8,false,二月,初八,戊午,馬,
2038-03-14,2038,2,9,false,二月,初九,戊午,馬,
2038-03-15,2038,2,10,false,二月,初十,戊午,馬,
2038-03-16,2038,2,11,false,二月,十一,戊午,馬,
2038-03-17,2038,2,12,false,二月,十二,戊午,馬,
2038-03-18,2038,2,13,false,二月,十三,戊午,馬,
2038-03-19,2038,2,14,false,二月,十四,戊午,馬,
2038-03-20,2038,2,15,false,二月,十五,戊午,馬,春分
2038-03-21,2038,2,16,false,二月,十六,戊午,馬,
2038-03-22,2038,2,17,false,二月,十七,戊午,馬,
2038-03-23,2038,2,18,false,二月,十八,戊午,馬,
2038-03-24,2038,2,19,false,二月,十九,戊午,馬,
2038-03-25,2038,2,20,false,二月,二十,戊午,馬,
2038-03-26,2038,2,21,false,二月,廿一,戊午,馬,
2038-03-27,2038,2,22,false,二月,廿二,戊午,馬,
2038-03-28,2038,2,23,false,二月,廿三,戊午,馬,
2038-03-29,2038,2,24,false,二月,廿四,戊午,馬,
2038-03-30,2038,2,25,false,二月,廿五,戊午,馬,
2038-03-31,2038,2,26,false,二月,廿六,戊午,馬,
2038-04-01,2038,2,27,false,二月,廿七,戊午,馬,
2038-04-02,2038,2,28,false,二月,廿八,戊午,馬,
2038-04-03,2038,2,29,false,二月,廿九,戊午,馬,
2038-04-04,2038,2,30,false,二月,三十,戊午,馬,
2038-04-05,2038,3,1,false,三月,初一,戊午,馬,清明
2038-04-06,2038,3,2,false,三月,初二,戊午,馬,
2038-04-07,2038,3,3,false,三月,初三,戊午,馬,
2038-04-08,2038,3,4,false,三月,初四,戊午,馬,
2038-04-09,2038,3,5,false,三月,初五,戊午,馬,
2038-04-10,2038,3,6,false,三月,初六,戊午,馬,
2038-04-11,2038,3,7,false,三月,初七,戊午,馬,
2038-04-12,2038,3,8,false,三月,初八,戊午,馬,
2038-04-13,2038,3,9,false,三月,初九,戊午,馬,
2038-04-14,2038,3,10,false,三月,初十,戊午,馬,
2038-04-15,2038,3,11,false,三月,十一,戊午,馬,
2038-04-16,2038,3,12,false,三月,十二,戊午,馬,
2038-04-17,2038,3,13,false,三月,十三,戊午,馬,
2038-04-18,2038,3,14,false,三月,十四,戊午,馬,
2038-04-19,2038,3,15,false,三月,十五,戊午,馬,
2038-04-20,2038,3,16,false,三月,十六,戊午,馬,穀雨
2038-04-21,2038,3,17,false,三月,十七,戊午,馬,
2038-04-22,2038,3,18,false,三月,十八,戊午,馬,
2038-04-23,2038,3,19,false,三月,十九,戊午,馬,
2038-04-24,2038,3,20,false,三月,二十,戊午,馬,
2038-04-25,2038,3,21,false,三月,廿一,戊午,馬,
2038-04-26,2038,3,22,false,三月,廿二,戊午,馬,
2038-04-27,2038,3,23,false,三月,廿三,戊午,馬,
2038-04-28,2038,3,24,false,三月,廿四,戊午,馬,
2038-04-29,2038,3,25,false,三月,廿五,戊午,馬,
2038-04-30,2038,3,26,false,三月,廿六,戊午,馬,
2038-05-01,2038,3,27,false,三月,廿七,戊午,馬,
2038-05-02,2038,3,28,false,三月,廿八,戊午,馬,
2038-05-03,2038,3,29,false,三月,廿九,戊午,馬,
2038-05-04,2038,4,1,false,四月,初一,戊午,馬,
2038-05-05,2038,4,2,false,四月,初二,戊午,馬,立夏
2038-05-06,2038,4,3,false,四月,初三,戊午,馬,
2038-05-07,2038,4,4,false,四月,初四,戊午,馬,
2038-05-08,2038,4,5,false,四月,初五,戊午,馬,
2038-05-09,2038,4,6,false,四月,初六,戊午,馬,
2038-05-10,2038,4,7,false,四月,初七,戊午,馬,
2038-05-11,2038,4,8,false,四月,初八,戊午,馬,
2038-05-12,2038,4,9,false,四月,初九,戊午,馬,
2038-05-13,2038,4,10,false,四月,初十,戊午,馬,
2038-05-14,2038,4,11,false,四月,十一,戊午,馬,
2038-05-15,2038,4,12,false,四月,十二,戊午,馬,
2038-05-16,2038,4,13,false,四月,十三,戊午,馬,
2038-05-17,2038,4,14,false,四月,十四,戊午,馬,
2038-05-18,2038,4,15,false,四月,十五,戊午,馬,
2038-05-19,2038,4,16,false,四月,十六,戊午,馬,
2038-05-20,2038,4,17,false,四月,十七,戊午,馬,
2038-05-21,2038,4,18,false,四月,十八,戊午,馬,小滿
2038-05-22,2038,4,19,false,四月,十九,戊午,馬,
2038-05-23,2038,4,20,false,四月,二十,戊午,馬,
2038-05-24,2038,4,21,false,四月,廿一,戊午,馬,
2038-05-25,2038,4,22,false,四月,廿二,戊午,馬,
2038-05-26,2038,4,23,false,四月,廿三,戊午,馬,
2038-05-27,2038,4,24,false,四月,廿四,戊午,馬,
2038-05-28,2038,4,25,false,四月,廿五,戊午,馬,
2038-05-29,2038,4,26,false,四月,廿六,戊午,馬,
2038-05-30,2038,4,27,false,四月,廿七,戊午,馬,
2038-05-31,2038,4,28,false,四月,廿八,戊午,馬,
2038-06-01,2038,4,29,false,四月,廿九,戊午,馬,
2038-06-02,2038,4,30,false,四月,三十,戊午,馬,
2038-06-03,2038,5,1,false,五月,初一,戊午,馬,
2038-06-04,2038,5,2,false,五月,初二,戊午,馬,
2038-06-05,2038,5,3,false,五月,初三,戊午,馬,芒種
2038-06-06,2038,5,4,false,五月,初四,戊午,馬,
2038-06-07,2038,5,5,false,五月,初五,戊午,馬,
2038-06-08,2038,5,6,false,五月,初六,戊午,馬,
2038-06-09,2038,5,7,false,五月,初七,戊午,馬,
2038-06-10,2038,5,8,false,五月,初八,戊午,馬,
2038-06-11,2038,5,9,false,五月,初九,戊午,馬,
2038-06-12,2038,5,10,false,五月,初十,戊午,馬,
2038-06-13,2038,5,11,false,五月,十一,戊午,馬,
2038-06-14,2038,5,12,false,五月,十二,戊午,馬,
2038-06-15,2038,5,13,false,五月,十三,戊午,馬,
2038-06-16,2038,5,14,false,五月,十四,戊午,馬,
2038-06-17,2038,5,15,false,五月,十五,戊午,馬,
2038-06-18,2038,5,16,false,五月,十六,戊午,馬,
2038-06-19,2038,5,17,false,五月,十七,戊午,馬,
2038-06-20,2038,5,18,false,五月,十八,戊午,馬,
2038-06-21,2038,5,19,false,五月,十九,戊午,馬,夏至
2038-06-22,2038,5,20,false,五月,二十,戊午,馬,
2038-06-23,2038,5,21,false,五月,廿一,戊午,馬,
2038-06-24,2038,5,22,false,五月,廿二,戊午,馬,
2038-06-25,2038,5,23,false,五月,廿三,戊午,馬,
2038-06-26,2038,5,24,false,五月,廿四,戊午,馬,
2038-06-27,2038,5,25,false,五月,廿五,戊午,馬,
2038-06-28,2038,5,26,false,五月,廿六,戊午,馬,
2038-06-29,2038,5,27,false,五月,廿七,戊午,馬,
2038-06-30,2038,5,28,false,五月,廿八,戊午,馬,
2038-07-01,2038,5,29,false,五月,廿九,戊午,馬,
2038-07-02,2038,6,1,false,六月,初一,戊午,馬,
2038-07-03,2038,6,2,false,六月,初二,戊午,馬,
2038-07-04,2038,6,3,false,六月,初三,戊午,馬,
2038-07-05,2038,6,4,false,六月,初四,戊午,馬,
2038-07-06,2038,6,5,false,六月,初五,戊午,馬,
2038-07-07,2038,6,6,false,六月,初六,戊午,馬,小暑
2038-07-08,2038,6,7,false,六月,初七,戊午,馬,
2038-07-09,2038,6,8,false,六月,初八,戊午,馬,
2038-07-10,2038,6,9,false,六月,初九,戊午,馬,
2038-07-11,2038,6,10,false,六月,初十,戊午,馬,
2038-07-12,2038,6,11,false,六月,十一,戊午,馬,
2038-07-13,2038,6,12,false,六月,十二,戊午,馬,
2038-07-14,2038,6,13,false,六月,十三,戊午,馬,
2038-07-15,2038,6,14,false,六月,十四,戊午,馬,
2038-07-16,2038,6,15,false,六月,十五,戊午,馬,
2038-07-17,2038,6,16,false,六月,十六,戊午,馬,
2038-07-18,2038,6,17,false,六月,十七,戊午,馬,
2038-07-19,2038,6,18,false,六月,十八,戊午,馬,
2038-07-20,2038,6,19,false,六月,十九,戊午,馬,
2038-07-21,2038,6,20,false,六月,二十,戊午,馬,
2038-07-22,2038,6,21,false,六月,廿一,戊午,馬,
2038-07-23,2038,6,22,false,六月,廿二,戊午,馬,大暑
2038-07-24,2038,6,23,false,六月,廿三,戊午,馬,
2038-07-25,2038,6,24,false,六月,廿四,戊午,馬,
2038-07-26,2038,6,25,false,六月,廿五,戊午,馬,
2038-07-27,2038,6,26,false,六月,廿六,戊午,馬,
2038-07-28,2038,6,27,false,六月,廿七,戊午,馬,
2038-07-29,2038,6,28,false,六月,廿八,戊午,馬,
2038-07-30,2038,6,29,false,六月,廿九,戊午,馬,
2038-07-31,2038,6,30,false,六月,三十,戊午,馬,
2038-08-01,2038,7,1,false,七月,初一,戊午,馬,
2038-08-02,2038,7,2,false,七月,初二,戊午,馬,
2038-08-03,2038,7,3,false,七月,初三,戊午,馬,
2038-08-04,2038,7,4,false,七月,初四,戊午,馬,
2038-08-05,2038,7,5,false,七月,初五,戊午,馬,
2038-08-06,2038,7,6,false,七月,初六,戊午,馬,
2038-08-07,2038,7,7,false,七月,初七,戊午,馬,立秋
2038-08-08,2038,7,8,false,七月,初八,戊午,馬,
2038-08-09,2038,7,9,false,七月,初九,戊午,馬,
2038-08-10,2038,7,10,false,七月,初十,戊午,馬,
2038-08-11,2038,7,11,false,七月,十一,戊午,馬,
2038-08-12,2038,7,12,false,七月,十二,戊午,馬,
2038-08-13,2038,7,13,false,七月,十三,戊午,馬,
2038-08-14,2038,7,14,false,七月,十四,戊午,馬,
2038-08-15,2038,7,15,false,七月,十五,戊午,馬,
2038-08-16,2038,7,16,false,七月,十六,戊午,馬,
2038-08-17,2038,7,17,false,七月,十七,戊午,馬,
2038-08-18,2038,7,18,false,七月,十八,戊午,馬,
2038-08-19,2038,7,19,false,七月,十九,戊午,馬,
2038-08-20,2038,7,20,false,七月,二十,戊午,馬,
2038-08-21,2038,7,21,false,七月,廿一,戊午,馬,
2038-08-22,2038,7,22,false,七月,廿二,戊午,馬,
2038-08-23,2038,7,23,false,七月,廿三,戊午,馬,處暑
2038-08-24,2038,7,24,false,七月,廿四,戊午,馬,
2038-08-25,2038,7,25,false,七月,廿五,戊午,馬,
2038-08-26,2038,7,26,false,七月,廿六,戊午,馬,
2038-08-27,2038,7,27,false,七月,廿七,戊午,馬,
2038-08-28,2038,7,28,false,七月,廿八,戊午,馬,
2038-08-29,2038,7,29,false,七月,廿九,戊午,馬,
2038-08-30,2038,8,1,false,八月,初一,戊午,馬,
2038-08-31,2038,8,2,false,八月,初二,戊午,馬,
2038-09-01,2038,8,3,false,八月,初三,戊午,馬,
2038-09-02,2038,8,4,false,八月,初四,戊午,馬,
2038-09-03,2038,8,5,false,八月,初五,戊午,馬,
2038-09-04,2038,8,6,false,八月,初六,戊午,馬,
2038-09-05,2038,8,7,false,八月,初七,戊午,馬,
2038-09-06,2038,8,8,false,八月,初八,戊午,馬,
2038-09-07,2038,8,9,false,八月,初九,戊午,馬,白露
2038-09-08,2038,8,10,false,八月,初十,戊午,馬,
2038-09-09,2038,8,11,false,八月,十一,戊午,馬,
2038-09-10,2038,8,12,false,八月,十二,戊午,馬,
2038-09-11,2038,8,13,false,八月,十三,戊午,馬,
2038-09-12,2038,8,14,false,八月,十四,戊午,馬,
2038-09-13,2038,8,15,false,八月,十五,戊午,馬,
2038-09-14,2038,8,16,false,八月,十六,戊午,馬,
2038-09-15,2038,8,17,false,八月,十七,戊午,馬,
2038-09-16,2038,8,18,false,八月,十八,戊午,馬,
2038-09-17,2038,8,19,false,八月,十九,戊午,馬,
2038-09-18,2038,8,20,false,八月,二十,戊午,馬,
2038-09-19,2038,8,21,false,八月,廿一,戊午,馬,
2038-09-20,2038,8,22,false,八月,廿二,戊午,馬,
2038-09-21,2038,8,23,false,八月,廿三,戊午,馬,
2038-09-22,2038,8,24,false,八月,廿四,戊午,馬,
2038-09-23,2038,8,25,false,八月,廿五,戊午,馬,秋分
2038-09-24,2038,8,26,false,八月,廿六,戊午,馬,
2038-09-25,2038,8,27,false,八月,廿七,戊午,馬,
2038-09-26,2038,8,28,false,八月,廿八,戊午,馬,
2038-09-27,2038,8,29,false,八月,廿九,戊午,馬,
2038-09-28,2038,8,30,false,八月,三十,戊午,馬,
2038-09-29,2038,9,1,false,九月,初一,戊午,馬,
2038-09-30,2038,9,2,false,九月,初二,戊午,馬,
2038-10-01,2038,9,3,false,九月,初三,戊午,馬,
2038-10-02,2038,9,4,false,九月,初四,戊午,馬,
2038-10-03,2038,9,5,false,九月,初五,戊午,馬,
2038-10-04,2038,9,6,false,九月,初六,戊午,馬,
2038-10-05,2038,9,7,false,九月,初七,戊午,馬,
2038-10-06,2038,9,8,false,九月,初八,戊午,馬,
2038-10-07,2038,9,9,false,九月,初九,戊午,馬,
2038-10-08,2038,9,10,false,九月,初十,戊午,馬,寒露
2038-10-09,2038,9,11,false,九月,十一,戊午,馬,
2038-10-10,2038,9,12,false,九月,十二,戊午,馬,
2038-10-11,2038,9,13,false,九月,十三,戊午,馬,
2038-10-12,2038,9,14,false,九月,十四,戊午,馬,
2038-10-13,2038,9,15,false,九月,十五,戊午,馬,
2038-10-14,2038,9,16,false,九月,十六,戊午,馬,
2038-10-15,2038,9,17,false,九月,十七,戊午,馬,
2038-10-16,2038,9,18,false,九月,十八,戊午,馬,
2038-10-17,2038,9,19,false,九月,十九,戊午,馬,
2038-10-18,2038,9,20,false,九月,二十,戊午,馬,
2038-10-19,2038,9,21,false,九月,廿一,戊午,馬,
2038-10-20,2038,9,22,false,九月,廿二,戊午,馬,
2038-10-21,2038,9,23,false,九月,廿三,戊午,馬,
2038-10-22,2038,9,24,false,九月,廿四,戊午,馬,
2038-10-23,2038,9,25,false,九月,廿五,戊午,馬,霜降
2038-10-24,2038,9,26,false,九月,廿六,戊午,馬,
2038-10-25,2038,9,27,false,九月,廿七,戊午,馬,
2038-10-26,2038,9,28,false,九月,廿八,戊午,馬,
2038-10-27,2038,9,29,false,九月,廿九,戊午,馬,
2038-10-28,2038,10,1,false,十月,初一,戊午,馬,
2038-10-29,2038,10,2,false,十月,初二,戊午,馬,
2038-10-30,2038,10,3,false,十月,初三,戊午,馬,
2038-10-31,2038,10,4,false,十月,初四,戊午,馬,
2038-11-01,2038,10,5,false,十月,初五,戊午,馬,
2038-11-02,2038,10,6,false,十月,初六,戊午,馬,
2038-11-03,2038,10,7,false,十月,初七,戊午,馬,
2038-11-04,2038,10,8,false,十月,初八,戊午,馬,
2038-11-05,2038,10,9,false,十月,初九,戊午,馬,
2038-11-06,2038,10,10,false,十月,初十,戊午,馬,
2038-11-07,2038,10,11,false,十月,十一,戊午,馬,立冬
2038-11-08,2038,10,12,false,十月,十二,戊午,馬,
2038-11-09,2038,10,13,false,十月,十三,戊午,馬,
2038-11-10,2038,10,14,false,十月,十四,戊午,馬,
2038-11-11,2038,10,15,false,十月,十五,戊午,馬,
2038-11-12,2038,10,16,false,十月,十六,戊午,馬,
2038-11-13,2038,10,17,false,十月,十七,戊午,馬,
2038-11-14,2038,10,18,false,十月,十八,戊午,馬,
2038-11-15,2038,10,19,false,十月,十九,戊午,馬,
2038-11-16,2038,10,20,false,十月,二十,戊午,馬,
2038-11-17,2038,10,21,false,十月,廿一,戊午,馬,
2038-11-18,2038,10,22,false,十月,廿二,戊午,馬,
2038-11-19,2038,10,23,false,十月,廿三,戊午,馬,
2038-11-20,2038,10,24,false,十月,廿四,戊午,馬,
2038-11-21,2038,10,25,false,十月,廿五,戊午,馬,
2038-11-22,2038,10,26,false,十月,廿六,戊午,馬,小雪
2038-11-23,2038,10,27,false,十月,廿七,戊午,馬,
2038-11-24,2038,10,28,false,十月,廿八,戊午,馬,
2038-11-25,2038,10,29,false,十月,廿九,戊午,馬,
2038-11-26,2038,11,1,false,十一月,初一,戊午,馬,
2038-11-27,2038,11,2,false,十一月,初二,戊午,馬,
2038-11-28,2038,11,3,false,十一月,初三,戊午,馬,
2038-11-29,2038,11,4,false,十一月,初四,戊午,馬,
2038-11-30,2038,11,5,false,十一月,初五,戊午,馬,
2038-12-01,2038,11,6,false,十一月,初六,戊午,馬,
2038-12-02,2038,11,7,false,十一月,初七,戊午,馬,
2038-12-03,2038,11,8,false,十一月,初八,戊午,馬,
2038-12-04,2038,11,9,false,十一月,初九,戊午,馬,
2038-12-05,2038,11,10,false,十一月,初十,戊午,馬,
2038-12-06,2038,11,11,false,十一月,十一,戊午,馬,
2038-12-07,2038,11,12,false,十一月,十二,戊午,馬,大雪
2038-12-08,2038,11,13,false,十一月,十三,戊午,馬,
2038-12-09,2038,11,14,false,十一月,十四,戊午,馬,
2038-12-10,2038,11,15,false,十一月,十五,戊午,馬,
2038-12-11,2038,11,16,false,十一月,十六,戊午,馬,
2038-12-12,2038,11,17,false,十一月,十七,戊午,馬,
2038-12-13,2038,11,18,false,十一月,十八,戊午,馬,
2038-12-14,2038,11,19,false,十一月,十九,戊午,馬,
2038-12-15,2038,11,20,false,十一月,二十,戊午,馬,
2038-12-16,2038,11,21,false,十一月,廿一,戊午,馬,
2038-12-17,2038,11,22,false,十一月,廿二,戊午,馬,
2038-12-18,2038,11,23,false,十一月,廿三,戊午,馬,
2038-12-19,2038,11,24,false,十一月,廿四,戊午,馬,
2038-12-20,2038,11,25,false,十一月,廿五,戊午,馬,
2038-12-21,2038,11,26,false,十一月,廿六,戊午,馬,
2038-12-22,2038,11,27,false,十一月,廿七,戊午,馬,冬至
2038-12-23,2038,11,28,false,十一月,廿八,戊午,馬,
2038-12-24,2038,11,29,false,十一月,廿九,戊午,馬,
2038-12-25,2038,11,30,false,十一月,三十,戊午,馬,
2038-12-26,2038,12,1,false,十二月,初一,戊午,馬,
2038-12-27,2038,12,2,false,十二月,初二,戊午,馬,
2038-12-28,2038,12,3,false,十二月,初三,戊午,馬,
2038-12-29,2038,12,4,false,十二月,初四,戊午,馬,
2038-12-30,2038,12,5,false,十二月,初五,戊午,馬,
2038-12-31,2038,12,6,false,十二月,初六,戊午,馬,
2039-01-01,2038,12,7,false,十二月,初七,戊午,馬,
2039-01-02,2038,12,8,false,十二月,初八,戊午,馬,
2039-01-03,2038,12,9,false,十二月,初九,戊午,馬,
2039-01-04,2038,12,10,false,十二月,初十,戊午,馬,
2039-01-05,2038,12,11,false,十二月,十一,戊午,馬,小寒
2039-01-06,2038,12,12,false,十二月,十二,戊午,馬,
2039-01-07,2038,12,13,false,十二月,十三,戊午,馬,
2039-01-08,2038,12,14,false,十二月,十四,戊午,馬,
2039-01-09,2038,12,15,false,十二月,十五,戊午,馬,
2039-01-10,2038,12,16,false,十二月,十六,戊午,馬,
2039-01-11,2038,12,17,false,十二月,十七,戊午,馬,
2039-01-12,2038,12,18,false,十二月,十八,戊午,馬,
2039-01-13,2038,12,19,false,十二月,十九,戊午,馬,
2039-01-14,2038,12,20,false,十二月,二十,戊午,馬,
2039-01-15,2038,12,21,false,十二月,廿一,戊午,馬,
2039-01-16,2038,12,22,false,十二月,廿二,戊午,馬,
2039-01-17,2038,12,23,false,十二月,廿三,戊午,馬,
2039-01-18,2038,12,24,false,十二月,廿四,戊午,馬,
2039-01-19,2038,12,25,false,十二月,廿五,戊午,馬,
2039-01-20,2038,12,26,false,十二月,廿六,戊午,馬,大寒
2039-01-21,2038,12,27,false,十二月,廿七,戊午,馬,
2039-01-22,2038,12,28,false,十二月,廿八,戊午,馬,
2039-01-23,2038,12,29,false,十二月,廿九,戊午,馬,
2039-01-24,2039,1,1,false,一月,初一,己未,羊,
2039-01-25,2039,1,2,false,一月,初二,己未,羊,
2039-01-26,2039,1,3,false,一月,初三,己未,羊,
2039-01-27,2039,1,4,false,一月,初四,己未,羊,
2039-01-28,2039,1,5,false,一月,初五,己未,羊,
2039-01-29,2039,1,6,false,一月,初六,己未,羊,
2039-01-30,2039,1,7,false,一月,初七,己未,羊,
2039-01-31,2039,1,8,false,一月,初八,己未,羊,
2039-02-01,2039,1,9,false,一月,初九,己未,羊,
2039-02-02,2039,1,10,false,一月,初十,己未,羊,
2039-02-03,2039,1,11,false,一月,十一,己未,羊,
2039-02-04,2039,1,12,false,一月,十二,己未,羊,立春
2039-02-05,2039,1,13,false,一月,十三,己未,羊,
2039-02-06,2039,1,14,false,一月,十四,己未,羊,
2039-02-07,2039,1,15,false,一月,十五,己未,羊,
2039-02-08,2039,1,16,false,一月,十六,己未,羊,
2039-02-09,2039,1,17,false,一月,十七,己未,羊,
2039-02-10,2039,1,18,false,一月,十八,己未,羊,
2039-02-11,2039,1,19,false,一月,十九,己未,羊,
2039-02-12,2039,1,20,false,一月,二十,己未,羊,
2039-02-13,2039,1,21,false,一月,廿一,己未,羊,
2039-02-14,2039,1,22,false,一月,廿二,己未,羊,
2039-02-15,2039,1,23,false,一月,廿三,己未,羊,
2039-02-16,2039,1,24,false,一月,廿四,己未,羊,
2039-02-17,2039,1,25,false,一月,廿五,己未,羊,
2039-02-18,2039,1,26,false,一月,廿六,己未,羊,
2039-02-19,2039,1,27,false,一月,廿七,己未,羊,雨水
2039-02-20,2039,1,28,false,一月,廿八,己未,羊,
2039-02-21,2039,1,29,false,一月,廿九,己未,羊,
2039-02-22,2039,1,30,false,一月,三十,己未,羊,
2039-02-23,2039,2,1,false,二月,初一,己未,羊,
2039-02-24,2039,2,2,false,二月,初二,己未,羊,
2039-02-25,2039,2,3,false,二月,初三,己未,羊,
2039-02-26,2039,2,4,false,二月,初四,己未,羊,
2039-02-27,2039,2,5,false,二月,初五,己未,羊,
2039-02-28,2039,2,6,false,二月,初六,己未,羊,
2039-03-01,2039,2,7,false,二月,初七,己未,羊,
2039-03-02,2039,2,8,false,二月,初八,己未,羊,
2039-03-03,2039,2,9,false,二月,初九,己未,羊,
2039-03-04,2039,2,10,false,二月,初十,己未,羊,
2039-03-05,2039,2,11,false,二月,十一,己未,羊,
2039-03-06,2039,2,12,false,二月,十二,己未,羊,驚蟄
2039-03-07,2039,2,13,false,二月,十三,己未,羊,
2039-03-08,2039,2,14,false,二月,十四,己未,羊,
2039-03-09,2039,2,15,false,二月,十五,己未,羊,
2039-03-10,2039,2,16,false,二月,十六,己未,羊,
2039-03-11,2039,2,17,false,二月,十七,己未,羊,
2039-03-12,2039,2,18,false,二月,十八,己未,羊,
2039-03-13,2039,2,19,false,二月,十九,己未,羊,
2039-03-14,2039,2,20,false,二月,二十,己未,羊,
2039-03-15,2039,2,21,false,二月,廿一,己未,羊,
2039-03-16,2039,2,22,false,二月,廿二,己未,羊,
2039-03-17,2039,2,23,false,二月,廿三,己未,羊,
2039-03-18,2039,2,24,false,二月,廿四,己未,羊,
2039-03-19,2039,2,25,false,二月,廿五,己未,羊,
2039-03-20,2039,2,26,false,二月,廿六,己未,羊,
2039-03-21,2039,2,27,false,二月,廿七,己未,羊,春分
2039-03-22,2039,2,28,false,二月,廿八,己未,羊,
2039-03-23,2039,2,29,false,二月,廿九,己未,羊,
2039-03-24,2039,2,30,false,二月,三十,己未,羊,
2039-03-25,2039,3,1,false,三月,初一,己未,羊,
2039-03-26,2039,3,2,false,三月,初二,己未,羊,
2039-03-27,2039,3,3,false,三月,初三,己未,羊,
2039-03-28,2039,3,4,false,三月,初四,己未,羊,
2039-03-29,2039,3,5,false,三月,初五,己未,羊,
2039-03-30,2039,3,6,false,三月,初六,己未,羊,
2039-03-31,2039,3,7,false,三月,初七,己未,羊,
2039-04-01,2039,3,8,false,三月,初八,己未,羊,
2039-04-02,2039,3,9,false,三月,初九,己未,羊,
2039-04-03,2039,3,10,false,三月,初十,己未,羊,
2039-04-04,2039,3,11,false,三月,十一,己未,羊,
2039-04-05,2039,3,12,false,三月,十二,己未,羊,清明
2039-04-06,2039,3,13,false,三月,十三,己未,羊,
2039-04-07,2039,3,14,false,三月,十四,己未,羊,
2039-04-08,2039,3,15,false,三月,十五,己未,羊,
2039-04-09,2039,3,16,false,三月,十六,己未,羊,
2039-04-10,2039,3,17,false,三月,十七,己未,羊,
2039-04-11,2039,3,18,false,三月,十八,己未,羊,
2039-04-12,2039,3,19,false,三月,十九,己未,羊,
2039-04-13,2039,3,20,false,三月,二十,己未,羊,
2039-04-14,2039,3,21,false,三月,廿一,己未,羊,
2039-04-15,2039,3,22,false,三月,廿二,己未,羊,
2039-04-16,2039,3,23,false,三月,廿三,己未,羊,
2039-04-17,2039,3,24,false,三月,廿四,己未,羊,
2039-04-18,2039,3,25,false,三月,廿五,己未,羊,
2039-04-19,2039,3,26,false,三月,廿六,己未,羊,
2039-04-20,2039,3,27,false,三月,廿七,己未,羊,穀雨
2039-04-21,2039,3,28,false,三月,廿八,己未,羊,
2039-04-22,2039,3,29,false,三月,廿九,己未,羊,
2039-04-23,2039,4,1,false,四月,初一,己未,羊,
2039-04-24,2039,4,2,false,四月,初二,己未,羊,
2039-04-25,2039,4,3,false,四月,初三,己未,羊,
2039-04-26,2039,4,4,false,四月,初四,己未,羊,
2039-04-27,2039,4,5,false,四月,初五,己未,羊,
2039-04-28,2039,4,6,false,四月,初六,己未,羊,
2039-04-29,2039,4,7,false,四月,初七,己未,羊,
2039-04-30,2039,4,8,false,四月,初八,己未,羊,
2039-05-01,2039,4,9,false,四月,初九,己未,羊,
2039-05-02,2039,4,10,false,四月,初十,己未,羊,
2039-05-03,2039,4,11,false,四月,十一,己未,羊,
2039-05-04,2039,4,12,false,四月,十二,己未,羊,
2039-05-05,2039,4,13,false,四月,十三,己未,羊,立夏
2039-05-06,2039,4,14,false,四月,十四,己未,羊,
2039-05-07,2039,4,15,false,四月,十五,己未,羊,
2039-05-08,2039,4,16,false,四月,十六,己未,羊,
2039-05-09,2039,4,17,false,四月,十七,己未,羊,
2039-05-10,2039,4,18,false,四月,十八,己未,羊,
2039-05-11,2039,4,19,false,四月,十九,己未,羊,
2039-05-12,2039,4,20,false,四月,二十,己未,羊,
2039-05-13,2039,4,21,false,四月,廿一,己未,羊,
2039-05-14,2039,4,22,false,四月,廿二,己未,羊,
2039-05-15,2039,4,23,false,四月,廿三,己未,羊,
2039-05-16,2039,4,24,false,四月,廿四,己未,羊,
2039-05-17,2039,4,25,false,四月,廿五,己未,羊,
2039-05-18,2039,4,26,false,四月,廿六,己未,羊,
2039-05-19,2039,4,27,false,四月,廿七,己未,羊,
2039-05-20,2039,4,28,false,四月,廿八,己未,羊,
2039-05-21,2039,4,29,false,四月,廿九,己未,羊,小滿
2039-05-22,2039,4,30,false,四月,三十,己未,羊,
2039-05-23,2039,5,1,false,五月,初一,己未,羊,
2039-05-24,2039,5,2,false,五月,初二,己未,羊,
2039-05-25,2039,5,3,false,五月,初三,己未,羊,
2039-05-26,2039,5,4,false,五月,初四,己未,羊,
2039-05-27,2039,5,5,false,五月,初五,己未,羊,
2039-05-28,2039,5,6,false,五月,初六,己未,羊,
2039-05-29,2039,5,7,false,五月,初七,己未,羊,
2039-05-30,2039,5,8,false,五月,初八,己未,羊,
2039-05-31,2039,5,9,false,五月,初九,己未,羊,
2039-06-01,2039,5,10,false,五月,初十,己未,羊,
2039-06-02,2039,5,11,false,五月,十一,己未,羊,
2039-06-03,2039,5,12,false,五月,十二,己未,羊,
2039-06-04,2039,5,13,false,五月,十三,己未,羊,
2039-06-05,2039,5,14,false,五月,十四,己未,羊,
2039-06-06,2039,5,15,false,五月,十五,己未,羊,芒種
2039-06-07,2039,5,16,false,五月,十六,己未,羊,
2039-06-08,2039,5,17,false,五月,十七,己未,羊,
2039-06-09,2039,5,18,false,五月,十八,己未,羊,
2039-06-10,2039,5,19,false,五月,十九,己未,羊,
2039-06-11,2039,5,20,false,五月,二十,己未,羊,
2039-06-12,2039,5,21,false,五月,廿一,己未,羊,
2039-06-13,2039,5,22,false,五月,廿二,己未,羊,
2039-06-14,2039,5,23,false,五月,廿三,己未,羊,
2039-06-15,2039,5,24,false,五月,廿四,己未,羊,
2039-06-16,2039,5,25,false,五月,廿五,己未,羊,
2039-06-17,2039,5,26,false,五月,廿六,己未,羊,
2039-06-18,2039,5,27,false,五月,廿七,己未,羊,
2039-06-19,2039,5,28,false,五月,廿八,己未,羊,
2039-06-20,2039,5,29,false,五月,廿九,己未,羊,
2039-06-21,2039,5,30,false,五月,三十,己未,羊,夏至
2039-06-22,2039,5,1,true,閏五月,初一,己未,羊,
2039-06-23,2039,5,2,true,閏五月,初二,己未,羊,
2039-06-24,2039,5,3,true,閏五月,初三,己未,羊,
2039-06-25,2039,5,4,true,閏五月,初四,己未,羊,
2039-06-26,2039,5,5,true,閏五月,初五,己未,羊,
2039-06-27,2039,5,6,true,閏五月,初六,己未,羊,
2039-06-28,2039,5,7,true,閏五月,初七,己未,羊,
2039-06-29,2039,5,8,true,閏五月,初八,己未,羊,
2039-06-30,2039,5,9,true,閏五月,初九,己未,羊,
2039-07-01,2039,5,10,true,閏五月,初十,己未,羊,
2039-07-02,2039,5,11,true,閏五月,十一,己未,羊,
2039-07-03,2039,5,12,true,閏五月,十二,己未,羊,
2039-07-04,2039,5,13,true,閏五月,十三,己未,羊,
2039-07-05,2039,5,14,true,閏五月,十四,己未,羊,
2039-07-06,2039,5,15,true,閏五月,十五,己未,羊,
2039-07-07,2039,5,16,true,閏五月,十六,己未,羊,小暑
2039-07-08,2039,5,17,true,閏五月,十七,己未,羊,
2039-07-09,2039,5,18,true,閏五月,十八,己未,羊,
2039-07-10,2039,5,19,true,閏五月,十九,己未,羊,
2039-07-11,2039,5,20,true,閏五月,二十,己未,羊,
2039-07-12,2039,5,21,true,閏五月,廿一,己未,羊,
2039-07-13,2039,5,22,true,閏五月,廿二,己未,羊,
2039-07-14,2039,5,23,true,閏五月,廿三,己未,羊,
2039-07-15,2039,5,24,true,閏五月,廿四,己未,羊,
2039-07-16,2039,5,25,true,閏五月,廿五,己未,羊,
2039-07-17,2039,5,26,true,閏五月,廿六,己未,羊,
2039-07-18,2039,5,27,true,閏五月,廿七,己未,羊,
2039-07-19,2039,5,28,true,閏五月,廿八,己未,羊,
2039-07-20,2039,5,29,true,閏五月,廿九,己未,羊,
2039-07-21,2039,6,1,false,六月,初一,己未,羊,
2039-07-22,2039,6,2,false,六月,初二,己未,羊,
2039-07-23,2039,6,3,false,六月,初三,己未,羊,大暑
2039-07-24,2039,6,4,false,六月,初四,己未,羊,
2039-07-25,2039,6,5,false,六月,初五,己未,羊,
2039-07-26,2039,6,6,false,六月,初六,己未,羊,
2039-07-27,2039,6,7,false,六月,初七,己未,羊,
2039-07-28,2039,6,8,false,六月,初八,己未,羊,
2039-07-29,2039,6,9,false,六月,初九,己未,羊,
2039-07-30,2039,6,10,false,六月,初十,己未,羊,
2039-07-31,2039,6,11,false,六月,十一,己未,羊,
2039-08-01,2039,6,12,false,六月,十二,己未,羊,
2039-08-02,2039,6,13,false,六月,十三,己未,羊,
2039-08-03,2039,6,14,false,六月,十四,己未,羊,
2039-08-04,2039,6,15,false,六月,十五,己未,羊,
2039-08-05,2039,6,16,false,六月,十六,己未,羊,
2039-08-06,2039,6,17,false,六月,十七,己未,羊,
2039-08-07,2039,6,18,false,六月,十八,己未,羊,立秋
2039-08-08,2039,6,19,false,六月,十九,己未,羊,
2039-08-09,2039,6,20,false,六月,二十,己未,羊,
2039-08-10,2039,6,21,false,六月,廿一,己未,羊,
2039-08-11,2039,6,22,false,六月,廿二,己未,羊,
2039-08-12,2039,6,23,false,六月,廿三,己未,羊,
2039-08-13,2039,6,24,false,六月,廿四,己未,羊,
2039-08-14,2039,6,25,false,六月,廿五,己未,羊,
2039-08-15,2039,6,26,false,六月,廿六,己未,羊,
2039-08-16,2039,6,27,false,六月,廿七,己未,羊,
2039-08-17,2039,6,28,false,六月,廿八,己未,羊,
2039-08-18,2039,6,29,false,六月,廿九,己未,羊,
2039-08-19,2039,6,30,false,六月,三十,己未,羊,
2039-08-20,2039,7,1,false,七月,初一,己未,羊,
2039-08-21,2039,7,2,false,七月,初二,己未,羊,
2039-08-22,2039,7,3,false,七月,初三,己未,羊,
2039-08-23,2039,7,4,false,七月,初四,己未,羊,處暑
2039-08-24,2039,7,5,false,七月,初五,己未,羊,
2039-08-25,2039,7,6,false,七月,初六,己未,羊,
2039-08-26,2039,7,7,false,七月,初七,己未,羊,
2039-08-27,2039,7,8,false,七月,初八,己未,羊,
2039-08-28,2039,7,9,false,七月,初九,己未,羊,
2039-08-29,2039,7,10,false,七月,初十,己未,羊,
2039-08-30,2039,7,11,false,七月,十一,己未,羊,
2039-08-31,2039,7,12,false,七月,十二,己未,羊,
2039-09-01,2039,7,13,false,七月,十三,己未,羊,
2039-09-02,2039,7,14,false,七月,十四,己未,羊,
2039-09-03,2039,7,15,false,七月,十五,己未,羊,
2039-09-04,2039,7,16,false,七月,十六,己未,羊,
2039-09-05,2039,7,17,false,七月,十七,己未,羊,
2039-09-06,2039,7,18,false,七月,十八,己未,羊,
2039-09-07,2039,7,19,false,七月,十九,己未,羊,
2039-09-08,2039,7,20,false,七月,二十,己未,羊,白露
2039-09-09,2039,7,21,false,七月,廿一,己未,羊,
2039-09-10,2039,7,22,false,七月,廿二,己未,羊,
2039-09-11,2039,7,23,false,七月,廿三,己未,羊,
2039-09-12,2039,7,24,false,七月,廿四,己未,羊,
2039-09-13,2039,7,25,false,七月,廿五,己未,羊,
2039-09-14,2039,7,26,false,七月,廿六,己未,羊,
2039-09-15,2039,7,27,false,七月,廿七,己未,羊,
2039-09-16,2039,7,28,false,七月,廿八,己未,羊,
2039-09-17,2039,7,29,false,七月,廿九,己未,羊,
2039-09-18,2039,8,1,false,八月,初一,己未,羊,
2039-09-19,2039,8,2,false,八月,初二,己未,羊,
2039-09-20,2039,8,3,false,八月,初三,己未,羊,
2039-09-21,2039,8,4,false,八月,初四,己未,羊,
2039-09-22,2039,8,5,false,八月,初五,己未,羊,
2039-09-23,2039,8,6,false,八月,初六,己未,羊,秋分
2039-09-24,2039,8,7,false,八月,初七,己未,羊,
2039-09-25,2039,8,8,false,八月,初八,己未,羊,
2039-09-26,2039,8,9,false,八月,初九,己未,羊,
2039-09-27,2039,8,10,false,八月,初十,己未,羊,
2039-09-28,2039,8,11,false,八月,十一,己未,羊,
2039-09-29,2039,8,12,false,八月,十二,己未,羊,
2039-09-30,2039,8,13,false,八月,十三,己未,羊,
2039-10-01,2039,8,14,false,八月,十四,己未,羊,
2039-10-02,2039,8,15,false,八月,十五,己未,羊,
2039-10-03,2039,8,16,false,八月,十六,己未,羊,
2039-10-04,2039,8,17,false,八月,十七,己未,羊,
2039-10-05,2039,8,18,false,八月,十八,己未,羊,
2039-10-06,2039,8,19,false,八月,十九,己未,羊,
2039-10-07,2039,8,20,false,八月,二十,己未,羊,
2039-10-08,2039,8,21,false,八月,廿一,己未,羊,寒露
2039-10-09,2039,8,22,false,八月,廿二,己未,羊,
2039-10-10,2039,8,23,false,八月,廿三,己未,羊,
2039-10-11,2039,8,24,false,八月,廿四,己未,羊,
2039-10-12,2039,8,25,false,八月,廿五,己未,羊,
2039-10-13,2039,8,26,false,八月,廿六,己未,羊,
2039-10-14,2039,8,27,false,八月,廿七,己未,羊,
2039-10-15,2039,8,28,false,八月,廿八,己未,羊,
2039-10-16,2039,8,29,false,八月,廿九,己未,羊,
2039-10-17,2039,8,30,false,八月,三十,己未,羊,
2039-10-18,2039,9,1,false,九月,初一,己未,羊,
2039-10-19,2039,9,2,false,九月,初二,己未,羊,
2039-10-20,2039,9,3,false,九月,初三,己未,羊,
2039-10-21,2039,9,4,false,九月,初四,己未,羊,
2039-10-22,2039,9,5,false,九月,初五,己未,羊,
2039-10-23,2039,9,6,false,九月,初六,己未,羊,霜降
2039-10-24,2039,9,7,false,九月,初七,己未,羊,
2039-10-25,2039,9,8,false,九月,初八,己未,羊,
2039-10-26,2039,9,9,false,九月,初九,己未,羊,
2039-10-27,2039,9,10,false,九月,初十,己未,羊,
2039-10-28,2039,9,11,false,九月,十一,己未,羊,
2039-10-29,2039,9,12,false,九月,十二,己未,羊,
2039-10-30,2039,9,13,false,九月,十三,己未,羊,
2039-10-31,2039,9,14,false,九月,十四,己未,羊,
2039-11-01,2039,9,15,false,九月,十五,己未,羊,
2039-11-02,2039,9,16,false,九月,十六,己未,羊,
2039-11-03,2039,9,17,false,九月,十七,己未,羊,
2039-11-04,2039,9,18,false,九月,十八,己未,羊,
2039-11-05,2039,9,19,false,九月,十九,己未,羊,
2039-11-06,2039,9,20,false,九月,二十,己未,羊,
2039-11-07,2039,9,21,false,九月,廿一,己未,羊,立冬
2039-11-08,2039,9,22,false,九月,廿二,己未,羊,
2039-11-09,2039,9,23,false,九月,廿三,己未,羊,
2039-11-10,2039,9,24,false,九月,廿四,己未,羊,
2039-11-11,2039,9,25,false,九月,廿五,己未,羊,
2039-11-12,2039,9,26,false,九月,廿六,己未,羊,
2039-11-13,2039,9,27,false,九月,廿七,己未,羊,
2039-11-14,2039,9,28,false,九月,廿八,己未,羊,
2039-11-15,2039,9,29,false,九月,廿九,己未,羊,
2039-11-16,2039,10,1,false,十月,初一,己未,羊,
2039-11-17,2039,10,2,false,十月,初二,己未,羊,
2039-11-18,2039,10,3,false,十月,初三,己未,羊,
2039-11-19,2039,10,4,false,十月,初四,己未,羊,
2039-11-20,2039,10,5,false,十月,初五,己未,羊,
2039-11-21,2039,10,6,false,十月,初六,己未,羊,
2039-11-22,2039,10,7,false,十月,初七,己未,羊,小雪
2039-11-23,2039,10,8,false,十月,初八,己未,羊,
2039-11-24,2039,10,9,false,十月,初九,己未,羊,
2039-11-25,2039,10,10,false,十月,初十,己未,羊,
2039-11-26,2039,10,11,false,十月,十一,己未,羊,
2039-11-27,2039,10,12,false,十月,十二,己未,羊,
2039-11-28,2039,10,13,false,十月,十三,己未,羊,
2039-11-29,2039,10,14,false,十月,十四,己未,羊,
2039-11-30,2039,10,15,false,十月,十五,己未,羊,
2039-12-01,2039,10,16,false,十月,十六,己未,羊,
2039-12-02,2039,10,17,false,十月,十七,己未,羊,
2039-12-03,2039,10,18,false,十月,十八,己未,羊,
2039-12-04,2039,10,19,false,十月,十九,己未,羊,
2039-12-05,2039,10,20,false,十月,二十,己未,羊,
2039-12-06,2039,10,21,false,十月,廿一,己未,羊,
2039-12-07,2039,10,22,false,十月,廿二,己未,羊,大雪
2039-12-08,2039,10,23,false,十月,廿三,己未,羊,
2039-12-09,2039,10,24,false,十月,廿四,己未,羊,
2039-12-10,2039,10,25,false,十月,廿五,己未,羊,
2039-12-11,2039,10,26,false,十月,廿六,己未,羊,
2039-12-12,2039,10,27,false,十月,廿七,己未,羊,
2039-12-13,2039,10,28,false,十月,廿八,己未,羊,
2039-12-14,2039,10,29,false,十月,廿九,己未,羊,
2039-12-15,2039,10,30,false,十月,三十,己未,羊,
2039-12-16,2039,11,1,false,十一月,初一,己未,羊,
2039-12-17,2039,11,2,false,十一月,初二,己未,羊,
2039-12-18,2039,11,3,false,十一月,初三,己未,羊,
2039-12-19,2039,11,4,false,十一月,初四,己未,羊,
2039-12-20,2039,11,5,false,十一月,初五,己未,羊,
2039-12-21,2039,11,6,false,十一月,初六,己未,羊,
2039-12-22,2039,11,7,false,十一月,初七,己未,羊,冬至
2039-12-23,2039,11,8,false,十一月,初八,己未,羊,
2039-12-24,2039,11,9,false,十一月,初九,己未,羊,
2039-12-25,2039,11,10,false,十一月,初十,己未,羊,
2039-12-26,2039,11,11,false,十一月,十一,己未,羊,
2039-12-27,2039,11,12,false,十一月,十二,己未,羊,
2039-12-28,2039,11,13,false,十一月,十三,己未,羊,
2039-12-29,2039,11,14,false,十一月,十四,己未,羊,
2039-12-30,2039,11,15,false,十一月,十五,己未,羊,
2039-12-31,2039,11,16,false,十一月,十六,己未,羊,
2040-01-01,2039,11,17,false,十一月,十七,己未,羊,
2040-01-02,2039,11,18,false,十一月,十八,己未,羊,
2040-01-03,2039,11,19,false,十一月,十九,己未,羊,
2040-01-04,2039,11,20,false,十一月,二十,己未,羊,
2040-01-05,2039,11,21,false,十一月,廿一,己未,羊,
2040-01-06,2039,11,22,false,十一月,廿二,己未,羊,小寒
2040-01-07,2039,11,23,false,十一月,廿三,己未,羊,
2040-01-08,2039,11,24,false,十一月,廿四,己未,羊,
2040-01-09,2039,11,25,false,十一月,廿五,己未,羊,
2040-01-10,2039,11,26,false,十一月,廿六,己未,羊,
2040-01-11,2039,11,27,false,十一月,廿七,己未,羊,
2040-01-12,2039,11,28,false,十一月,廿八,己未,羊,
2040-01-13,2039,11,29,false,十一月,廿九,己未,羊,
2040-01-14,2039,12,1,false,十二月,初一,己未,羊,
2040-01-15,2039,12,2,false,十二月,初二,己未,羊,
2040-01-16,2039,12,3,false,十二月,初三,己未,羊,
2040-01-17,2039,12,4,false,十二月,初四,己未,羊,
2040-01-18,2039,12,5,false,十二月,初五,己未,羊,
2040-01-19,2039,12,6,false,十二月,初六,己未,羊,
2040-01-20,2039,12,7,false,十二月,初七,己未,羊,大寒
2040-01-21,2039,12,8,false,十二月,初八,己未,羊,
2040-01-22,2039,12,9,false,十二月,初九,己未,羊,
2040-01-23,2039,12,10,false,十二月,初十,己未,羊,
2040-01-24,2039,12,11,false,十二月,十一,己未,羊,
2040-01-25,2039,12,12,false,十二月,十二,己未,羊,
2040-01-26,2039,12,13,false,十二月,十三,己未,羊,
2040-01-27,2039,12,14,false,十二月,十四,己未,羊,
2040-01-28,2039,12,15,false,十二月,十五,己未,羊,
2040-01-29,2039,12,16,false,十二月,十六,己未,羊,
2040-01-30,2039,12,17,false,十二月,十七,己未,羊,
2040-01-31,2039,12,18,false,十二月,十八,己未,羊,
2040-02-01,2039,12,19,false,十二月,十九,己未,羊,
2040-02-02,2039,12,20,false,十二月,二十,己未,羊,
2040-02-03,2039,12,21,false,十二月,廿一,己未,羊,
2040-02-04,2039,12,22,false,十二月,廿二,己未,羊,立春
2040-02-05,2039,12,23,false,十二月,廿三,己未,羊,
2040-02-06,2039,12,24,false,十二月,廿四,己未,羊,
2040-02-07,2039,12,25,false,十二月,廿五,己未,羊,
2040-02-08,2039,12,26,false,十二月,廿六,己未,羊,
2040-02-09,2039,12,27,false,十二月,廿七,己未,羊,
2040-02-10,2039,12,28,false,十二月,廿八,己未,羊,
2040-02-11,2039,12,29,false,十二月,廿九,己未,羊,
2040-02-12,2040,1,1,false,一月,初一,庚申,猴,
2040-02-13,2040,1,2,false,一月,初二,庚申,猴,
2040-02-14,2040,1,3,false,一月,初三,庚申,猴,
2040-02-15,2040,1,4,false,一月,初四,庚申,猴,
2040-02-16,2040,1,5,false,一月,初五,庚申,猴,
2040-02-17,2040,1,6,false,一月,初六,庚申,猴,
2040-02-18,2040,1,7,false,一月,初七,庚申,猴,
2040-02-19,2040,1,8,false,一月,初八,庚申,猴,雨水
2040-02-20,2040,1,9,false,一月,初九,庚申,猴,
2040-02-21,2040,1,10,false,一月,初十,庚申,猴,
2040-02-22,2040,1,11,false,一月,十一,庚申,猴,
2040-02-23,2040,1,12,false,一月,十二,庚申,猴,
2040-02-24,2040,1,13,false,一月,十三,庚申,猴,
2040-02-25,2040,1,14,false,一月,十四,庚申,猴,
2040-02-26,2040,1,15,false,一月,十五,庚申,猴,
2040-02-27,2040,1,16,false,一月,十六,庚申,猴,
2040-02-28,2040,1,17,false,一月,十七,庚申,猴,
2040-02-29,2040,1,18,false,一月,十八,庚申,猴,
2040-03-01,2040,1,19,false,一月,十九,庚申,猴,
2040-03-02,2040,1,20,false,一月,二十,庚申,猴,
2040-03-03,2040,1,21,false,一月,廿一,庚申,猴,
2040-03-04,2040,1,22,false,一月,廿二,庚申,猴,
2040-03-05,2040,1,23,false,一月,廿三,庚申,猴,驚蟄
2040-03-06,2040,1,24,false,一月,廿四,庚申,猴,
2040-03-07,2040,1,25,false,一月,廿五,庚申,猴,
2040-03-08,2040,1,26,false,一月,廿六,庚申,猴,
2040-03-09,2040,1,27,false,一月,廿七,庚申,猴,
2040-03-10,2040,1,28,false,一月,廿八,庚申,猴,
2040-03-11,2040,1,29,false,一月,廿九,庚申,猴,
2040-03-12,2040,1,30,false,一月,三十,庚申,猴,
2040-03-13,2040,2,1,false,二月,初一,庚申,猴,
2040-03-14,2040,2,2,false,二月,初二,庚申,猴,
2040-03-15,2040,2,3,false,二月,初三,庚申,猴,
2040-03-16,2040,2,4,false,二月,初四,庚申,猴,
2040-03-17,2040,2,5,false,二月,初五,庚申,猴,
2040-03-18,2040,2,6,false,二月,初六,庚申,猴,
2040-03-19,2040,2,7,false,二月,初七,庚申,猴,
2040-03-20,2040,2,8,false,二月,初八,庚申,猴,春分
2040-03-21,2040,2,9,false,二月,初九,庚申,猴,
2040-03-22,2040,2,10,false,二月,初十,庚申,猴,
2040-03-23,2040,2,11,false,二月,十一,庚申,猴,
2040-03-24,2040,2,12,false,二月,十二,庚申,猴,
2040-03-25,2040,2,13,false,二月,十三,庚申,猴,
2040-03-26,2040,2,14,false,二月,十四,庚申,猴,
2040-03-27,2040,2,15,false,二月,十五,庚申,猴,
2040-03-28,2040,2,16,false,二月,十六,庚申,猴,
2040-03-29,2040,2,17,false,二月,十七,庚申,猴,
2040-03-30,2040,2,18,false,二月,十八,庚申,猴,
2040-03-31,2040,2,19,false,二月,十九,庚申,猴,
2040-04-01,2040,2,20,false,二月,二十,庚申,猴,
2040-04-02,2040,2,21,false,二月,廿一,庚申,猴,
2040-04-03,2040,2,22,false,二月,廿二,庚申,猴,
2040-04-04,2040,2,23,false,二月,廿三,庚申,猴,清明
2040-04-05,2040,2,24,false,二月,廿四,庚申,猴,
2040-04-06,2040,2,25,false,二月,廿五,庚申,猴,
2040-04-07,2040,2,26,false,二月,廿六,庚申,猴,
2040-04-08,2040,2,27,false,二月,廿七,庚申,猴,
2040-04-09,2040,2,28,false,二月,廿八,庚申,猴,
2040-04-10,2040,2,29,false,二月,廿九,庚申,猴,
2040-04-11,2040,3,1,false,三月,初一,庚申,猴,
2040-04-12,2040,3,2,false,三月,初二,庚申,猴,
2040-04-13,2040,3,3,false,三月,初三,庚申,猴,
2040-04-14,2040,3,4,false,三月,初四,庚申,猴,
2040-04-15,2040,3,5,false,三月,初五,庚申,猴,
2040-04-16,2040,3,6,false,三月,初六,庚申,猴,
2040-04-17,2040,3,7,false,三月,初七,庚申,猴,
2040-04-18,2040,3,8,false,三月,初八,庚申,猴,
2040-04-19,2040,3,9,false,三月,初九,庚申,猴,穀雨
2040-04-20,2040,3,10,false,三月,初十,庚申,猴,
2040-04-21,2040,3,11,false,三月,十一,庚申,猴,
2040-04-22,2040,3,12,false,三月,十二,庚申,猴,
2040-04-23,2040,3,13,false,三月,十三,庚申,猴,
2040-04-24,2040,3,14,false,三月,十四,庚申,猴,
2040-04-25,2040,3,15,false,三月,十五,庚申,猴,
2040-04-26,2040,3,16,false,三月,十六,庚申,猴,
2040-04-27,2040,3,17,false,三月,十七,庚申,猴,
2040-04-28,2040,3,18,false,三月,十八,庚申,猴,
2040-04-29,2040,3,19,false,三月,十九,庚申,猴,
2040-04-30,2040,3,20,false,三月,二十,庚申,猴,
2040-05-01,2040,3,21,false,三月,廿一,庚申,猴,
2040-05-02,2040,3,22,false,三月,廿二,庚申,猴,
2040-05-03,2040,3,23,false,三月,廿三,庚申,猴,
2040-05-04,2040,3,24,false,三月,廿四,庚申,猴,
2040-05-05,2040,3,25,false,三月,廿五,庚申,猴,立夏
2040-05-06,2040,3,26,false,三月,廿六,庚申,猴,
2040-05-07,2040,3,27,false,三月,廿七,庚申,猴,
2040-05-08,2040,3,28,false,三月,廿八,庚申,猴,
2040-05-09,2040,3,29,false,三月,廿九,庚申,猴,
2040-05-10,2040,3,30,false,三月,三十,庚申,猴,
2040-05-11,2040,4,1,false,四月,初一,庚申,猴,
2040-05-12,2040,4,2,false,四月,初二,庚申,猴,
2040-05-13,2040,4,3,false,四月,初三,庚申,猴,
2040-05-14,2040,4,4,false,四月,初四,庚申,猴,
2040-05-15,2040,4,5,false,四月,初五,庚申,猴,
2040-05-16,2040,4,6,false,四月,初六,庚申,猴,
2040-05-17,2040,4,7,false,四月,初七,庚申,猴,
2040-05-18,2040,4,8,false,四月,初八,庚申,猴,
2040-05-19,2040,4,9,false,四月,初九,庚申,猴,
2040-05-20,2040,4,10,false,四月,初十,庚申,猴,小滿
2040-05-21,2040,4,11,false,四月,十一,庚申,猴,
2040-05-22,2040,4,12,false,四月,十二,庚申,猴,
2040-05-23,2040,4,13,false,四月,十三,庚申,猴,
2040-05-24,2040,4,14,false,四月,十四,庚申,猴,
2040-05-25,2040,4,15,false,四月,十五,庚申,猴,
2040-05-26,2040,4,16,false,四月,十六,庚申,猴,
2040-05-27,2040,4,17,false,四月,十七,庚申,猴,
2040-05-28,2040,4,18,false,四月,十八,庚申,猴,
2040-05-29,2040,4,19,false,四月,十九,庚申,猴,
2040-05-30,2040,4,20,false,四月,二十,庚申,猴,
2040-05-31,2040,4,21,false,四月,廿一,庚申,猴,
2040-06-01,2040,4,22,false,四月,廿二,庚申,猴,
2040-06-02,2040,4,23,false,四月,廿三,庚申,猴,
2040-06-03,2040,4,24,false,四月,廿四,庚申,猴,
2040-06-04,2040,4,25,false,四月,廿五,庚申,猴,
2040-06-05,2040,4,26,false,四月,廿六,庚申,猴,芒種
2040-06-06,2040,4,27,false,四月,廿七,庚申,猴,
2040-06-07,2040,4,28,false,四月,廿八,庚申,猴,
2040-06-08,2040,4,29,false,四月,廿九,庚申,猴,
2040-06-09,2040,4,30,false,四月,三十,庚申,猴,
2040-06-10,2040,5,1,false,五月,初一,庚申,猴,
2040-06-11,2040,5,2,false,五月,初二,庚申,猴,
2040-06-12,2040,5,3,false,五月,初三,庚申,猴,
2040-06-13,2040,5,4,false,五月,初四,庚申,猴,
2040-06-14,2040,5,5,false,五月,初五,庚申,猴,
2040-06-15,2040,5,6,false,五月,初六,庚申,猴,
2040-06-16,2040,5,7,false,五月,初七,庚申,猴,
2040-06-17,2040,5,8,false,五月,初八,庚申,猴,
2040-06-18,2040,5,9,false,五月,初九,庚申,猴,
2040-06-19,2040,5,10,false,五月,初十,庚申,猴,
2040-06-20,2040,5,11,false,五月,十一,庚申,猴,
2040-06-21,2040,5,12,false,五月,十二,庚申,猴,夏至
2040-06-22,2040,5,13,false,五月,十三,庚申,猴,
2040-06-23,2040,5,14,false,五月,十四,庚申,猴,
2040-06-24,2040,5,15,false,五月,十五,庚申,猴,
2040-06-25,2040,5,16,false,五月,十六,庚申,猴,
2040-06-26,2040,5,17,false,五月,十七,庚申,猴,
2040-06-27,2040,5,18,false,五月,十八,庚申,猴,
2040-06-28,2040,5,19,false,五月,十九,庚申,猴,
2040-06-29,2040,5,20,false,五月,二十,庚申,猴,
2040-06-30,2040,5,21,false,五月,廿一,庚申,猴,
2040-07-01,2040,5,22,false,五月,廿二,庚申,猴,
2040-07-02,2040,5,23,false,五月,廿三,庚申,猴,
2040-07-03,2040,5,24,false,五月,廿四,庚申,猴,
2040-07-04,2040,5,25,false,五月,廿五,庚申,猴,
2040-07-05,2040,5,26,false,五月,廿六,庚申,猴,
2040-07-06,2040,5,27,false,五月,廿七,庚申,猴,小暑
2040-07-07,2040,5,28,false,五月,廿八,庚申,猴,
2040-07-08,2040,5,29,false,五月,廿九,庚申,猴,
2040-07-09,2040,6,1,false,六月,初一,庚申,猴,
2040-07-10,2040,6,2,false,六月,初二,庚申,猴,
2040-07-11,2040,6,3,false,六月,初三,庚申,猴,
2040-07-12,2040,6,4,false,六月,初四,庚申,猴,
2040-07-13,2040,6,5,false,六月,初五,庚申,猴,
2040-07-14,2040,6,6,false,六月,初六,庚申,猴,
2040-07-15,2040,6,7,false,六月,初七,庚申,猴,
2040-07-16,2040,6,8,false,六月,初八,庚申,猴,
2040-07-17,2040,6,9,false,六月,初九,庚申,猴,
2040-07-18,2040,6,10,false,六月,初十,庚申,猴,
2040-07-19,2040,6,11,false,六月,十一,庚申,猴,
2040-07-20,2040,6,12,false,六月,十二,庚申,猴,
2040-07-21,2040,6,13,false,六月,十三,庚申,猴,
2040-07-22,2040,6,14,false,六月,十四,庚申,猴,大暑
2040-07-23,2040,6,15,false,六月,十五,庚申,猴,
2040-07-24,2040,6,16,false,六月,十六,庚申,猴,
2040-07-25,2040,6,17,false,六月,十七,庚申,猴,
2040-07-26,2040,6,18,false,六月,十八,庚申,猴,
2040-07-27,2040,6,19,false,六月,十九,庚申,猴,
2040-07-28,2040,6,20,false,六月,二十,庚申,猴,
2040-07-29,2040,6,21,false,六月,廿一,庚申,猴,
2040-07-30,2040,6,22,false,六月,廿二,庚申,猴,
2040-07-31,2040,6,23,false,六月,廿三,庚申,猴,
2040-08-01,2040,6,24,false,六月,廿四,庚申,猴,
2040-08-02,2040,6,25,false,六月,廿五,庚申,猴,
2040-08-03,2040,6,26,false,六月,廿六,庚申,猴,
2040-08-04,2040,6,27,false,六月,廿七,庚申,猴,
2040-08-05,2040,6,28,false,六月,廿八,庚申,猴,
2040-08-06,2040,6,29,false,六月,廿九,庚申,猴,
2040-08-07,2040,6,30,false,六月,三十,庚申,猴,立秋
2040-08-08,2040,7,1,false,七月,初一,庚申,猴,
2040-08-09,2040,7,2,false,七月,初二,庚申,猴,
2040-08-10,2040,7,3,false,七月,初三,庚申,猴,
2040-08-11,2040,7,4,false,七月,初四,庚申,猴,
2040-08-12,2040,7,5,false,七月,初五,庚申,猴,
2040-08-13,2040,7,6,false,七月,初六,庚申,猴,
2040-08-14,2040,7,7,false,七月,初七,庚申,猴,
2040-08-15,2040,7,8,false,七月,初八,庚申,猴,
2040-08-16,2040,7,9,false,七月,初九,庚申,猴,
2040-08-17,2040,7,10,false,七月,初十,庚申,猴,
2040-08-18,2040,7,11,false,七月,十一,庚申,猴,
2040-08-19,2040,7,12,false,七月,十二,庚申,猴,
2040-08-20,2040,7,13,false,七月,十三,庚申,猴,
2040-08-21,2040,7,14,false,七月,十四,庚申,猴,
2040-08-22,2040,7,15,false,七月,十五,庚申,猴,處暑
2040-08-23,2040,7,16,false,七月,十六,庚申,猴,
2040-08-24,2040,7,17,false,七月,十七,庚申,猴,
2040-08-25,2040,7,18,false,七月,十八,庚申,猴,
2040-08-26,2040,7,19,false,七月,十九,庚申,猴,
2040-08-27,2040,7,20,false,七月,二十,庚申,猴,
2040-08-28,2040,7,21,false,七月,廿一,庚申,猴,
2040-08-29,2040,7,22,false,七月,廿二,庚申,猴,
2040-08-30,2040,7,23,false,七月,廿三,庚申,猴,
2040-08-31,2040,7,24,false,七月,廿四,庚申,猴,
2040-09-01,2040,7,25,false,七月,廿五,庚申,猴,
2040-09-02,2040,7,26,false,七月,廿六,庚申,猴,
2040-09-03,2040,7,27,false,七月,廿七,庚申,猴,
2040-09-04,2040,7,28,false,七月,廿八,庚申,猴,
2040-09-05,2040,7,29,false,七月,廿九,庚申,猴,
2040-09-06,2040,8,1,false,八月,初一,庚申,猴,
2040-09-07,2040,8,2,false,八月,初二,庚申,猴,白露
2040-09-08,2040,8,3,false,八月,初三,庚申,猴,
2040-09-09,2040,8,4,false,八月,初四,庚申,猴,
2040-09-10,2040,8,5,false,八月,初五,庚申,猴,
2040-09-11,2040,8,6,false,八月,初六,庚申,猴,
2040-09-12,2040,8,7,false,八月,初七,庚申,猴,
2040-09-13,2040,8,8,false,八月,初八,庚申,猴,
2040-09-14,2040,8,9,false,八月,初九,庚申,猴,
2040-09-15,2040,8,10,false,八月,初十,庚申,猴,
2040-09-16,2040,8,11,false,八月,十一,庚申,猴,
2040-09-17,2040,8,12,false,八月,十二,庚申,猴,
2040-09-18,2040,8,13,false,八月,十三,庚申,猴,
2040-09-19,2040,8,14,false,八月,十四,庚申,猴,
2040-09-20,2040,8,15,false,八月,十五,庚申,猴,
2040-09-21,2040,8,16,false,八月,十六,庚申,猴,
2040-09-22,2040,8,17,false,八月,十七,庚申,猴,秋分
2040-09-23,2040,8,18,false,八月,十八,庚申,猴,
2040-09-24,2040,8,19,false,八月,十九,庚申,猴,
2040-09-25,2040,8,20,false,八月,二十,庚申,猴,
2040-09-26,2040,8,21,false,八月,廿一,庚申,猴,
2040-09-27,2040,8,22,false,八月,廿二,庚申,猴,
2040-09-28,2040,8,23,false,八月,廿三,庚申,猴,
2040-09-29,2040,8,24,false,八月,廿四,庚申,猴,
2040-09-30,2040,8,25,false,八月,廿五,庚申,猴,
2040-10-01,2040,8,26,false,八月,廿六,庚申,猴,
2040-10-02,2040,8,27,false,八月,廿七,庚申,猴,
2040-10-03,2040,8,28,false,八月,廿八,庚申,猴,
2040-10-04,2040,8,29,false,八月,廿九,庚申,猴,
2040-10-05,2040,8,30,false,八月,三十,庚申,猴,
2040-10-06,2040,9,1,false,九月,初一,庚申,猴,
2040-10-07,2040,9,2,false,九月,初二,庚申,猴,
2040-10-08,2040,9,3,false,九月,初三,庚申,猴,寒露
2040-10-09,2040,9,4,false,九月,初四,庚申,猴,
2040-10-10,2040,9,5,false,九月,初五,庚申,猴,
2040-10-11,2040,9,6,false,九月,初六,庚申,猴,
2040-10-12,2040,9,7,false,九月,初七,庚申,猴,
2040-10-13,2040,9,8,false,九月,初八,庚申,猴,
2040-10-14,2040,9,9,false,九月,初九,庚申,猴,
2040-10-15,2040,9,10,false,九月,初十,庚申,猴,
2040-10-16,2040,9,11,false,九月,十一,庚申,猴,
2040-10-17,2040,9,12,false,九月,十二,庚申,猴,
2040-10-18,2040,9,13,false,九月,十三,庚申,猴,
2040-10-19,2040,9,14,false,九月,十四,庚申,猴,
2040-10-20,2040,9,15,false,九月,十五,庚申,猴,
2040-10-21,2040,9,16,false,九月,十六,庚申,猴,
2040-10-22,2040,9,17,false,九月,十七,庚申,猴,
2040-10-23,2040,9,18,false,九月,十八,庚申,猴,霜降
2040-10-24,2040,9,19,false,九月,十九,庚申,猴,
2040-10-25,2040,9,20,false,九月,二十,庚申,猴,
2040-10-26,2040,9,21,false,九月,廿一,庚申,猴,
2040-10-27,2040,9,22,false,九月,廿二,庚申,猴,
2040-10-28,2040,9,23,false,九月,廿三,庚申,猴,
2040-10-29,2040,9,24,false,九月,廿四,庚申,猴,
2040-10-30,2040,9,25,false,九月,廿五,庚申,猴,
2040-10-31,2040,9,26,false,九月,廿六,庚申,猴,
2040-11-01,2040,9,27,false,九月,廿七,庚申,猴,
2040-11-02,2040,9,28,false,九月,廿八,庚申,猴,
2040-11-03,2040,9,29,false,九月,廿九,庚申,猴,
2040-11-04,2040,9,30,false,九月,三十,庚申,猴,
2040-11-05,2040,10,1,false,十月,初一,庚申,猴,
2040-11-06,2040,10,2,false,十月,初二,庚申,猴,
2040-11-07,2040,10,3,false,十月,初三,庚申,猴,立冬
2040-11-08,2040,10,4,false,十月,初四,庚申,猴,
2040-11-09,2040,10,5,false,十月,初五,庚申,猴,
2040-11-10,2040,10,6,false,十月,初六,庚申,猴,
2040-11-11,2040,10,7,false,十月,初七,庚申,猴,
2040-11-12,2040,10,8,false,十月,初八,庚申,猴,
2040-11-13,2040,10,9,false,十月,初九,庚申,猴,
2040-11-14,2040,10,10,false,十月,初十,庚申,猴,
2040-11-15,2040,10,11,false,十月,十一,庚申,猴,
2040-11-16,2040,10,12,false,十月,十二,庚申,猴,
2040-11-17,2040,10,13,false,十月,十三,庚申,猴,
2040-11-18,2040,10,14,false,十月,十四,庚申,猴,
2040-11-19,2040,10,15,false,十月,十五,庚申,猴,
2040-11-20,2040,10,16,false,十月,十六,庚申,猴,
2040-11-21,2040,10,17,false,十月,十七,庚申,猴,
2040-11-22,2040,10,18,false,十月,十八,庚申,猴,小雪
2040-11-23,2040,10,19,false,十月,十九,庚申,猴,
2040-11-24,2040,10,20,false,十月,二十,庚申,猴,
2040-11-25,2040,10,21,false,十月,廿一,庚申,猴,
2040-11-26,2040,10,22,false,十月,廿二,庚申,猴,
2040-11-27,2040,10,23,false,十月,廿三,庚申,猴,
2040-11-28,2040,10,24,false,十月,廿四,庚申,猴,
2040-11-29,2040,10,25,false,十月,廿五,庚申,猴,
2040-11-30,2040,10,26,false,十月,廿六,庚申,猴,
2040-12-01,2040,10,27,false,十月,廿七,庚申,猴,
2040-12-02,2040,10,28,false,十月,廿八,庚申,猴,
2040-12-03,2040,10,29,false,十月,廿九,庚申,猴,
2040-12-04,2040,11,1,false,十一月,初一,庚申,猴,
2040-12-05,2040,11,2,false,十一月,初二,庚申,猴,
2040-12-06,2040,11,3,false,十一月,初三,庚申,猴,大雪
2040-12-07,2040,11,4,false,十一月,初四,庚申,猴,
2040-12-08,2040,11,5,false,十一月,初五,庚申,猴,
2040-12-09,2040,11,6,false,十一月,初六,庚申,猴,
2040-12-10,2040,11,7,false,十一月,初七,庚申,猴,
2040-12-11,2040,11,8,false,十一月,初八,庚申,猴,
2040-12-12,2040,11,9,false,十一月,初九,庚申,猴,
2040-12-13,2040,11,10,false,十一月,初十,庚申,猴,
2040-12-14,2040,11,11,false,十一月,十一,庚申,猴,
2040-12-15,2040,11,12,false,十一月,十二,庚申,猴,
2040-12-16,2040,11,13,false,十一月,十三,庚申,猴,
2040-12-17,2040,11,14,false,十一月,十四,庚申,猴,
2040-12-18,2040,11,15,false,十一月,十五,庚申,猴,
2040-12-19,2040,11,16,false,十一月,十六,庚申,猴,
2040-12-20,2040,11,17,false,十一月,十七,庚申,猴,
2040-12-21,2040,11,18,false,十一月,十八,庚申,猴,冬至
2040-12-22,2040,11,19,false,十一月,十九,庚申,猴,
2040-12-23,2040,11,20,false,十一月,二十,庚申,猴,
2040-12-24,2040,11,21,false,十一月,廿一,庚申,猴,
2040-12-25,2040,11,22,false,十一月,廿二,庚申,猴,
2040-12-26,2040,11,23,false,十一月,廿三,庚申,猴,
2040-12-27,2040,11,24,false,十一月,廿四,庚申,猴,
2040-12-28,2040,11,25,false,十一月,廿五,庚申,猴,
2040-12-29,2040,11,26,false,十一月,廿六,庚申,猴,
2040-12-30,2040,11,27,false,十一月,廿七,庚申,猴,
2040-12-31,2040,11,28,false,十一月,廿八,庚申,猴,
